[2026-02-15T01:31:24.921141Z] DRIVER_ERROR Token Guardian not running
[2026-02-15T01:41:26.656259Z] DRIVER_ERROR Token Guardian not running
[2026-02-15T01:41:55.792425Z] DRIVER_ERROR Token Guardian not running
[2026-02-15T01:41:55.792710Z] DRIVER_HALTED too many failures
[2026-02-15T01:42:36.992496Z] DRIVER_ERROR Token Guardian not running
/home/sparky/.openclaw/workspace/tokenguardian/tg-burnin-driver.py:39: DeprecationWarning: datetime.datetime.utcnow() is deprecated and scheduled for removal in a future version. Use timezone-aware objects to represent datetimes in UTC: datetime.datetime.now(datetime.UTC).
  ts = datetime.utcnow().isoformat() + "Z"
[2026-02-15T01:50:01.700004Z] DRIVER_STARTED interval=600s
/home/sparky/.openclaw/workspace/tokenguardian/tg-burnin-driver.py:39: DeprecationWarning: datetime.datetime.utcnow() is deprecated and scheduled for removal in a future version. Use timezone-aware objects to represent datetimes in UTC: datetime.datetime.now(datetime.UTC).
  ts = datetime.utcnow().isoformat() + "Z"
[2026-02-15T01:50:01.720271Z] DRIVER_ERROR Token Guardian not running
/home/sparky/.openclaw/workspace/tokenguardian/tg-burnin-driver.py:166: DeprecationWarning: datetime.datetime.utcnow() is deprecated and scheduled for removal in a future version. Use timezone-aware objects to represent datetimes in UTC: datetime.datetime.now(datetime.UTC).
  status["last_run"] = datetime.utcnow().isoformat()
[2026-02-15T01:50:01.700004Z] DRIVER_STARTED interval=600s
[2026-02-15T01:50:01.720271Z] DRIVER_ERROR Token Guardian not running
Traceback (most recent call last):
  File "/home/sparky/.openclaw/workspace/tokenguardian/tg-burnin-driver.py", line 216, in <module>
    main()
  File "/home/sparky/.openclaw/workspace/tokenguardian/tg-burnin-driver.py", line 211, in main
    run_driver(args)
  File "/home/sparky/.openclaw/workspace/tokenguardian/tg-burnin-driver.py", line 196, in run_driver
    release_lock(lock)
  File "/home/sparky/.openclaw/workspace/tokenguardian/tg-burnin-driver.py", line 76, in release_lock
    fcntl.flock(lockfile.fileno(), fcntl.LOCK_UN)
    ^^^^^
NameError: name 'fcntl' is not defined. Did you forget to import 'fcntl'?
/home/sparky/.openclaw/workspace/tokenguardian/tg-burnin-driver.py:39: DeprecationWarning: datetime.datetime.utcnow() is deprecated and scheduled for removal in a future version. Use timezone-aware objects to represent datetimes in UTC: datetime.datetime.now(datetime.UTC).
  ts = datetime.utcnow().isoformat() + "Z"
[2026-02-15T02:00:02.229672Z] DRIVER_STARTED interval=600s
/home/sparky/.openclaw/workspace/tokenguardian/tg-burnin-driver.py:39: DeprecationWarning: datetime.datetime.utcnow() is deprecated and scheduled for removal in a future version. Use timezone-aware objects to represent datetimes in UTC: datetime.datetime.now(datetime.UTC).
  ts = datetime.utcnow().isoformat() + "Z"
[2026-02-15T02:00:02.292542Z] DRIVER_ERROR Token Guardian not running
/home/sparky/.openclaw/workspace/tokenguardian/tg-burnin-driver.py:166: DeprecationWarning: datetime.datetime.utcnow() is deprecated and scheduled for removal in a future version. Use timezone-aware objects to represent datetimes in UTC: datetime.datetime.now(datetime.UTC).
  status["last_run"] = datetime.utcnow().isoformat()
[2026-02-15T02:00:02.292723Z] DRIVER_HALTED too many failures
[2026-02-15T02:00:02.229672Z] DRIVER_STARTED interval=600s
[2026-02-15T02:00:02.292542Z] DRIVER_ERROR Token Guardian not running
[2026-02-15T02:00:02.292723Z] DRIVER_HALTED too many failures
Traceback (most recent call last):
  File "/home/sparky/.openclaw/workspace/tokenguardian/tg-burnin-driver.py", line 216, in <module>
    main()
  File "/home/sparky/.openclaw/workspace/tokenguardian/tg-burnin-driver.py", line 211, in main
    run_driver(args)
  File "/home/sparky/.openclaw/workspace/tokenguardian/tg-burnin-driver.py", line 196, in run_driver
    release_lock(lock)
  File "/home/sparky/.openclaw/workspace/tokenguardian/tg-burnin-driver.py", line 76, in release_lock
    fcntl.flock(lockfile.fileno(), fcntl.LOCK_UN)
    ^^^^^
NameError: name 'fcntl' is not defined. Did you forget to import 'fcntl'?
[2026-02-15T02:02:55.914573Z] DRIVER_HALTED too many failures
[2026-02-15T02:02:58.370835Z] DRIVER_ERROR Token Guardian not running
[2026-02-15T02:03:06.350274Z] DRIVER_ERROR Token Guardian not running
[2026-02-15T02:03:50.355849Z] DRIVER_PROBE_SENT ts=2026-02-15T02:03:50.355810Z lane=main nonce=20260215T020341Z_aa3392f9
[2026-02-15T02:03:50.356317Z] DRIVER_SUCCESS runs=1 lane=main
/home/sparky/.openclaw/workspace/tokenguardian/tg-burnin-driver.py:39: DeprecationWarning: datetime.datetime.utcnow() is deprecated and scheduled for removal in a future version. Use timezone-aware objects to represent datetimes in UTC: datetime.datetime.now(datetime.UTC).
  ts = datetime.utcnow().isoformat() + "Z"
[2026-02-15T02:10:01.804360Z] DRIVER_STARTED interval=600s
/home/sparky/.openclaw/workspace/tokenguardian/tg-burnin-driver.py:39: DeprecationWarning: datetime.datetime.utcnow() is deprecated and scheduled for removal in a future version. Use timezone-aware objects to represent datetimes in UTC: datetime.datetime.now(datetime.UTC).
  ts = datetime.utcnow().isoformat() + "Z"
[2026-02-15T02:10:01.835705Z] DRIVER_ERROR Token Guardian not running
/home/sparky/.openclaw/workspace/tokenguardian/tg-burnin-driver.py:166: DeprecationWarning: datetime.datetime.utcnow() is deprecated and scheduled for removal in a future version. Use timezone-aware objects to represent datetimes in UTC: datetime.datetime.now(datetime.UTC).
  status["last_run"] = datetime.utcnow().isoformat()
[2026-02-15T02:10:01.804360Z] DRIVER_STARTED interval=600s
[2026-02-15T02:10:01.835705Z] DRIVER_ERROR Token Guardian not running
Traceback (most recent call last):
  File "/home/sparky/.openclaw/workspace/tokenguardian/tg-burnin-driver.py", line 216, in <module>
    main()
  File "/home/sparky/.openclaw/workspace/tokenguardian/tg-burnin-driver.py", line 211, in main
    run_driver(args)
  File "/home/sparky/.openclaw/workspace/tokenguardian/tg-burnin-driver.py", line 196, in run_driver
    release_lock(lock)
  File "/home/sparky/.openclaw/workspace/tokenguardian/tg-burnin-driver.py", line 76, in release_lock
    fcntl.flock(lockfile.fileno(), fcntl.LOCK_UN)
    ^^^^^
NameError: name 'fcntl' is not defined. Did you forget to import 'fcntl'?
/home/sparky/.openclaw/workspace/tokenguardian/tg-burnin-driver.py:39: DeprecationWarning: datetime.datetime.utcnow() is deprecated and scheduled for removal in a future version. Use timezone-aware objects to represent datetimes in UTC: datetime.datetime.now(datetime.UTC).
  ts = datetime.utcnow().isoformat() + "Z"
[2026-02-15T02:20:01.225262Z] DRIVER_STARTED interval=600s
/home/sparky/.openclaw/workspace/tokenguardian/tg-burnin-driver.py:39: DeprecationWarning: datetime.datetime.utcnow() is deprecated and scheduled for removal in a future version. Use timezone-aware objects to represent datetimes in UTC: datetime.datetime.now(datetime.UTC).
  ts = datetime.utcnow().isoformat() + "Z"
[2026-02-15T02:20:01.245681Z] DRIVER_ERROR Token Guardian not running
/home/sparky/.openclaw/workspace/tokenguardian/tg-burnin-driver.py:166: DeprecationWarning: datetime.datetime.utcnow() is deprecated and scheduled for removal in a future version. Use timezone-aware objects to represent datetimes in UTC: datetime.datetime.now(datetime.UTC).
  status["last_run"] = datetime.utcnow().isoformat()
[2026-02-15T02:20:01.225262Z] DRIVER_STARTED interval=600s
[2026-02-15T02:20:01.245681Z] DRIVER_ERROR Token Guardian not running
Traceback (most recent call last):
  File "/home/sparky/.openclaw/workspace/tokenguardian/tg-burnin-driver.py", line 216, in <module>
    main()
  File "/home/sparky/.openclaw/workspace/tokenguardian/tg-burnin-driver.py", line 211, in main
    run_driver(args)
  File "/home/sparky/.openclaw/workspace/tokenguardian/tg-burnin-driver.py", line 196, in run_driver
    release_lock(lock)
  File "/home/sparky/.openclaw/workspace/tokenguardian/tg-burnin-driver.py", line 76, in release_lock
    fcntl.flock(lockfile.fileno(), fcntl.LOCK_UN)
    ^^^^^
NameError: name 'fcntl' is not defined. Did you forget to import 'fcntl'?
/home/sparky/.openclaw/workspace/tokenguardian/tg-burnin-driver.py:39: DeprecationWarning: datetime.datetime.utcnow() is deprecated and scheduled for removal in a future version. Use timezone-aware objects to represent datetimes in UTC: datetime.datetime.now(datetime.UTC).
  ts = datetime.utcnow().isoformat() + "Z"
[2026-02-15T02:30:01.525411Z] DRIVER_STARTED interval=600s
/home/sparky/.openclaw/workspace/tokenguardian/tg-burnin-driver.py:39: DeprecationWarning: datetime.datetime.utcnow() is deprecated and scheduled for removal in a future version. Use timezone-aware objects to represent datetimes in UTC: datetime.datetime.now(datetime.UTC).
  ts = datetime.utcnow().isoformat() + "Z"
[2026-02-15T02:30:01.551217Z] DRIVER_ERROR Token Guardian not running
/home/sparky/.openclaw/workspace/tokenguardian/tg-burnin-driver.py:166: DeprecationWarning: datetime.datetime.utcnow() is deprecated and scheduled for removal in a future version. Use timezone-aware objects to represent datetimes in UTC: datetime.datetime.now(datetime.UTC).
  status["last_run"] = datetime.utcnow().isoformat()
[2026-02-15T02:30:01.551380Z] DRIVER_HALTED too many failures
[2026-02-15T02:30:01.525411Z] DRIVER_STARTED interval=600s
[2026-02-15T02:30:01.551217Z] DRIVER_ERROR Token Guardian not running
[2026-02-15T02:30:01.551380Z] DRIVER_HALTED too many failures
Traceback (most recent call last):
  File "/home/sparky/.openclaw/workspace/tokenguardian/tg-burnin-driver.py", line 216, in <module>
    main()
  File "/home/sparky/.openclaw/workspace/tokenguardian/tg-burnin-driver.py", line 211, in main
    run_driver(args)
  File "/home/sparky/.openclaw/workspace/tokenguardian/tg-burnin-driver.py", line 196, in run_driver
    release_lock(lock)
  File "/home/sparky/.openclaw/workspace/tokenguardian/tg-burnin-driver.py", line 76, in release_lock
    fcntl.flock(lockfile.fileno(), fcntl.LOCK_UN)
    ^^^^^
NameError: name 'fcntl' is not defined. Did you forget to import 'fcntl'?
/home/sparky/.openclaw/workspace/tokenguardian/tg-burnin-driver.py:39: DeprecationWarning: datetime.datetime.utcnow() is deprecated and scheduled for removal in a future version. Use timezone-aware objects to represent datetimes in UTC: datetime.datetime.now(datetime.UTC).
  ts = datetime.utcnow().isoformat() + "Z"
[2026-02-15T02:40:01.990459Z] DRIVER_STARTED interval=600s
[2026-02-15T02:40:01.990977Z] DRIVER_HALTED too many failures
[2026-02-15T02:40:01.990459Z] DRIVER_STARTED interval=600s
[2026-02-15T02:40:01.990977Z] DRIVER_HALTED too many failures
Traceback (most recent call last):
  File "/home/sparky/.openclaw/workspace/tokenguardian/tg-burnin-driver.py", line 216, in <module>
    main()
  File "/home/sparky/.openclaw/workspace/tokenguardian/tg-burnin-driver.py", line 211, in main
    run_driver(args)
  File "/home/sparky/.openclaw/workspace/tokenguardian/tg-burnin-driver.py", line 196, in run_driver
    release_lock(lock)
  File "/home/sparky/.openclaw/workspace/tokenguardian/tg-burnin-driver.py", line 76, in release_lock
    fcntl.flock(lockfile.fileno(), fcntl.LOCK_UN)
    ^^^^^
NameError: name 'fcntl' is not defined. Did you forget to import 'fcntl'?
/home/sparky/.openclaw/workspace/tokenguardian/tg-burnin-driver.py:39: DeprecationWarning: datetime.datetime.utcnow() is deprecated and scheduled for removal in a future version. Use timezone-aware objects to represent datetimes in UTC: datetime.datetime.now(datetime.UTC).
  ts = datetime.utcnow().isoformat() + "Z"
[2026-02-15T02:50:01.343781Z] DRIVER_STARTED interval=600s
[2026-02-15T02:50:01.344143Z] DRIVER_HALTED too many failures
[2026-02-15T02:50:01.343781Z] DRIVER_STARTED interval=600s
[2026-02-15T02:50:01.344143Z] DRIVER_HALTED too many failures
Traceback (most recent call last):
  File "/home/sparky/.openclaw/workspace/tokenguardian/tg-burnin-driver.py", line 216, in <module>
    main()
  File "/home/sparky/.openclaw/workspace/tokenguardian/tg-burnin-driver.py", line 211, in main
    run_driver(args)
  File "/home/sparky/.openclaw/workspace/tokenguardian/tg-burnin-driver.py", line 196, in run_driver
    release_lock(lock)
  File "/home/sparky/.openclaw/workspace/tokenguardian/tg-burnin-driver.py", line 76, in release_lock
    fcntl.flock(lockfile.fileno(), fcntl.LOCK_UN)
    ^^^^^
NameError: name 'fcntl' is not defined. Did you forget to import 'fcntl'?
/home/sparky/.openclaw/workspace/tokenguardian/tg-burnin-driver.py:39: DeprecationWarning: datetime.datetime.utcnow() is deprecated and scheduled for removal in a future version. Use timezone-aware objects to represent datetimes in UTC: datetime.datetime.now(datetime.UTC).
  ts = datetime.utcnow().isoformat() + "Z"
[2026-02-15T03:00:01.628452Z] DRIVER_STARTED interval=600s
[2026-02-15T03:00:01.628895Z] DRIVER_HALTED too many failures
[2026-02-15T03:00:01.628452Z] DRIVER_STARTED interval=600s
[2026-02-15T03:00:01.628895Z] DRIVER_HALTED too many failures
Traceback (most recent call last):
  File "/home/sparky/.openclaw/workspace/tokenguardian/tg-burnin-driver.py", line 216, in <module>
    main()
  File "/home/sparky/.openclaw/workspace/tokenguardian/tg-burnin-driver.py", line 211, in main
    run_driver(args)
  File "/home/sparky/.openclaw/workspace/tokenguardian/tg-burnin-driver.py", line 196, in run_driver
    release_lock(lock)
  File "/home/sparky/.openclaw/workspace/tokenguardian/tg-burnin-driver.py", line 76, in release_lock
    fcntl.flock(lockfile.fileno(), fcntl.LOCK_UN)
    ^^^^^
NameError: name 'fcntl' is not defined. Did you forget to import 'fcntl'?
/home/sparky/.openclaw/workspace/tokenguardian/tg-burnin-driver.py:39: DeprecationWarning: datetime.datetime.utcnow() is deprecated and scheduled for removal in a future version. Use timezone-aware objects to represent datetimes in UTC: datetime.datetime.now(datetime.UTC).
  ts = datetime.utcnow().isoformat() + "Z"
[2026-02-15T03:10:02.026025Z] DRIVER_STARTED interval=600s
[2026-02-15T03:10:02.026610Z] DRIVER_HALTED too many failures
[2026-02-15T03:10:02.026025Z] DRIVER_STARTED interval=600s
[2026-02-15T03:10:02.026610Z] DRIVER_HALTED too many failures
Traceback (most recent call last):
  File "/home/sparky/.openclaw/workspace/tokenguardian/tg-burnin-driver.py", line 216, in <module>
    main()
  File "/home/sparky/.openclaw/workspace/tokenguardian/tg-burnin-driver.py", line 211, in main
    run_driver(args)
  File "/home/sparky/.openclaw/workspace/tokenguardian/tg-burnin-driver.py", line 196, in run_driver
    release_lock(lock)
  File "/home/sparky/.openclaw/workspace/tokenguardian/tg-burnin-driver.py", line 76, in release_lock
    fcntl.flock(lockfile.fileno(), fcntl.LOCK_UN)
    ^^^^^
NameError: name 'fcntl' is not defined. Did you forget to import 'fcntl'?
/home/sparky/.openclaw/workspace/tokenguardian/tg-burnin-driver.py:39: DeprecationWarning: datetime.datetime.utcnow() is deprecated and scheduled for removal in a future version. Use timezone-aware objects to represent datetimes in UTC: datetime.datetime.now(datetime.UTC).
  ts = datetime.utcnow().isoformat() + "Z"
[2026-02-15T03:20:01.327894Z] DRIVER_STARTED interval=600s
[2026-02-15T03:20:01.328265Z] DRIVER_HALTED too many failures
[2026-02-15T03:20:01.327894Z] DRIVER_STARTED interval=600s
[2026-02-15T03:20:01.328265Z] DRIVER_HALTED too many failures
Traceback (most recent call last):
  File "/home/sparky/.openclaw/workspace/tokenguardian/tg-burnin-driver.py", line 216, in <module>
    main()
  File "/home/sparky/.openclaw/workspace/tokenguardian/tg-burnin-driver.py", line 211, in main
    run_driver(args)
  File "/home/sparky/.openclaw/workspace/tokenguardian/tg-burnin-driver.py", line 196, in run_driver
    release_lock(lock)
  File "/home/sparky/.openclaw/workspace/tokenguardian/tg-burnin-driver.py", line 76, in release_lock
    fcntl.flock(lockfile.fileno(), fcntl.LOCK_UN)
    ^^^^^
NameError: name 'fcntl' is not defined. Did you forget to import 'fcntl'?
/home/sparky/.openclaw/workspace/tokenguardian/tg-burnin-driver.py:39: DeprecationWarning: datetime.datetime.utcnow() is deprecated and scheduled for removal in a future version. Use timezone-aware objects to represent datetimes in UTC: datetime.datetime.now(datetime.UTC).
  ts = datetime.utcnow().isoformat() + "Z"
[2026-02-15T03:30:01.591424Z] DRIVER_STARTED interval=600s
[2026-02-15T03:30:01.591895Z] DRIVER_HALTED too many failures
[2026-02-15T03:30:01.591424Z] DRIVER_STARTED interval=600s
[2026-02-15T03:30:01.591895Z] DRIVER_HALTED too many failures
Traceback (most recent call last):
  File "/home/sparky/.openclaw/workspace/tokenguardian/tg-burnin-driver.py", line 216, in <module>
    main()
  File "/home/sparky/.openclaw/workspace/tokenguardian/tg-burnin-driver.py", line 211, in main
    run_driver(args)
  File "/home/sparky/.openclaw/workspace/tokenguardian/tg-burnin-driver.py", line 196, in run_driver
    release_lock(lock)
  File "/home/sparky/.openclaw/workspace/tokenguardian/tg-burnin-driver.py", line 76, in release_lock
    fcntl.flock(lockfile.fileno(), fcntl.LOCK_UN)
    ^^^^^
NameError: name 'fcntl' is not defined. Did you forget to import 'fcntl'?
/home/sparky/.openclaw/workspace/tokenguardian/tg-burnin-driver.py:39: DeprecationWarning: datetime.datetime.utcnow() is deprecated and scheduled for removal in a future version. Use timezone-aware objects to represent datetimes in UTC: datetime.datetime.now(datetime.UTC).
  ts = datetime.utcnow().isoformat() + "Z"
[2026-02-15T03:40:01.984888Z] DRIVER_STARTED interval=600s
[2026-02-15T03:40:01.985344Z] DRIVER_HALTED too many failures
[2026-02-15T03:40:01.984888Z] DRIVER_STARTED interval=600s
[2026-02-15T03:40:01.985344Z] DRIVER_HALTED too many failures
Traceback (most recent call last):
  File "/home/sparky/.openclaw/workspace/tokenguardian/tg-burnin-driver.py", line 216, in <module>
    main()
  File "/home/sparky/.openclaw/workspace/tokenguardian/tg-burnin-driver.py", line 211, in main
    run_driver(args)
  File "/home/sparky/.openclaw/workspace/tokenguardian/tg-burnin-driver.py", line 196, in run_driver
    release_lock(lock)
  File "/home/sparky/.openclaw/workspace/tokenguardian/tg-burnin-driver.py", line 76, in release_lock
    fcntl.flock(lockfile.fileno(), fcntl.LOCK_UN)
    ^^^^^
NameError: name 'fcntl' is not defined. Did you forget to import 'fcntl'?
/home/sparky/.openclaw/workspace/tokenguardian/tg-burnin-driver.py:39: DeprecationWarning: datetime.datetime.utcnow() is deprecated and scheduled for removal in a future version. Use timezone-aware objects to represent datetimes in UTC: datetime.datetime.now(datetime.UTC).
  ts = datetime.utcnow().isoformat() + "Z"
[2026-02-15T03:50:01.355631Z] DRIVER_STARTED interval=600s
[2026-02-15T03:50:01.356053Z] DRIVER_HALTED too many failures
[2026-02-15T03:50:01.355631Z] DRIVER_STARTED interval=600s
[2026-02-15T03:50:01.356053Z] DRIVER_HALTED too many failures
Traceback (most recent call last):
  File "/home/sparky/.openclaw/workspace/tokenguardian/tg-burnin-driver.py", line 216, in <module>
    main()
  File "/home/sparky/.openclaw/workspace/tokenguardian/tg-burnin-driver.py", line 211, in main
    run_driver(args)
  File "/home/sparky/.openclaw/workspace/tokenguardian/tg-burnin-driver.py", line 196, in run_driver
    release_lock(lock)
  File "/home/sparky/.openclaw/workspace/tokenguardian/tg-burnin-driver.py", line 76, in release_lock
    fcntl.flock(lockfile.fileno(), fcntl.LOCK_UN)
    ^^^^^
NameError: name 'fcntl' is not defined. Did you forget to import 'fcntl'?
/home/sparky/.openclaw/workspace/tokenguardian/tg-burnin-driver.py:39: DeprecationWarning: datetime.datetime.utcnow() is deprecated and scheduled for removal in a future version. Use timezone-aware objects to represent datetimes in UTC: datetime.datetime.now(datetime.UTC).
  ts = datetime.utcnow().isoformat() + "Z"
[2026-02-15T04:00:01.656690Z] DRIVER_STARTED interval=600s
[2026-02-15T04:00:01.657330Z] DRIVER_HALTED too many failures
[2026-02-15T04:00:01.656690Z] DRIVER_STARTED interval=600s
[2026-02-15T04:00:01.657330Z] DRIVER_HALTED too many failures
Traceback (most recent call last):
  File "/home/sparky/.openclaw/workspace/tokenguardian/tg-burnin-driver.py", line 216, in <module>
    main()
  File "/home/sparky/.openclaw/workspace/tokenguardian/tg-burnin-driver.py", line 211, in main
    run_driver(args)
  File "/home/sparky/.openclaw/workspace/tokenguardian/tg-burnin-driver.py", line 196, in run_driver
    release_lock(lock)
  File "/home/sparky/.openclaw/workspace/tokenguardian/tg-burnin-driver.py", line 76, in release_lock
    fcntl.flock(lockfile.fileno(), fcntl.LOCK_UN)
    ^^^^^
NameError: name 'fcntl' is not defined. Did you forget to import 'fcntl'?
/home/sparky/.openclaw/workspace/tokenguardian/tg-burnin-driver.py:39: DeprecationWarning: datetime.datetime.utcnow() is deprecated and scheduled for removal in a future version. Use timezone-aware objects to represent datetimes in UTC: datetime.datetime.now(datetime.UTC).
  ts = datetime.utcnow().isoformat() + "Z"
[2026-02-15T04:10:02.098691Z] DRIVER_STARTED interval=600s
[2026-02-15T04:10:02.099388Z] DRIVER_HALTED too many failures
[2026-02-15T04:10:02.098691Z] DRIVER_STARTED interval=600s
[2026-02-15T04:10:02.099388Z] DRIVER_HALTED too many failures
Traceback (most recent call last):
  File "/home/sparky/.openclaw/workspace/tokenguardian/tg-burnin-driver.py", line 216, in <module>
    main()
  File "/home/sparky/.openclaw/workspace/tokenguardian/tg-burnin-driver.py", line 211, in main
    run_driver(args)
  File "/home/sparky/.openclaw/workspace/tokenguardian/tg-burnin-driver.py", line 196, in run_driver
    release_lock(lock)
  File "/home/sparky/.openclaw/workspace/tokenguardian/tg-burnin-driver.py", line 76, in release_lock
    fcntl.flock(lockfile.fileno(), fcntl.LOCK_UN)
    ^^^^^
NameError: name 'fcntl' is not defined. Did you forget to import 'fcntl'?
[2026-02-15T04:16:03.477709Z] DRIVER_PROBE_SENT ts=2026-02-15T04:16:03.477672Z lane=main nonce=20260215T041554Z_85d8d4a6
[2026-02-15T04:16:03.478114Z] DRIVER_SUCCESS runs=1 lane=main
/home/sparky/.openclaw/workspace/tokenguardian/tg-burnin-driver.py:39: DeprecationWarning: datetime.datetime.utcnow() is deprecated and scheduled for removal in a future version. Use timezone-aware objects to represent datetimes in UTC: datetime.datetime.now(datetime.UTC).
  ts = datetime.utcnow().isoformat() + "Z"
[2026-02-15T04:20:01.487584Z] DRIVER_STARTED interval=600s
/home/sparky/.openclaw/workspace/tokenguardian/tg-burnin-driver.py:82: DeprecationWarning: datetime.datetime.utcnow() is deprecated and scheduled for removal in a future version. Use timezone-aware objects to represent datetimes in UTC: datetime.datetime.now(datetime.UTC).
  nonce = f"{datetime.utcnow().strftime('%Y%m%dT%H%M%SZ')}_{uuid4().hex[:8]}"
/home/sparky/.openclaw/workspace/tokenguardian/tg-burnin-driver.py:101: DeprecationWarning: datetime.datetime.utcnow() is deprecated and scheduled for removal in a future version. Use timezone-aware objects to represent datetimes in UTC: datetime.datetime.now(datetime.UTC).
  log(f"DRIVER_PROBE_SENT ts={datetime.utcnow().isoformat()}Z lane={lane_type} nonce={nonce}")
/home/sparky/.openclaw/workspace/tokenguardian/tg-burnin-driver.py:39: DeprecationWarning: datetime.datetime.utcnow() is deprecated and scheduled for removal in a future version. Use timezone-aware objects to represent datetimes in UTC: datetime.datetime.now(datetime.UTC).
  ts = datetime.utcnow().isoformat() + "Z"
[2026-02-15T04:20:12.550294Z] DRIVER_PROBE_SENT ts=2026-02-15T04:20:12.550251Z lane=session nonce=20260215T042001Z_a3e59a0d
/home/sparky/.openclaw/workspace/tokenguardian/tg-burnin-driver.py:185: DeprecationWarning: datetime.datetime.utcnow() is deprecated and scheduled for removal in a future version. Use timezone-aware objects to represent datetimes in UTC: datetime.datetime.now(datetime.UTC).
  status["last_run"] = datetime.utcnow().isoformat()
[2026-02-15T04:20:12.550796Z] DRIVER_SUCCESS runs=2 lane=session
[2026-02-15T04:20:01.487584Z] DRIVER_STARTED interval=600s
[2026-02-15T04:20:12.550294Z] DRIVER_PROBE_SENT ts=2026-02-15T04:20:12.550251Z lane=session nonce=20260215T042001Z_a3e59a0d
[2026-02-15T04:20:12.550796Z] DRIVER_SUCCESS runs=2 lane=session
Traceback (most recent call last):
  File "/home/sparky/.openclaw/workspace/tokenguardian/tg-burnin-driver.py", line 218, in <module>
    main()
  File "/home/sparky/.openclaw/workspace/tokenguardian/tg-burnin-driver.py", line 213, in main
    run_driver(args)
  File "/home/sparky/.openclaw/workspace/tokenguardian/tg-burnin-driver.py", line 198, in run_driver
    release_lock(lock)
  File "/home/sparky/.openclaw/workspace/tokenguardian/tg-burnin-driver.py", line 76, in release_lock
    fcntl.flock(lockfile.fileno(), fcntl.LOCK_UN)
    ^^^^^
NameError: name 'fcntl' is not defined. Did you forget to import 'fcntl'?
/home/sparky/.openclaw/workspace/tokenguardian/tg-burnin-driver.py:39: DeprecationWarning: datetime.datetime.utcnow() is deprecated and scheduled for removal in a future version. Use timezone-aware objects to represent datetimes in UTC: datetime.datetime.now(datetime.UTC).
  ts = datetime.utcnow().isoformat() + "Z"
[2026-02-15T04:30:01.879244Z] DRIVER_STARTED interval=600s
/home/sparky/.openclaw/workspace/tokenguardian/tg-burnin-driver.py:82: DeprecationWarning: datetime.datetime.utcnow() is deprecated and scheduled for removal in a future version. Use timezone-aware objects to represent datetimes in UTC: datetime.datetime.now(datetime.UTC).
  nonce = f"{datetime.utcnow().strftime('%Y%m%dT%H%M%SZ')}_{uuid4().hex[:8]}"
/home/sparky/.openclaw/workspace/tokenguardian/tg-burnin-driver.py:101: DeprecationWarning: datetime.datetime.utcnow() is deprecated and scheduled for removal in a future version. Use timezone-aware objects to represent datetimes in UTC: datetime.datetime.now(datetime.UTC).
  log(f"DRIVER_PROBE_SENT ts={datetime.utcnow().isoformat()}Z lane={lane_type} nonce={nonce}")
/home/sparky/.openclaw/workspace/tokenguardian/tg-burnin-driver.py:39: DeprecationWarning: datetime.datetime.utcnow() is deprecated and scheduled for removal in a future version. Use timezone-aware objects to represent datetimes in UTC: datetime.datetime.now(datetime.UTC).
  ts = datetime.utcnow().isoformat() + "Z"
[2026-02-15T04:30:14.185550Z] DRIVER_PROBE_SENT ts=2026-02-15T04:30:14.185508Z lane=main nonce=20260215T043001Z_22bd0d1a
/home/sparky/.openclaw/workspace/tokenguardian/tg-burnin-driver.py:185: DeprecationWarning: datetime.datetime.utcnow() is deprecated and scheduled for removal in a future version. Use timezone-aware objects to represent datetimes in UTC: datetime.datetime.now(datetime.UTC).
  status["last_run"] = datetime.utcnow().isoformat()
[2026-02-15T04:30:14.186631Z] DRIVER_SUCCESS runs=3 lane=main
[2026-02-15T04:30:01.879244Z] DRIVER_STARTED interval=600s
[2026-02-15T04:30:14.185550Z] DRIVER_PROBE_SENT ts=2026-02-15T04:30:14.185508Z lane=main nonce=20260215T043001Z_22bd0d1a
[2026-02-15T04:30:14.186631Z] DRIVER_SUCCESS runs=3 lane=main
Traceback (most recent call last):
  File "/home/sparky/.openclaw/workspace/tokenguardian/tg-burnin-driver.py", line 218, in <module>
    main()
  File "/home/sparky/.openclaw/workspace/tokenguardian/tg-burnin-driver.py", line 213, in main
    run_driver(args)
  File "/home/sparky/.openclaw/workspace/tokenguardian/tg-burnin-driver.py", line 198, in run_driver
    release_lock(lock)
  File "/home/sparky/.openclaw/workspace/tokenguardian/tg-burnin-driver.py", line 76, in release_lock
    fcntl.flock(lockfile.fileno(), fcntl.LOCK_UN)
    ^^^^^
NameError: name 'fcntl' is not defined. Did you forget to import 'fcntl'?
/home/sparky/.openclaw/workspace/tokenguardian/tg-burnin-driver.py:39: DeprecationWarning: datetime.datetime.utcnow() is deprecated and scheduled for removal in a future version. Use timezone-aware objects to represent datetimes in UTC: datetime.datetime.now(datetime.UTC).
  ts = datetime.utcnow().isoformat() + "Z"
[2026-02-15T04:40:01.506404Z] DRIVER_STARTED interval=600s
/home/sparky/.openclaw/workspace/tokenguardian/tg-burnin-driver.py:82: DeprecationWarning: datetime.datetime.utcnow() is deprecated and scheduled for removal in a future version. Use timezone-aware objects to represent datetimes in UTC: datetime.datetime.now(datetime.UTC).
  nonce = f"{datetime.utcnow().strftime('%Y%m%dT%H%M%SZ')}_{uuid4().hex[:8]}"
/home/sparky/.openclaw/workspace/tokenguardian/tg-burnin-driver.py:101: DeprecationWarning: datetime.datetime.utcnow() is deprecated and scheduled for removal in a future version. Use timezone-aware objects to represent datetimes in UTC: datetime.datetime.now(datetime.UTC).
  log(f"DRIVER_PROBE_SENT ts={datetime.utcnow().isoformat()}Z lane={lane_type} nonce={nonce}")
/home/sparky/.openclaw/workspace/tokenguardian/tg-burnin-driver.py:39: DeprecationWarning: datetime.datetime.utcnow() is deprecated and scheduled for removal in a future version. Use timezone-aware objects to represent datetimes in UTC: datetime.datetime.now(datetime.UTC).
  ts = datetime.utcnow().isoformat() + "Z"
[2026-02-15T04:40:13.407871Z] DRIVER_PROBE_SENT ts=2026-02-15T04:40:13.407811Z lane=session nonce=20260215T044001Z_fac5fb4f
/home/sparky/.openclaw/workspace/tokenguardian/tg-burnin-driver.py:185: DeprecationWarning: datetime.datetime.utcnow() is deprecated and scheduled for removal in a future version. Use timezone-aware objects to represent datetimes in UTC: datetime.datetime.now(datetime.UTC).
  status["last_run"] = datetime.utcnow().isoformat()
[2026-02-15T04:40:13.408429Z] DRIVER_SUCCESS runs=4 lane=session
[2026-02-15T04:40:01.506404Z] DRIVER_STARTED interval=600s
[2026-02-15T04:40:13.407871Z] DRIVER_PROBE_SENT ts=2026-02-15T04:40:13.407811Z lane=session nonce=20260215T044001Z_fac5fb4f
[2026-02-15T04:40:13.408429Z] DRIVER_SUCCESS runs=4 lane=session
Traceback (most recent call last):
  File "/home/sparky/.openclaw/workspace/tokenguardian/tg-burnin-driver.py", line 218, in <module>
    main()
  File "/home/sparky/.openclaw/workspace/tokenguardian/tg-burnin-driver.py", line 213, in main
    run_driver(args)
  File "/home/sparky/.openclaw/workspace/tokenguardian/tg-burnin-driver.py", line 198, in run_driver
    release_lock(lock)
  File "/home/sparky/.openclaw/workspace/tokenguardian/tg-burnin-driver.py", line 76, in release_lock
    fcntl.flock(lockfile.fileno(), fcntl.LOCK_UN)
    ^^^^^
NameError: name 'fcntl' is not defined. Did you forget to import 'fcntl'?
/home/sparky/.openclaw/workspace/tokenguardian/tg-burnin-driver.py:39: DeprecationWarning: datetime.datetime.utcnow() is deprecated and scheduled for removal in a future version. Use timezone-aware objects to represent datetimes in UTC: datetime.datetime.now(datetime.UTC).
  ts = datetime.utcnow().isoformat() + "Z"
[2026-02-15T04:50:01.743799Z] DRIVER_STARTED interval=600s
/home/sparky/.openclaw/workspace/tokenguardian/tg-burnin-driver.py:82: DeprecationWarning: datetime.datetime.utcnow() is deprecated and scheduled for removal in a future version. Use timezone-aware objects to represent datetimes in UTC: datetime.datetime.now(datetime.UTC).
  nonce = f"{datetime.utcnow().strftime('%Y%m%dT%H%M%SZ')}_{uuid4().hex[:8]}"
/home/sparky/.openclaw/workspace/tokenguardian/tg-burnin-driver.py:101: DeprecationWarning: datetime.datetime.utcnow() is deprecated and scheduled for removal in a future version. Use timezone-aware objects to represent datetimes in UTC: datetime.datetime.now(datetime.UTC).
  log(f"DRIVER_PROBE_SENT ts={datetime.utcnow().isoformat()}Z lane={lane_type} nonce={nonce}")
/home/sparky/.openclaw/workspace/tokenguardian/tg-burnin-driver.py:39: DeprecationWarning: datetime.datetime.utcnow() is deprecated and scheduled for removal in a future version. Use timezone-aware objects to represent datetimes in UTC: datetime.datetime.now(datetime.UTC).
  ts = datetime.utcnow().isoformat() + "Z"
[2026-02-15T04:50:13.975967Z] DRIVER_PROBE_SENT ts=2026-02-15T04:50:13.975802Z lane=main nonce=20260215T045001Z_fc7882d3
/home/sparky/.openclaw/workspace/tokenguardian/tg-burnin-driver.py:185: DeprecationWarning: datetime.datetime.utcnow() is deprecated and scheduled for removal in a future version. Use timezone-aware objects to represent datetimes in UTC: datetime.datetime.now(datetime.UTC).
  status["last_run"] = datetime.utcnow().isoformat()
[2026-02-15T04:50:13.976387Z] DRIVER_SUCCESS runs=5 lane=main
[2026-02-15T04:50:01.743799Z] DRIVER_STARTED interval=600s
[2026-02-15T04:50:13.975967Z] DRIVER_PROBE_SENT ts=2026-02-15T04:50:13.975802Z lane=main nonce=20260215T045001Z_fc7882d3
[2026-02-15T04:50:13.976387Z] DRIVER_SUCCESS runs=5 lane=main
Traceback (most recent call last):
  File "/home/sparky/.openclaw/workspace/tokenguardian/tg-burnin-driver.py", line 218, in <module>
    main()
  File "/home/sparky/.openclaw/workspace/tokenguardian/tg-burnin-driver.py", line 213, in main
    run_driver(args)
  File "/home/sparky/.openclaw/workspace/tokenguardian/tg-burnin-driver.py", line 198, in run_driver
    release_lock(lock)
  File "/home/sparky/.openclaw/workspace/tokenguardian/tg-burnin-driver.py", line 76, in release_lock
    fcntl.flock(lockfile.fileno(), fcntl.LOCK_UN)
    ^^^^^
NameError: name 'fcntl' is not defined. Did you forget to import 'fcntl'?
/home/sparky/.openclaw/workspace/tokenguardian/tg-burnin-driver.py:39: DeprecationWarning: datetime.datetime.utcnow() is deprecated and scheduled for removal in a future version. Use timezone-aware objects to represent datetimes in UTC: datetime.datetime.now(datetime.UTC).
  ts = datetime.utcnow().isoformat() + "Z"
[2026-02-15T05:00:01.205531Z] DRIVER_STARTED interval=600s
/home/sparky/.openclaw/workspace/tokenguardian/tg-burnin-driver.py:82: DeprecationWarning: datetime.datetime.utcnow() is deprecated and scheduled for removal in a future version. Use timezone-aware objects to represent datetimes in UTC: datetime.datetime.now(datetime.UTC).
  nonce = f"{datetime.utcnow().strftime('%Y%m%dT%H%M%SZ')}_{uuid4().hex[:8]}"
/home/sparky/.openclaw/workspace/tokenguardian/tg-burnin-driver.py:101: DeprecationWarning: datetime.datetime.utcnow() is deprecated and scheduled for removal in a future version. Use timezone-aware objects to represent datetimes in UTC: datetime.datetime.now(datetime.UTC).
  log(f"DRIVER_PROBE_SENT ts={datetime.utcnow().isoformat()}Z lane={lane_type} nonce={nonce}")
/home/sparky/.openclaw/workspace/tokenguardian/tg-burnin-driver.py:39: DeprecationWarning: datetime.datetime.utcnow() is deprecated and scheduled for removal in a future version. Use timezone-aware objects to represent datetimes in UTC: datetime.datetime.now(datetime.UTC).
  ts = datetime.utcnow().isoformat() + "Z"
[2026-02-15T05:00:13.983306Z] DRIVER_PROBE_SENT ts=2026-02-15T05:00:13.983263Z lane=session nonce=20260215T050001Z_4d00dd5c
/home/sparky/.openclaw/workspace/tokenguardian/tg-burnin-driver.py:185: DeprecationWarning: datetime.datetime.utcnow() is deprecated and scheduled for removal in a future version. Use timezone-aware objects to represent datetimes in UTC: datetime.datetime.now(datetime.UTC).
  status["last_run"] = datetime.utcnow().isoformat()
[2026-02-15T05:00:13.983743Z] DRIVER_SUCCESS runs=6 lane=session
[2026-02-15T05:00:01.205531Z] DRIVER_STARTED interval=600s
[2026-02-15T05:00:13.983306Z] DRIVER_PROBE_SENT ts=2026-02-15T05:00:13.983263Z lane=session nonce=20260215T050001Z_4d00dd5c
[2026-02-15T05:00:13.983743Z] DRIVER_SUCCESS runs=6 lane=session
Traceback (most recent call last):
  File "/home/sparky/.openclaw/workspace/tokenguardian/tg-burnin-driver.py", line 218, in <module>
    main()
  File "/home/sparky/.openclaw/workspace/tokenguardian/tg-burnin-driver.py", line 213, in main
    run_driver(args)
  File "/home/sparky/.openclaw/workspace/tokenguardian/tg-burnin-driver.py", line 198, in run_driver
    release_lock(lock)
  File "/home/sparky/.openclaw/workspace/tokenguardian/tg-burnin-driver.py", line 76, in release_lock
    fcntl.flock(lockfile.fileno(), fcntl.LOCK_UN)
    ^^^^^
NameError: name 'fcntl' is not defined. Did you forget to import 'fcntl'?
/home/sparky/.openclaw/workspace/tokenguardian/tg-burnin-driver.py:39: DeprecationWarning: datetime.datetime.utcnow() is deprecated and scheduled for removal in a future version. Use timezone-aware objects to represent datetimes in UTC: datetime.datetime.now(datetime.UTC).
  ts = datetime.utcnow().isoformat() + "Z"
[2026-02-15T05:10:01.268648Z] DRIVER_STARTED interval=600s
/home/sparky/.openclaw/workspace/tokenguardian/tg-burnin-driver.py:82: DeprecationWarning: datetime.datetime.utcnow() is deprecated and scheduled for removal in a future version. Use timezone-aware objects to represent datetimes in UTC: datetime.datetime.now(datetime.UTC).
  nonce = f"{datetime.utcnow().strftime('%Y%m%dT%H%M%SZ')}_{uuid4().hex[:8]}"
/home/sparky/.openclaw/workspace/tokenguardian/tg-burnin-driver.py:101: DeprecationWarning: datetime.datetime.utcnow() is deprecated and scheduled for removal in a future version. Use timezone-aware objects to represent datetimes in UTC: datetime.datetime.now(datetime.UTC).
  log(f"DRIVER_PROBE_SENT ts={datetime.utcnow().isoformat()}Z lane={lane_type} nonce={nonce}")
/home/sparky/.openclaw/workspace/tokenguardian/tg-burnin-driver.py:39: DeprecationWarning: datetime.datetime.utcnow() is deprecated and scheduled for removal in a future version. Use timezone-aware objects to represent datetimes in UTC: datetime.datetime.now(datetime.UTC).
  ts = datetime.utcnow().isoformat() + "Z"
[2026-02-15T05:10:14.938762Z] DRIVER_PROBE_SENT ts=2026-02-15T05:10:14.938723Z lane=main nonce=20260215T051001Z_4a7409e3
/home/sparky/.openclaw/workspace/tokenguardian/tg-burnin-driver.py:185: DeprecationWarning: datetime.datetime.utcnow() is deprecated and scheduled for removal in a future version. Use timezone-aware objects to represent datetimes in UTC: datetime.datetime.now(datetime.UTC).
  status["last_run"] = datetime.utcnow().isoformat()
[2026-02-15T05:10:14.939545Z] DRIVER_SUCCESS runs=7 lane=main
[2026-02-15T05:10:01.268648Z] DRIVER_STARTED interval=600s
[2026-02-15T05:10:14.938762Z] DRIVER_PROBE_SENT ts=2026-02-15T05:10:14.938723Z lane=main nonce=20260215T051001Z_4a7409e3
[2026-02-15T05:10:14.939545Z] DRIVER_SUCCESS runs=7 lane=main
Traceback (most recent call last):
  File "/home/sparky/.openclaw/workspace/tokenguardian/tg-burnin-driver.py", line 218, in <module>
    main()
  File "/home/sparky/.openclaw/workspace/tokenguardian/tg-burnin-driver.py", line 213, in main
    run_driver(args)
  File "/home/sparky/.openclaw/workspace/tokenguardian/tg-burnin-driver.py", line 198, in run_driver
    release_lock(lock)
  File "/home/sparky/.openclaw/workspace/tokenguardian/tg-burnin-driver.py", line 76, in release_lock
    fcntl.flock(lockfile.fileno(), fcntl.LOCK_UN)
    ^^^^^
NameError: name 'fcntl' is not defined. Did you forget to import 'fcntl'?
/home/sparky/.openclaw/workspace/tokenguardian/tg-burnin-driver.py:39: DeprecationWarning: datetime.datetime.utcnow() is deprecated and scheduled for removal in a future version. Use timezone-aware objects to represent datetimes in UTC: datetime.datetime.now(datetime.UTC).
  ts = datetime.utcnow().isoformat() + "Z"
[2026-02-15T05:20:01.222725Z] DRIVER_STARTED interval=600s
/home/sparky/.openclaw/workspace/tokenguardian/tg-burnin-driver.py:82: DeprecationWarning: datetime.datetime.utcnow() is deprecated and scheduled for removal in a future version. Use timezone-aware objects to represent datetimes in UTC: datetime.datetime.now(datetime.UTC).
  nonce = f"{datetime.utcnow().strftime('%Y%m%dT%H%M%SZ')}_{uuid4().hex[:8]}"
/home/sparky/.openclaw/workspace/tokenguardian/tg-burnin-driver.py:101: DeprecationWarning: datetime.datetime.utcnow() is deprecated and scheduled for removal in a future version. Use timezone-aware objects to represent datetimes in UTC: datetime.datetime.now(datetime.UTC).
  log(f"DRIVER_PROBE_SENT ts={datetime.utcnow().isoformat()}Z lane={lane_type} nonce={nonce}")
/home/sparky/.openclaw/workspace/tokenguardian/tg-burnin-driver.py:39: DeprecationWarning: datetime.datetime.utcnow() is deprecated and scheduled for removal in a future version. Use timezone-aware objects to represent datetimes in UTC: datetime.datetime.now(datetime.UTC).
  ts = datetime.utcnow().isoformat() + "Z"
[2026-02-15T05:20:13.307283Z] DRIVER_PROBE_SENT ts=2026-02-15T05:20:13.307255Z lane=session nonce=20260215T052001Z_1b80a165
/home/sparky/.openclaw/workspace/tokenguardian/tg-burnin-driver.py:185: DeprecationWarning: datetime.datetime.utcnow() is deprecated and scheduled for removal in a future version. Use timezone-aware objects to represent datetimes in UTC: datetime.datetime.now(datetime.UTC).
  status["last_run"] = datetime.utcnow().isoformat()
[2026-02-15T05:20:13.307609Z] DRIVER_SUCCESS runs=8 lane=session
[2026-02-15T05:20:01.222725Z] DRIVER_STARTED interval=600s
[2026-02-15T05:20:13.307283Z] DRIVER_PROBE_SENT ts=2026-02-15T05:20:13.307255Z lane=session nonce=20260215T052001Z_1b80a165
[2026-02-15T05:20:13.307609Z] DRIVER_SUCCESS runs=8 lane=session
Traceback (most recent call last):
  File "/home/sparky/.openclaw/workspace/tokenguardian/tg-burnin-driver.py", line 218, in <module>
    main()
  File "/home/sparky/.openclaw/workspace/tokenguardian/tg-burnin-driver.py", line 213, in main
    run_driver(args)
  File "/home/sparky/.openclaw/workspace/tokenguardian/tg-burnin-driver.py", line 198, in run_driver
    release_lock(lock)
  File "/home/sparky/.openclaw/workspace/tokenguardian/tg-burnin-driver.py", line 76, in release_lock
    fcntl.flock(lockfile.fileno(), fcntl.LOCK_UN)
    ^^^^^
NameError: name 'fcntl' is not defined. Did you forget to import 'fcntl'?
/home/sparky/.openclaw/workspace/tokenguardian/tg-burnin-driver.py:39: DeprecationWarning: datetime.datetime.utcnow() is deprecated and scheduled for removal in a future version. Use timezone-aware objects to represent datetimes in UTC: datetime.datetime.now(datetime.UTC).
  ts = datetime.utcnow().isoformat() + "Z"
[2026-02-15T05:30:01.572548Z] DRIVER_STARTED interval=600s
/home/sparky/.openclaw/workspace/tokenguardian/tg-burnin-driver.py:82: DeprecationWarning: datetime.datetime.utcnow() is deprecated and scheduled for removal in a future version. Use timezone-aware objects to represent datetimes in UTC: datetime.datetime.now(datetime.UTC).
  nonce = f"{datetime.utcnow().strftime('%Y%m%dT%H%M%SZ')}_{uuid4().hex[:8]}"
/home/sparky/.openclaw/workspace/tokenguardian/tg-burnin-driver.py:101: DeprecationWarning: datetime.datetime.utcnow() is deprecated and scheduled for removal in a future version. Use timezone-aware objects to represent datetimes in UTC: datetime.datetime.now(datetime.UTC).
  log(f"DRIVER_PROBE_SENT ts={datetime.utcnow().isoformat()}Z lane={lane_type} nonce={nonce}")
/home/sparky/.openclaw/workspace/tokenguardian/tg-burnin-driver.py:39: DeprecationWarning: datetime.datetime.utcnow() is deprecated and scheduled for removal in a future version. Use timezone-aware objects to represent datetimes in UTC: datetime.datetime.now(datetime.UTC).
  ts = datetime.utcnow().isoformat() + "Z"
[2026-02-15T05:30:13.383790Z] DRIVER_PROBE_SENT ts=2026-02-15T05:30:13.383739Z lane=main nonce=20260215T053001Z_c0ef297f
/home/sparky/.openclaw/workspace/tokenguardian/tg-burnin-driver.py:185: DeprecationWarning: datetime.datetime.utcnow() is deprecated and scheduled for removal in a future version. Use timezone-aware objects to represent datetimes in UTC: datetime.datetime.now(datetime.UTC).
  status["last_run"] = datetime.utcnow().isoformat()
[2026-02-15T05:30:13.384261Z] DRIVER_SUCCESS runs=9 lane=main
[2026-02-15T05:30:01.572548Z] DRIVER_STARTED interval=600s
[2026-02-15T05:30:13.383790Z] DRIVER_PROBE_SENT ts=2026-02-15T05:30:13.383739Z lane=main nonce=20260215T053001Z_c0ef297f
[2026-02-15T05:30:13.384261Z] DRIVER_SUCCESS runs=9 lane=main
Traceback (most recent call last):
  File "/home/sparky/.openclaw/workspace/tokenguardian/tg-burnin-driver.py", line 218, in <module>
    main()
  File "/home/sparky/.openclaw/workspace/tokenguardian/tg-burnin-driver.py", line 213, in main
    run_driver(args)
  File "/home/sparky/.openclaw/workspace/tokenguardian/tg-burnin-driver.py", line 198, in run_driver
    release_lock(lock)
  File "/home/sparky/.openclaw/workspace/tokenguardian/tg-burnin-driver.py", line 76, in release_lock
    fcntl.flock(lockfile.fileno(), fcntl.LOCK_UN)
    ^^^^^
NameError: name 'fcntl' is not defined. Did you forget to import 'fcntl'?
/home/sparky/.openclaw/workspace/tokenguardian/tg-burnin-driver.py:39: DeprecationWarning: datetime.datetime.utcnow() is deprecated and scheduled for removal in a future version. Use timezone-aware objects to represent datetimes in UTC: datetime.datetime.now(datetime.UTC).
  ts = datetime.utcnow().isoformat() + "Z"
[2026-02-15T05:40:01.705349Z] DRIVER_STARTED interval=600s
/home/sparky/.openclaw/workspace/tokenguardian/tg-burnin-driver.py:82: DeprecationWarning: datetime.datetime.utcnow() is deprecated and scheduled for removal in a future version. Use timezone-aware objects to represent datetimes in UTC: datetime.datetime.now(datetime.UTC).
  nonce = f"{datetime.utcnow().strftime('%Y%m%dT%H%M%SZ')}_{uuid4().hex[:8]}"
/home/sparky/.openclaw/workspace/tokenguardian/tg-burnin-driver.py:101: DeprecationWarning: datetime.datetime.utcnow() is deprecated and scheduled for removal in a future version. Use timezone-aware objects to represent datetimes in UTC: datetime.datetime.now(datetime.UTC).
  log(f"DRIVER_PROBE_SENT ts={datetime.utcnow().isoformat()}Z lane={lane_type} nonce={nonce}")
/home/sparky/.openclaw/workspace/tokenguardian/tg-burnin-driver.py:39: DeprecationWarning: datetime.datetime.utcnow() is deprecated and scheduled for removal in a future version. Use timezone-aware objects to represent datetimes in UTC: datetime.datetime.now(datetime.UTC).
  ts = datetime.utcnow().isoformat() + "Z"
[2026-02-15T05:40:15.490994Z] DRIVER_PROBE_SENT ts=2026-02-15T05:40:15.490965Z lane=session nonce=20260215T054001Z_88058317
/home/sparky/.openclaw/workspace/tokenguardian/tg-burnin-driver.py:185: DeprecationWarning: datetime.datetime.utcnow() is deprecated and scheduled for removal in a future version. Use timezone-aware objects to represent datetimes in UTC: datetime.datetime.now(datetime.UTC).
  status["last_run"] = datetime.utcnow().isoformat()
[2026-02-15T05:40:15.491443Z] DRIVER_SUCCESS runs=10 lane=session
[2026-02-15T05:40:01.705349Z] DRIVER_STARTED interval=600s
[2026-02-15T05:40:15.490994Z] DRIVER_PROBE_SENT ts=2026-02-15T05:40:15.490965Z lane=session nonce=20260215T054001Z_88058317
[2026-02-15T05:40:15.491443Z] DRIVER_SUCCESS runs=10 lane=session
Traceback (most recent call last):
  File "/home/sparky/.openclaw/workspace/tokenguardian/tg-burnin-driver.py", line 218, in <module>
    main()
  File "/home/sparky/.openclaw/workspace/tokenguardian/tg-burnin-driver.py", line 213, in main
    run_driver(args)
  File "/home/sparky/.openclaw/workspace/tokenguardian/tg-burnin-driver.py", line 198, in run_driver
    release_lock(lock)
  File "/home/sparky/.openclaw/workspace/tokenguardian/tg-burnin-driver.py", line 76, in release_lock
    fcntl.flock(lockfile.fileno(), fcntl.LOCK_UN)
    ^^^^^
NameError: name 'fcntl' is not defined. Did you forget to import 'fcntl'?
/home/sparky/.openclaw/workspace/tokenguardian/tg-burnin-driver.py:39: DeprecationWarning: datetime.datetime.utcnow() is deprecated and scheduled for removal in a future version. Use timezone-aware objects to represent datetimes in UTC: datetime.datetime.now(datetime.UTC).
  ts = datetime.utcnow().isoformat() + "Z"
[2026-02-15T05:50:01.866207Z] DRIVER_STARTED interval=600s
/home/sparky/.openclaw/workspace/tokenguardian/tg-burnin-driver.py:82: DeprecationWarning: datetime.datetime.utcnow() is deprecated and scheduled for removal in a future version. Use timezone-aware objects to represent datetimes in UTC: datetime.datetime.now(datetime.UTC).
  nonce = f"{datetime.utcnow().strftime('%Y%m%dT%H%M%SZ')}_{uuid4().hex[:8]}"
/home/sparky/.openclaw/workspace/tokenguardian/tg-burnin-driver.py:101: DeprecationWarning: datetime.datetime.utcnow() is deprecated and scheduled for removal in a future version. Use timezone-aware objects to represent datetimes in UTC: datetime.datetime.now(datetime.UTC).
  log(f"DRIVER_PROBE_SENT ts={datetime.utcnow().isoformat()}Z lane={lane_type} nonce={nonce}")
/home/sparky/.openclaw/workspace/tokenguardian/tg-burnin-driver.py:39: DeprecationWarning: datetime.datetime.utcnow() is deprecated and scheduled for removal in a future version. Use timezone-aware objects to represent datetimes in UTC: datetime.datetime.now(datetime.UTC).
  ts = datetime.utcnow().isoformat() + "Z"
[2026-02-15T05:50:13.074941Z] DRIVER_PROBE_SENT ts=2026-02-15T05:50:13.074915Z lane=main nonce=20260215T055001Z_2c64dbdd
/home/sparky/.openclaw/workspace/tokenguardian/tg-burnin-driver.py:185: DeprecationWarning: datetime.datetime.utcnow() is deprecated and scheduled for removal in a future version. Use timezone-aware objects to represent datetimes in UTC: datetime.datetime.now(datetime.UTC).
  status["last_run"] = datetime.utcnow().isoformat()
[2026-02-15T05:50:13.075395Z] DRIVER_SUCCESS runs=11 lane=main
[2026-02-15T05:50:01.866207Z] DRIVER_STARTED interval=600s
[2026-02-15T05:50:13.074941Z] DRIVER_PROBE_SENT ts=2026-02-15T05:50:13.074915Z lane=main nonce=20260215T055001Z_2c64dbdd
[2026-02-15T05:50:13.075395Z] DRIVER_SUCCESS runs=11 lane=main
Traceback (most recent call last):
  File "/home/sparky/.openclaw/workspace/tokenguardian/tg-burnin-driver.py", line 218, in <module>
    main()
  File "/home/sparky/.openclaw/workspace/tokenguardian/tg-burnin-driver.py", line 213, in main
    run_driver(args)
  File "/home/sparky/.openclaw/workspace/tokenguardian/tg-burnin-driver.py", line 198, in run_driver
    release_lock(lock)
  File "/home/sparky/.openclaw/workspace/tokenguardian/tg-burnin-driver.py", line 76, in release_lock
    fcntl.flock(lockfile.fileno(), fcntl.LOCK_UN)
    ^^^^^
NameError: name 'fcntl' is not defined. Did you forget to import 'fcntl'?
/home/sparky/.openclaw/workspace/tokenguardian/tg-burnin-driver.py:39: DeprecationWarning: datetime.datetime.utcnow() is deprecated and scheduled for removal in a future version. Use timezone-aware objects to represent datetimes in UTC: datetime.datetime.now(datetime.UTC).
  ts = datetime.utcnow().isoformat() + "Z"
[2026-02-15T06:00:01.363340Z] DRIVER_STARTED interval=600s
/home/sparky/.openclaw/workspace/tokenguardian/tg-burnin-driver.py:82: DeprecationWarning: datetime.datetime.utcnow() is deprecated and scheduled for removal in a future version. Use timezone-aware objects to represent datetimes in UTC: datetime.datetime.now(datetime.UTC).
  nonce = f"{datetime.utcnow().strftime('%Y%m%dT%H%M%SZ')}_{uuid4().hex[:8]}"
/home/sparky/.openclaw/workspace/tokenguardian/tg-burnin-driver.py:101: DeprecationWarning: datetime.datetime.utcnow() is deprecated and scheduled for removal in a future version. Use timezone-aware objects to represent datetimes in UTC: datetime.datetime.now(datetime.UTC).
  log(f"DRIVER_PROBE_SENT ts={datetime.utcnow().isoformat()}Z lane={lane_type} nonce={nonce}")
/home/sparky/.openclaw/workspace/tokenguardian/tg-burnin-driver.py:39: DeprecationWarning: datetime.datetime.utcnow() is deprecated and scheduled for removal in a future version. Use timezone-aware objects to represent datetimes in UTC: datetime.datetime.now(datetime.UTC).
  ts = datetime.utcnow().isoformat() + "Z"
[2026-02-15T06:00:18.740393Z] DRIVER_PROBE_SENT ts=2026-02-15T06:00:18.740346Z lane=session nonce=20260215T060001Z_9f0293ed
/home/sparky/.openclaw/workspace/tokenguardian/tg-burnin-driver.py:185: DeprecationWarning: datetime.datetime.utcnow() is deprecated and scheduled for removal in a future version. Use timezone-aware objects to represent datetimes in UTC: datetime.datetime.now(datetime.UTC).
  status["last_run"] = datetime.utcnow().isoformat()
[2026-02-15T06:00:18.740863Z] DRIVER_SUCCESS runs=12 lane=session
[2026-02-15T06:00:01.363340Z] DRIVER_STARTED interval=600s
[2026-02-15T06:00:18.740393Z] DRIVER_PROBE_SENT ts=2026-02-15T06:00:18.740346Z lane=session nonce=20260215T060001Z_9f0293ed
[2026-02-15T06:00:18.740863Z] DRIVER_SUCCESS runs=12 lane=session
Traceback (most recent call last):
  File "/home/sparky/.openclaw/workspace/tokenguardian/tg-burnin-driver.py", line 218, in <module>
    main()
  File "/home/sparky/.openclaw/workspace/tokenguardian/tg-burnin-driver.py", line 213, in main
    run_driver(args)
  File "/home/sparky/.openclaw/workspace/tokenguardian/tg-burnin-driver.py", line 198, in run_driver
    release_lock(lock)
  File "/home/sparky/.openclaw/workspace/tokenguardian/tg-burnin-driver.py", line 76, in release_lock
    fcntl.flock(lockfile.fileno(), fcntl.LOCK_UN)
    ^^^^^
NameError: name 'fcntl' is not defined. Did you forget to import 'fcntl'?
/home/sparky/.openclaw/workspace/tokenguardian/tg-burnin-driver.py:39: DeprecationWarning: datetime.datetime.utcnow() is deprecated and scheduled for removal in a future version. Use timezone-aware objects to represent datetimes in UTC: datetime.datetime.now(datetime.UTC).
  ts = datetime.utcnow().isoformat() + "Z"
[2026-02-15T06:10:01.796716Z] DRIVER_STARTED interval=600s
/home/sparky/.openclaw/workspace/tokenguardian/tg-burnin-driver.py:82: DeprecationWarning: datetime.datetime.utcnow() is deprecated and scheduled for removal in a future version. Use timezone-aware objects to represent datetimes in UTC: datetime.datetime.now(datetime.UTC).
  nonce = f"{datetime.utcnow().strftime('%Y%m%dT%H%M%SZ')}_{uuid4().hex[:8]}"
/home/sparky/.openclaw/workspace/tokenguardian/tg-burnin-driver.py:101: DeprecationWarning: datetime.datetime.utcnow() is deprecated and scheduled for removal in a future version. Use timezone-aware objects to represent datetimes in UTC: datetime.datetime.now(datetime.UTC).
  log(f"DRIVER_PROBE_SENT ts={datetime.utcnow().isoformat()}Z lane={lane_type} nonce={nonce}")
/home/sparky/.openclaw/workspace/tokenguardian/tg-burnin-driver.py:39: DeprecationWarning: datetime.datetime.utcnow() is deprecated and scheduled for removal in a future version. Use timezone-aware objects to represent datetimes in UTC: datetime.datetime.now(datetime.UTC).
  ts = datetime.utcnow().isoformat() + "Z"
[2026-02-15T06:10:16.245531Z] DRIVER_PROBE_SENT ts=2026-02-15T06:10:16.245503Z lane=main nonce=20260215T061001Z_25697d19
/home/sparky/.openclaw/workspace/tokenguardian/tg-burnin-driver.py:185: DeprecationWarning: datetime.datetime.utcnow() is deprecated and scheduled for removal in a future version. Use timezone-aware objects to represent datetimes in UTC: datetime.datetime.now(datetime.UTC).
  status["last_run"] = datetime.utcnow().isoformat()
[2026-02-15T06:10:16.245869Z] DRIVER_SUCCESS runs=13 lane=main
[2026-02-15T06:10:01.796716Z] DRIVER_STARTED interval=600s
[2026-02-15T06:10:16.245531Z] DRIVER_PROBE_SENT ts=2026-02-15T06:10:16.245503Z lane=main nonce=20260215T061001Z_25697d19
[2026-02-15T06:10:16.245869Z] DRIVER_SUCCESS runs=13 lane=main
Traceback (most recent call last):
  File "/home/sparky/.openclaw/workspace/tokenguardian/tg-burnin-driver.py", line 218, in <module>
    main()
  File "/home/sparky/.openclaw/workspace/tokenguardian/tg-burnin-driver.py", line 213, in main
    run_driver(args)
  File "/home/sparky/.openclaw/workspace/tokenguardian/tg-burnin-driver.py", line 198, in run_driver
    release_lock(lock)
  File "/home/sparky/.openclaw/workspace/tokenguardian/tg-burnin-driver.py", line 76, in release_lock
    fcntl.flock(lockfile.fileno(), fcntl.LOCK_UN)
    ^^^^^
NameError: name 'fcntl' is not defined. Did you forget to import 'fcntl'?
/home/sparky/.openclaw/workspace/tokenguardian/tg-burnin-driver.py:39: DeprecationWarning: datetime.datetime.utcnow() is deprecated and scheduled for removal in a future version. Use timezone-aware objects to represent datetimes in UTC: datetime.datetime.now(datetime.UTC).
  ts = datetime.utcnow().isoformat() + "Z"
[2026-02-15T06:20:01.571976Z] DRIVER_STARTED interval=600s
/home/sparky/.openclaw/workspace/tokenguardian/tg-burnin-driver.py:82: DeprecationWarning: datetime.datetime.utcnow() is deprecated and scheduled for removal in a future version. Use timezone-aware objects to represent datetimes in UTC: datetime.datetime.now(datetime.UTC).
  nonce = f"{datetime.utcnow().strftime('%Y%m%dT%H%M%SZ')}_{uuid4().hex[:8]}"
/home/sparky/.openclaw/workspace/tokenguardian/tg-burnin-driver.py:101: DeprecationWarning: datetime.datetime.utcnow() is deprecated and scheduled for removal in a future version. Use timezone-aware objects to represent datetimes in UTC: datetime.datetime.now(datetime.UTC).
  log(f"DRIVER_PROBE_SENT ts={datetime.utcnow().isoformat()}Z lane={lane_type} nonce={nonce}")
/home/sparky/.openclaw/workspace/tokenguardian/tg-burnin-driver.py:39: DeprecationWarning: datetime.datetime.utcnow() is deprecated and scheduled for removal in a future version. Use timezone-aware objects to represent datetimes in UTC: datetime.datetime.now(datetime.UTC).
  ts = datetime.utcnow().isoformat() + "Z"
[2026-02-15T06:20:15.327526Z] DRIVER_PROBE_SENT ts=2026-02-15T06:20:15.327490Z lane=session nonce=20260215T062001Z_3ae0f008
/home/sparky/.openclaw/workspace/tokenguardian/tg-burnin-driver.py:185: DeprecationWarning: datetime.datetime.utcnow() is deprecated and scheduled for removal in a future version. Use timezone-aware objects to represent datetimes in UTC: datetime.datetime.now(datetime.UTC).
  status["last_run"] = datetime.utcnow().isoformat()
[2026-02-15T06:20:15.327894Z] DRIVER_SUCCESS runs=14 lane=session
[2026-02-15T06:20:01.571976Z] DRIVER_STARTED interval=600s
[2026-02-15T06:20:15.327526Z] DRIVER_PROBE_SENT ts=2026-02-15T06:20:15.327490Z lane=session nonce=20260215T062001Z_3ae0f008
[2026-02-15T06:20:15.327894Z] DRIVER_SUCCESS runs=14 lane=session
Traceback (most recent call last):
  File "/home/sparky/.openclaw/workspace/tokenguardian/tg-burnin-driver.py", line 218, in <module>
    main()
  File "/home/sparky/.openclaw/workspace/tokenguardian/tg-burnin-driver.py", line 213, in main
    run_driver(args)
  File "/home/sparky/.openclaw/workspace/tokenguardian/tg-burnin-driver.py", line 198, in run_driver
    release_lock(lock)
  File "/home/sparky/.openclaw/workspace/tokenguardian/tg-burnin-driver.py", line 76, in release_lock
    fcntl.flock(lockfile.fileno(), fcntl.LOCK_UN)
    ^^^^^
NameError: name 'fcntl' is not defined. Did you forget to import 'fcntl'?
/home/sparky/.openclaw/workspace/tokenguardian/tg-burnin-driver.py:39: DeprecationWarning: datetime.datetime.utcnow() is deprecated and scheduled for removal in a future version. Use timezone-aware objects to represent datetimes in UTC: datetime.datetime.now(datetime.UTC).
  ts = datetime.utcnow().isoformat() + "Z"
[2026-02-15T06:30:01.680586Z] DRIVER_STARTED interval=600s
/home/sparky/.openclaw/workspace/tokenguardian/tg-burnin-driver.py:82: DeprecationWarning: datetime.datetime.utcnow() is deprecated and scheduled for removal in a future version. Use timezone-aware objects to represent datetimes in UTC: datetime.datetime.now(datetime.UTC).
  nonce = f"{datetime.utcnow().strftime('%Y%m%dT%H%M%SZ')}_{uuid4().hex[:8]}"
/home/sparky/.openclaw/workspace/tokenguardian/tg-burnin-driver.py:101: DeprecationWarning: datetime.datetime.utcnow() is deprecated and scheduled for removal in a future version. Use timezone-aware objects to represent datetimes in UTC: datetime.datetime.now(datetime.UTC).
  log(f"DRIVER_PROBE_SENT ts={datetime.utcnow().isoformat()}Z lane={lane_type} nonce={nonce}")
/home/sparky/.openclaw/workspace/tokenguardian/tg-burnin-driver.py:39: DeprecationWarning: datetime.datetime.utcnow() is deprecated and scheduled for removal in a future version. Use timezone-aware objects to represent datetimes in UTC: datetime.datetime.now(datetime.UTC).
  ts = datetime.utcnow().isoformat() + "Z"
[2026-02-15T06:30:15.703084Z] DRIVER_PROBE_SENT ts=2026-02-15T06:30:15.703042Z lane=main nonce=20260215T063001Z_8e202cd2
/home/sparky/.openclaw/workspace/tokenguardian/tg-burnin-driver.py:185: DeprecationWarning: datetime.datetime.utcnow() is deprecated and scheduled for removal in a future version. Use timezone-aware objects to represent datetimes in UTC: datetime.datetime.now(datetime.UTC).
  status["last_run"] = datetime.utcnow().isoformat()
[2026-02-15T06:30:15.704508Z] DRIVER_SUCCESS runs=15 lane=main
[2026-02-15T06:30:01.680586Z] DRIVER_STARTED interval=600s
[2026-02-15T06:30:15.703084Z] DRIVER_PROBE_SENT ts=2026-02-15T06:30:15.703042Z lane=main nonce=20260215T063001Z_8e202cd2
[2026-02-15T06:30:15.704508Z] DRIVER_SUCCESS runs=15 lane=main
Traceback (most recent call last):
  File "/home/sparky/.openclaw/workspace/tokenguardian/tg-burnin-driver.py", line 218, in <module>
    main()
  File "/home/sparky/.openclaw/workspace/tokenguardian/tg-burnin-driver.py", line 213, in main
    run_driver(args)
  File "/home/sparky/.openclaw/workspace/tokenguardian/tg-burnin-driver.py", line 198, in run_driver
    release_lock(lock)
  File "/home/sparky/.openclaw/workspace/tokenguardian/tg-burnin-driver.py", line 76, in release_lock
    fcntl.flock(lockfile.fileno(), fcntl.LOCK_UN)
    ^^^^^
NameError: name 'fcntl' is not defined. Did you forget to import 'fcntl'?
/home/sparky/.openclaw/workspace/tokenguardian/tg-burnin-driver.py:39: DeprecationWarning: datetime.datetime.utcnow() is deprecated and scheduled for removal in a future version. Use timezone-aware objects to represent datetimes in UTC: datetime.datetime.now(datetime.UTC).
  ts = datetime.utcnow().isoformat() + "Z"
[2026-02-15T06:40:02.098320Z] DRIVER_STARTED interval=600s
/home/sparky/.openclaw/workspace/tokenguardian/tg-burnin-driver.py:82: DeprecationWarning: datetime.datetime.utcnow() is deprecated and scheduled for removal in a future version. Use timezone-aware objects to represent datetimes in UTC: datetime.datetime.now(datetime.UTC).
  nonce = f"{datetime.utcnow().strftime('%Y%m%dT%H%M%SZ')}_{uuid4().hex[:8]}"
/home/sparky/.openclaw/workspace/tokenguardian/tg-burnin-driver.py:101: DeprecationWarning: datetime.datetime.utcnow() is deprecated and scheduled for removal in a future version. Use timezone-aware objects to represent datetimes in UTC: datetime.datetime.now(datetime.UTC).
  log(f"DRIVER_PROBE_SENT ts={datetime.utcnow().isoformat()}Z lane={lane_type} nonce={nonce}")
/home/sparky/.openclaw/workspace/tokenguardian/tg-burnin-driver.py:39: DeprecationWarning: datetime.datetime.utcnow() is deprecated and scheduled for removal in a future version. Use timezone-aware objects to represent datetimes in UTC: datetime.datetime.now(datetime.UTC).
  ts = datetime.utcnow().isoformat() + "Z"
[2026-02-15T06:40:15.911470Z] DRIVER_PROBE_SENT ts=2026-02-15T06:40:15.911426Z lane=session nonce=20260215T064002Z_0aa99a79
/home/sparky/.openclaw/workspace/tokenguardian/tg-burnin-driver.py:185: DeprecationWarning: datetime.datetime.utcnow() is deprecated and scheduled for removal in a future version. Use timezone-aware objects to represent datetimes in UTC: datetime.datetime.now(datetime.UTC).
  status["last_run"] = datetime.utcnow().isoformat()
[2026-02-15T06:40:15.912062Z] DRIVER_SUCCESS runs=16 lane=session
[2026-02-15T06:40:02.098320Z] DRIVER_STARTED interval=600s
[2026-02-15T06:40:15.911470Z] DRIVER_PROBE_SENT ts=2026-02-15T06:40:15.911426Z lane=session nonce=20260215T064002Z_0aa99a79
[2026-02-15T06:40:15.912062Z] DRIVER_SUCCESS runs=16 lane=session
Traceback (most recent call last):
  File "/home/sparky/.openclaw/workspace/tokenguardian/tg-burnin-driver.py", line 218, in <module>
    main()
  File "/home/sparky/.openclaw/workspace/tokenguardian/tg-burnin-driver.py", line 213, in main
    run_driver(args)
  File "/home/sparky/.openclaw/workspace/tokenguardian/tg-burnin-driver.py", line 198, in run_driver
    release_lock(lock)
  File "/home/sparky/.openclaw/workspace/tokenguardian/tg-burnin-driver.py", line 76, in release_lock
    fcntl.flock(lockfile.fileno(), fcntl.LOCK_UN)
    ^^^^^
NameError: name 'fcntl' is not defined. Did you forget to import 'fcntl'?
/home/sparky/.openclaw/workspace/tokenguardian/tg-burnin-driver.py:39: DeprecationWarning: datetime.datetime.utcnow() is deprecated and scheduled for removal in a future version. Use timezone-aware objects to represent datetimes in UTC: datetime.datetime.now(datetime.UTC).
  ts = datetime.utcnow().isoformat() + "Z"
[2026-02-15T06:50:01.204018Z] DRIVER_STARTED interval=600s
/home/sparky/.openclaw/workspace/tokenguardian/tg-burnin-driver.py:82: DeprecationWarning: datetime.datetime.utcnow() is deprecated and scheduled for removal in a future version. Use timezone-aware objects to represent datetimes in UTC: datetime.datetime.now(datetime.UTC).
  nonce = f"{datetime.utcnow().strftime('%Y%m%dT%H%M%SZ')}_{uuid4().hex[:8]}"
/home/sparky/.openclaw/workspace/tokenguardian/tg-burnin-driver.py:101: DeprecationWarning: datetime.datetime.utcnow() is deprecated and scheduled for removal in a future version. Use timezone-aware objects to represent datetimes in UTC: datetime.datetime.now(datetime.UTC).
  log(f"DRIVER_PROBE_SENT ts={datetime.utcnow().isoformat()}Z lane={lane_type} nonce={nonce}")
/home/sparky/.openclaw/workspace/tokenguardian/tg-burnin-driver.py:39: DeprecationWarning: datetime.datetime.utcnow() is deprecated and scheduled for removal in a future version. Use timezone-aware objects to represent datetimes in UTC: datetime.datetime.now(datetime.UTC).
  ts = datetime.utcnow().isoformat() + "Z"
[2026-02-15T06:50:14.831112Z] DRIVER_PROBE_SENT ts=2026-02-15T06:50:14.831073Z lane=main nonce=20260215T065001Z_1c75bb53
/home/sparky/.openclaw/workspace/tokenguardian/tg-burnin-driver.py:185: DeprecationWarning: datetime.datetime.utcnow() is deprecated and scheduled for removal in a future version. Use timezone-aware objects to represent datetimes in UTC: datetime.datetime.now(datetime.UTC).
  status["last_run"] = datetime.utcnow().isoformat()
[2026-02-15T06:50:14.831802Z] DRIVER_SUCCESS runs=17 lane=main
[2026-02-15T06:50:01.204018Z] DRIVER_STARTED interval=600s
[2026-02-15T06:50:14.831112Z] DRIVER_PROBE_SENT ts=2026-02-15T06:50:14.831073Z lane=main nonce=20260215T065001Z_1c75bb53
[2026-02-15T06:50:14.831802Z] DRIVER_SUCCESS runs=17 lane=main
Traceback (most recent call last):
  File "/home/sparky/.openclaw/workspace/tokenguardian/tg-burnin-driver.py", line 218, in <module>
    main()
  File "/home/sparky/.openclaw/workspace/tokenguardian/tg-burnin-driver.py", line 213, in main
    run_driver(args)
  File "/home/sparky/.openclaw/workspace/tokenguardian/tg-burnin-driver.py", line 198, in run_driver
    release_lock(lock)
  File "/home/sparky/.openclaw/workspace/tokenguardian/tg-burnin-driver.py", line 76, in release_lock
    fcntl.flock(lockfile.fileno(), fcntl.LOCK_UN)
    ^^^^^
NameError: name 'fcntl' is not defined. Did you forget to import 'fcntl'?
/home/sparky/.openclaw/workspace/tokenguardian/tg-burnin-driver.py:39: DeprecationWarning: datetime.datetime.utcnow() is deprecated and scheduled for removal in a future version. Use timezone-aware objects to represent datetimes in UTC: datetime.datetime.now(datetime.UTC).
  ts = datetime.utcnow().isoformat() + "Z"
[2026-02-15T07:00:01.110801Z] DRIVER_STARTED interval=600s
/home/sparky/.openclaw/workspace/tokenguardian/tg-burnin-driver.py:82: DeprecationWarning: datetime.datetime.utcnow() is deprecated and scheduled for removal in a future version. Use timezone-aware objects to represent datetimes in UTC: datetime.datetime.now(datetime.UTC).
  nonce = f"{datetime.utcnow().strftime('%Y%m%dT%H%M%SZ')}_{uuid4().hex[:8]}"
/home/sparky/.openclaw/workspace/tokenguardian/tg-burnin-driver.py:101: DeprecationWarning: datetime.datetime.utcnow() is deprecated and scheduled for removal in a future version. Use timezone-aware objects to represent datetimes in UTC: datetime.datetime.now(datetime.UTC).
  log(f"DRIVER_PROBE_SENT ts={datetime.utcnow().isoformat()}Z lane={lane_type} nonce={nonce}")
/home/sparky/.openclaw/workspace/tokenguardian/tg-burnin-driver.py:39: DeprecationWarning: datetime.datetime.utcnow() is deprecated and scheduled for removal in a future version. Use timezone-aware objects to represent datetimes in UTC: datetime.datetime.now(datetime.UTC).
  ts = datetime.utcnow().isoformat() + "Z"
[2026-02-15T07:00:16.903450Z] DRIVER_PROBE_SENT ts=2026-02-15T07:00:16.903402Z lane=session nonce=20260215T070001Z_5513ea5a
/home/sparky/.openclaw/workspace/tokenguardian/tg-burnin-driver.py:185: DeprecationWarning: datetime.datetime.utcnow() is deprecated and scheduled for removal in a future version. Use timezone-aware objects to represent datetimes in UTC: datetime.datetime.now(datetime.UTC).
  status["last_run"] = datetime.utcnow().isoformat()
[2026-02-15T07:00:16.904786Z] DRIVER_SUCCESS runs=18 lane=session
[2026-02-15T07:00:01.110801Z] DRIVER_STARTED interval=600s
[2026-02-15T07:00:16.903450Z] DRIVER_PROBE_SENT ts=2026-02-15T07:00:16.903402Z lane=session nonce=20260215T070001Z_5513ea5a
[2026-02-15T07:00:16.904786Z] DRIVER_SUCCESS runs=18 lane=session
Traceback (most recent call last):
  File "/home/sparky/.openclaw/workspace/tokenguardian/tg-burnin-driver.py", line 218, in <module>
    main()
  File "/home/sparky/.openclaw/workspace/tokenguardian/tg-burnin-driver.py", line 213, in main
    run_driver(args)
  File "/home/sparky/.openclaw/workspace/tokenguardian/tg-burnin-driver.py", line 198, in run_driver
    release_lock(lock)
  File "/home/sparky/.openclaw/workspace/tokenguardian/tg-burnin-driver.py", line 76, in release_lock
    fcntl.flock(lockfile.fileno(), fcntl.LOCK_UN)
    ^^^^^
NameError: name 'fcntl' is not defined. Did you forget to import 'fcntl'?
/home/sparky/.openclaw/workspace/tokenguardian/tg-burnin-driver.py:39: DeprecationWarning: datetime.datetime.utcnow() is deprecated and scheduled for removal in a future version. Use timezone-aware objects to represent datetimes in UTC: datetime.datetime.now(datetime.UTC).
  ts = datetime.utcnow().isoformat() + "Z"
[2026-02-15T07:10:01.286370Z] DRIVER_STARTED interval=600s
/home/sparky/.openclaw/workspace/tokenguardian/tg-burnin-driver.py:82: DeprecationWarning: datetime.datetime.utcnow() is deprecated and scheduled for removal in a future version. Use timezone-aware objects to represent datetimes in UTC: datetime.datetime.now(datetime.UTC).
  nonce = f"{datetime.utcnow().strftime('%Y%m%dT%H%M%SZ')}_{uuid4().hex[:8]}"
/home/sparky/.openclaw/workspace/tokenguardian/tg-burnin-driver.py:101: DeprecationWarning: datetime.datetime.utcnow() is deprecated and scheduled for removal in a future version. Use timezone-aware objects to represent datetimes in UTC: datetime.datetime.now(datetime.UTC).
  log(f"DRIVER_PROBE_SENT ts={datetime.utcnow().isoformat()}Z lane={lane_type} nonce={nonce}")
/home/sparky/.openclaw/workspace/tokenguardian/tg-burnin-driver.py:39: DeprecationWarning: datetime.datetime.utcnow() is deprecated and scheduled for removal in a future version. Use timezone-aware objects to represent datetimes in UTC: datetime.datetime.now(datetime.UTC).
  ts = datetime.utcnow().isoformat() + "Z"
[2026-02-15T07:10:14.411777Z] DRIVER_PROBE_SENT ts=2026-02-15T07:10:14.411732Z lane=main nonce=20260215T071001Z_696329ec
/home/sparky/.openclaw/workspace/tokenguardian/tg-burnin-driver.py:185: DeprecationWarning: datetime.datetime.utcnow() is deprecated and scheduled for removal in a future version. Use timezone-aware objects to represent datetimes in UTC: datetime.datetime.now(datetime.UTC).
  status["last_run"] = datetime.utcnow().isoformat()
[2026-02-15T07:10:14.412239Z] DRIVER_SUCCESS runs=19 lane=main
[2026-02-15T07:10:01.286370Z] DRIVER_STARTED interval=600s
[2026-02-15T07:10:14.411777Z] DRIVER_PROBE_SENT ts=2026-02-15T07:10:14.411732Z lane=main nonce=20260215T071001Z_696329ec
[2026-02-15T07:10:14.412239Z] DRIVER_SUCCESS runs=19 lane=main
Traceback (most recent call last):
  File "/home/sparky/.openclaw/workspace/tokenguardian/tg-burnin-driver.py", line 218, in <module>
    main()
  File "/home/sparky/.openclaw/workspace/tokenguardian/tg-burnin-driver.py", line 213, in main
    run_driver(args)
  File "/home/sparky/.openclaw/workspace/tokenguardian/tg-burnin-driver.py", line 198, in run_driver
    release_lock(lock)
  File "/home/sparky/.openclaw/workspace/tokenguardian/tg-burnin-driver.py", line 76, in release_lock
    fcntl.flock(lockfile.fileno(), fcntl.LOCK_UN)
    ^^^^^
NameError: name 'fcntl' is not defined. Did you forget to import 'fcntl'?
/home/sparky/.openclaw/workspace/tokenguardian/tg-burnin-driver.py:39: DeprecationWarning: datetime.datetime.utcnow() is deprecated and scheduled for removal in a future version. Use timezone-aware objects to represent datetimes in UTC: datetime.datetime.now(datetime.UTC).
  ts = datetime.utcnow().isoformat() + "Z"
[2026-02-15T07:20:01.686464Z] DRIVER_STARTED interval=600s
/home/sparky/.openclaw/workspace/tokenguardian/tg-burnin-driver.py:82: DeprecationWarning: datetime.datetime.utcnow() is deprecated and scheduled for removal in a future version. Use timezone-aware objects to represent datetimes in UTC: datetime.datetime.now(datetime.UTC).
  nonce = f"{datetime.utcnow().strftime('%Y%m%dT%H%M%SZ')}_{uuid4().hex[:8]}"
/home/sparky/.openclaw/workspace/tokenguardian/tg-burnin-driver.py:101: DeprecationWarning: datetime.datetime.utcnow() is deprecated and scheduled for removal in a future version. Use timezone-aware objects to represent datetimes in UTC: datetime.datetime.now(datetime.UTC).
  log(f"DRIVER_PROBE_SENT ts={datetime.utcnow().isoformat()}Z lane={lane_type} nonce={nonce}")
/home/sparky/.openclaw/workspace/tokenguardian/tg-burnin-driver.py:39: DeprecationWarning: datetime.datetime.utcnow() is deprecated and scheduled for removal in a future version. Use timezone-aware objects to represent datetimes in UTC: datetime.datetime.now(datetime.UTC).
  ts = datetime.utcnow().isoformat() + "Z"
[2026-02-15T07:20:14.841997Z] DRIVER_PROBE_SENT ts=2026-02-15T07:20:14.841938Z lane=session nonce=20260215T072001Z_a23b7c19
/home/sparky/.openclaw/workspace/tokenguardian/tg-burnin-driver.py:185: DeprecationWarning: datetime.datetime.utcnow() is deprecated and scheduled for removal in a future version. Use timezone-aware objects to represent datetimes in UTC: datetime.datetime.now(datetime.UTC).
  status["last_run"] = datetime.utcnow().isoformat()
[2026-02-15T07:20:14.842531Z] DRIVER_SUCCESS runs=20 lane=session
[2026-02-15T07:20:01.686464Z] DRIVER_STARTED interval=600s
[2026-02-15T07:20:14.841997Z] DRIVER_PROBE_SENT ts=2026-02-15T07:20:14.841938Z lane=session nonce=20260215T072001Z_a23b7c19
[2026-02-15T07:20:14.842531Z] DRIVER_SUCCESS runs=20 lane=session
Traceback (most recent call last):
  File "/home/sparky/.openclaw/workspace/tokenguardian/tg-burnin-driver.py", line 218, in <module>
    main()
  File "/home/sparky/.openclaw/workspace/tokenguardian/tg-burnin-driver.py", line 213, in main
    run_driver(args)
  File "/home/sparky/.openclaw/workspace/tokenguardian/tg-burnin-driver.py", line 198, in run_driver
    release_lock(lock)
  File "/home/sparky/.openclaw/workspace/tokenguardian/tg-burnin-driver.py", line 76, in release_lock
    fcntl.flock(lockfile.fileno(), fcntl.LOCK_UN)
    ^^^^^
NameError: name 'fcntl' is not defined. Did you forget to import 'fcntl'?
/home/sparky/.openclaw/workspace/tokenguardian/tg-burnin-driver.py:39: DeprecationWarning: datetime.datetime.utcnow() is deprecated and scheduled for removal in a future version. Use timezone-aware objects to represent datetimes in UTC: datetime.datetime.now(datetime.UTC).
  ts = datetime.utcnow().isoformat() + "Z"
[2026-02-15T07:30:01.142868Z] DRIVER_STARTED interval=600s
/home/sparky/.openclaw/workspace/tokenguardian/tg-burnin-driver.py:82: DeprecationWarning: datetime.datetime.utcnow() is deprecated and scheduled for removal in a future version. Use timezone-aware objects to represent datetimes in UTC: datetime.datetime.now(datetime.UTC).
  nonce = f"{datetime.utcnow().strftime('%Y%m%dT%H%M%SZ')}_{uuid4().hex[:8]}"
/home/sparky/.openclaw/workspace/tokenguardian/tg-burnin-driver.py:101: DeprecationWarning: datetime.datetime.utcnow() is deprecated and scheduled for removal in a future version. Use timezone-aware objects to represent datetimes in UTC: datetime.datetime.now(datetime.UTC).
  log(f"DRIVER_PROBE_SENT ts={datetime.utcnow().isoformat()}Z lane={lane_type} nonce={nonce}")
/home/sparky/.openclaw/workspace/tokenguardian/tg-burnin-driver.py:39: DeprecationWarning: datetime.datetime.utcnow() is deprecated and scheduled for removal in a future version. Use timezone-aware objects to represent datetimes in UTC: datetime.datetime.now(datetime.UTC).
  ts = datetime.utcnow().isoformat() + "Z"
[2026-02-15T07:30:13.671863Z] DRIVER_PROBE_SENT ts=2026-02-15T07:30:13.671824Z lane=main nonce=20260215T073001Z_4fbe051c
/home/sparky/.openclaw/workspace/tokenguardian/tg-burnin-driver.py:185: DeprecationWarning: datetime.datetime.utcnow() is deprecated and scheduled for removal in a future version. Use timezone-aware objects to represent datetimes in UTC: datetime.datetime.now(datetime.UTC).
  status["last_run"] = datetime.utcnow().isoformat()
[2026-02-15T07:30:13.672240Z] DRIVER_SUCCESS runs=21 lane=main
[2026-02-15T07:30:01.142868Z] DRIVER_STARTED interval=600s
[2026-02-15T07:30:13.671863Z] DRIVER_PROBE_SENT ts=2026-02-15T07:30:13.671824Z lane=main nonce=20260215T073001Z_4fbe051c
[2026-02-15T07:30:13.672240Z] DRIVER_SUCCESS runs=21 lane=main
Traceback (most recent call last):
  File "/home/sparky/.openclaw/workspace/tokenguardian/tg-burnin-driver.py", line 218, in <module>
    main()
  File "/home/sparky/.openclaw/workspace/tokenguardian/tg-burnin-driver.py", line 213, in main
    run_driver(args)
  File "/home/sparky/.openclaw/workspace/tokenguardian/tg-burnin-driver.py", line 198, in run_driver
    release_lock(lock)
  File "/home/sparky/.openclaw/workspace/tokenguardian/tg-burnin-driver.py", line 76, in release_lock
    fcntl.flock(lockfile.fileno(), fcntl.LOCK_UN)
    ^^^^^
NameError: name 'fcntl' is not defined. Did you forget to import 'fcntl'?
/home/sparky/.openclaw/workspace/tokenguardian/tg-burnin-driver.py:39: DeprecationWarning: datetime.datetime.utcnow() is deprecated and scheduled for removal in a future version. Use timezone-aware objects to represent datetimes in UTC: datetime.datetime.now(datetime.UTC).
  ts = datetime.utcnow().isoformat() + "Z"
[2026-02-15T07:40:02.019935Z] DRIVER_STARTED interval=600s
/home/sparky/.openclaw/workspace/tokenguardian/tg-burnin-driver.py:82: DeprecationWarning: datetime.datetime.utcnow() is deprecated and scheduled for removal in a future version. Use timezone-aware objects to represent datetimes in UTC: datetime.datetime.now(datetime.UTC).
  nonce = f"{datetime.utcnow().strftime('%Y%m%dT%H%M%SZ')}_{uuid4().hex[:8]}"
/home/sparky/.openclaw/workspace/tokenguardian/tg-burnin-driver.py:101: DeprecationWarning: datetime.datetime.utcnow() is deprecated and scheduled for removal in a future version. Use timezone-aware objects to represent datetimes in UTC: datetime.datetime.now(datetime.UTC).
  log(f"DRIVER_PROBE_SENT ts={datetime.utcnow().isoformat()}Z lane={lane_type} nonce={nonce}")
/home/sparky/.openclaw/workspace/tokenguardian/tg-burnin-driver.py:39: DeprecationWarning: datetime.datetime.utcnow() is deprecated and scheduled for removal in a future version. Use timezone-aware objects to represent datetimes in UTC: datetime.datetime.now(datetime.UTC).
  ts = datetime.utcnow().isoformat() + "Z"
[2026-02-15T07:40:13.602778Z] DRIVER_PROBE_SENT ts=2026-02-15T07:40:13.602738Z lane=session nonce=20260215T074002Z_a805ec89
/home/sparky/.openclaw/workspace/tokenguardian/tg-burnin-driver.py:185: DeprecationWarning: datetime.datetime.utcnow() is deprecated and scheduled for removal in a future version. Use timezone-aware objects to represent datetimes in UTC: datetime.datetime.now(datetime.UTC).
  status["last_run"] = datetime.utcnow().isoformat()
[2026-02-15T07:40:13.603123Z] DRIVER_SUCCESS runs=22 lane=session
[2026-02-15T07:40:02.019935Z] DRIVER_STARTED interval=600s
[2026-02-15T07:40:13.602778Z] DRIVER_PROBE_SENT ts=2026-02-15T07:40:13.602738Z lane=session nonce=20260215T074002Z_a805ec89
[2026-02-15T07:40:13.603123Z] DRIVER_SUCCESS runs=22 lane=session
Traceback (most recent call last):
  File "/home/sparky/.openclaw/workspace/tokenguardian/tg-burnin-driver.py", line 218, in <module>
    main()
  File "/home/sparky/.openclaw/workspace/tokenguardian/tg-burnin-driver.py", line 213, in main
    run_driver(args)
  File "/home/sparky/.openclaw/workspace/tokenguardian/tg-burnin-driver.py", line 198, in run_driver
    release_lock(lock)
  File "/home/sparky/.openclaw/workspace/tokenguardian/tg-burnin-driver.py", line 76, in release_lock
    fcntl.flock(lockfile.fileno(), fcntl.LOCK_UN)
    ^^^^^
NameError: name 'fcntl' is not defined. Did you forget to import 'fcntl'?
/home/sparky/.openclaw/workspace/tokenguardian/tg-burnin-driver.py:39: DeprecationWarning: datetime.datetime.utcnow() is deprecated and scheduled for removal in a future version. Use timezone-aware objects to represent datetimes in UTC: datetime.datetime.now(datetime.UTC).
  ts = datetime.utcnow().isoformat() + "Z"
[2026-02-15T07:50:01.928395Z] DRIVER_STARTED interval=600s
/home/sparky/.openclaw/workspace/tokenguardian/tg-burnin-driver.py:82: DeprecationWarning: datetime.datetime.utcnow() is deprecated and scheduled for removal in a future version. Use timezone-aware objects to represent datetimes in UTC: datetime.datetime.now(datetime.UTC).
  nonce = f"{datetime.utcnow().strftime('%Y%m%dT%H%M%SZ')}_{uuid4().hex[:8]}"
/home/sparky/.openclaw/workspace/tokenguardian/tg-burnin-driver.py:101: DeprecationWarning: datetime.datetime.utcnow() is deprecated and scheduled for removal in a future version. Use timezone-aware objects to represent datetimes in UTC: datetime.datetime.now(datetime.UTC).
  log(f"DRIVER_PROBE_SENT ts={datetime.utcnow().isoformat()}Z lane={lane_type} nonce={nonce}")
/home/sparky/.openclaw/workspace/tokenguardian/tg-burnin-driver.py:39: DeprecationWarning: datetime.datetime.utcnow() is deprecated and scheduled for removal in a future version. Use timezone-aware objects to represent datetimes in UTC: datetime.datetime.now(datetime.UTC).
  ts = datetime.utcnow().isoformat() + "Z"
[2026-02-15T07:50:13.695233Z] DRIVER_PROBE_SENT ts=2026-02-15T07:50:13.695125Z lane=main nonce=20260215T075001Z_9db33f78
/home/sparky/.openclaw/workspace/tokenguardian/tg-burnin-driver.py:185: DeprecationWarning: datetime.datetime.utcnow() is deprecated and scheduled for removal in a future version. Use timezone-aware objects to represent datetimes in UTC: datetime.datetime.now(datetime.UTC).
  status["last_run"] = datetime.utcnow().isoformat()
[2026-02-15T07:50:13.695688Z] DRIVER_SUCCESS runs=23 lane=main
[2026-02-15T07:50:01.928395Z] DRIVER_STARTED interval=600s
[2026-02-15T07:50:13.695233Z] DRIVER_PROBE_SENT ts=2026-02-15T07:50:13.695125Z lane=main nonce=20260215T075001Z_9db33f78
[2026-02-15T07:50:13.695688Z] DRIVER_SUCCESS runs=23 lane=main
Traceback (most recent call last):
  File "/home/sparky/.openclaw/workspace/tokenguardian/tg-burnin-driver.py", line 218, in <module>
    main()
  File "/home/sparky/.openclaw/workspace/tokenguardian/tg-burnin-driver.py", line 213, in main
    run_driver(args)
  File "/home/sparky/.openclaw/workspace/tokenguardian/tg-burnin-driver.py", line 198, in run_driver
    release_lock(lock)
  File "/home/sparky/.openclaw/workspace/tokenguardian/tg-burnin-driver.py", line 76, in release_lock
    fcntl.flock(lockfile.fileno(), fcntl.LOCK_UN)
    ^^^^^
NameError: name 'fcntl' is not defined. Did you forget to import 'fcntl'?
/home/sparky/.openclaw/workspace/tokenguardian/tg-burnin-driver.py:39: DeprecationWarning: datetime.datetime.utcnow() is deprecated and scheduled for removal in a future version. Use timezone-aware objects to represent datetimes in UTC: datetime.datetime.now(datetime.UTC).
  ts = datetime.utcnow().isoformat() + "Z"
[2026-02-15T08:00:02.057690Z] DRIVER_STARTED interval=600s
/home/sparky/.openclaw/workspace/tokenguardian/tg-burnin-driver.py:82: DeprecationWarning: datetime.datetime.utcnow() is deprecated and scheduled for removal in a future version. Use timezone-aware objects to represent datetimes in UTC: datetime.datetime.now(datetime.UTC).
  nonce = f"{datetime.utcnow().strftime('%Y%m%dT%H%M%SZ')}_{uuid4().hex[:8]}"
/home/sparky/.openclaw/workspace/tokenguardian/tg-burnin-driver.py:101: DeprecationWarning: datetime.datetime.utcnow() is deprecated and scheduled for removal in a future version. Use timezone-aware objects to represent datetimes in UTC: datetime.datetime.now(datetime.UTC).
  log(f"DRIVER_PROBE_SENT ts={datetime.utcnow().isoformat()}Z lane={lane_type} nonce={nonce}")
/home/sparky/.openclaw/workspace/tokenguardian/tg-burnin-driver.py:39: DeprecationWarning: datetime.datetime.utcnow() is deprecated and scheduled for removal in a future version. Use timezone-aware objects to represent datetimes in UTC: datetime.datetime.now(datetime.UTC).
  ts = datetime.utcnow().isoformat() + "Z"
[2026-02-15T08:00:16.871086Z] DRIVER_PROBE_SENT ts=2026-02-15T08:00:16.871059Z lane=session nonce=20260215T080002Z_180f991d
/home/sparky/.openclaw/workspace/tokenguardian/tg-burnin-driver.py:185: DeprecationWarning: datetime.datetime.utcnow() is deprecated and scheduled for removal in a future version. Use timezone-aware objects to represent datetimes in UTC: datetime.datetime.now(datetime.UTC).
  status["last_run"] = datetime.utcnow().isoformat()
[2026-02-15T08:00:16.871534Z] DRIVER_SUCCESS runs=24 lane=session
[2026-02-15T08:00:02.057690Z] DRIVER_STARTED interval=600s
[2026-02-15T08:00:16.871086Z] DRIVER_PROBE_SENT ts=2026-02-15T08:00:16.871059Z lane=session nonce=20260215T080002Z_180f991d
[2026-02-15T08:00:16.871534Z] DRIVER_SUCCESS runs=24 lane=session
Traceback (most recent call last):
  File "/home/sparky/.openclaw/workspace/tokenguardian/tg-burnin-driver.py", line 218, in <module>
    main()
  File "/home/sparky/.openclaw/workspace/tokenguardian/tg-burnin-driver.py", line 213, in main
    run_driver(args)
  File "/home/sparky/.openclaw/workspace/tokenguardian/tg-burnin-driver.py", line 198, in run_driver
    release_lock(lock)
  File "/home/sparky/.openclaw/workspace/tokenguardian/tg-burnin-driver.py", line 76, in release_lock
    fcntl.flock(lockfile.fileno(), fcntl.LOCK_UN)
    ^^^^^
NameError: name 'fcntl' is not defined. Did you forget to import 'fcntl'?
/home/sparky/.openclaw/workspace/tokenguardian/tg-burnin-driver.py:39: DeprecationWarning: datetime.datetime.utcnow() is deprecated and scheduled for removal in a future version. Use timezone-aware objects to represent datetimes in UTC: datetime.datetime.now(datetime.UTC).
  ts = datetime.utcnow().isoformat() + "Z"
[2026-02-15T08:10:01.182017Z] DRIVER_STARTED interval=600s
/home/sparky/.openclaw/workspace/tokenguardian/tg-burnin-driver.py:82: DeprecationWarning: datetime.datetime.utcnow() is deprecated and scheduled for removal in a future version. Use timezone-aware objects to represent datetimes in UTC: datetime.datetime.now(datetime.UTC).
  nonce = f"{datetime.utcnow().strftime('%Y%m%dT%H%M%SZ')}_{uuid4().hex[:8]}"
/home/sparky/.openclaw/workspace/tokenguardian/tg-burnin-driver.py:101: DeprecationWarning: datetime.datetime.utcnow() is deprecated and scheduled for removal in a future version. Use timezone-aware objects to represent datetimes in UTC: datetime.datetime.now(datetime.UTC).
  log(f"DRIVER_PROBE_SENT ts={datetime.utcnow().isoformat()}Z lane={lane_type} nonce={nonce}")
/home/sparky/.openclaw/workspace/tokenguardian/tg-burnin-driver.py:39: DeprecationWarning: datetime.datetime.utcnow() is deprecated and scheduled for removal in a future version. Use timezone-aware objects to represent datetimes in UTC: datetime.datetime.now(datetime.UTC).
  ts = datetime.utcnow().isoformat() + "Z"
[2026-02-15T08:10:13.862942Z] DRIVER_PROBE_SENT ts=2026-02-15T08:10:13.862901Z lane=main nonce=20260215T081001Z_471a7f58
/home/sparky/.openclaw/workspace/tokenguardian/tg-burnin-driver.py:185: DeprecationWarning: datetime.datetime.utcnow() is deprecated and scheduled for removal in a future version. Use timezone-aware objects to represent datetimes in UTC: datetime.datetime.now(datetime.UTC).
  status["last_run"] = datetime.utcnow().isoformat()
[2026-02-15T08:10:13.863346Z] DRIVER_SUCCESS runs=25 lane=main
[2026-02-15T08:10:01.182017Z] DRIVER_STARTED interval=600s
[2026-02-15T08:10:13.862942Z] DRIVER_PROBE_SENT ts=2026-02-15T08:10:13.862901Z lane=main nonce=20260215T081001Z_471a7f58
[2026-02-15T08:10:13.863346Z] DRIVER_SUCCESS runs=25 lane=main
Traceback (most recent call last):
  File "/home/sparky/.openclaw/workspace/tokenguardian/tg-burnin-driver.py", line 218, in <module>
    main()
  File "/home/sparky/.openclaw/workspace/tokenguardian/tg-burnin-driver.py", line 213, in main
    run_driver(args)
  File "/home/sparky/.openclaw/workspace/tokenguardian/tg-burnin-driver.py", line 198, in run_driver
    release_lock(lock)
  File "/home/sparky/.openclaw/workspace/tokenguardian/tg-burnin-driver.py", line 76, in release_lock
    fcntl.flock(lockfile.fileno(), fcntl.LOCK_UN)
    ^^^^^
NameError: name 'fcntl' is not defined. Did you forget to import 'fcntl'?
/home/sparky/.openclaw/workspace/tokenguardian/tg-burnin-driver.py:39: DeprecationWarning: datetime.datetime.utcnow() is deprecated and scheduled for removal in a future version. Use timezone-aware objects to represent datetimes in UTC: datetime.datetime.now(datetime.UTC).
  ts = datetime.utcnow().isoformat() + "Z"
[2026-02-15T08:20:01.117034Z] DRIVER_STARTED interval=600s
/home/sparky/.openclaw/workspace/tokenguardian/tg-burnin-driver.py:82: DeprecationWarning: datetime.datetime.utcnow() is deprecated and scheduled for removal in a future version. Use timezone-aware objects to represent datetimes in UTC: datetime.datetime.now(datetime.UTC).
  nonce = f"{datetime.utcnow().strftime('%Y%m%dT%H%M%SZ')}_{uuid4().hex[:8]}"
/home/sparky/.openclaw/workspace/tokenguardian/tg-burnin-driver.py:101: DeprecationWarning: datetime.datetime.utcnow() is deprecated and scheduled for removal in a future version. Use timezone-aware objects to represent datetimes in UTC: datetime.datetime.now(datetime.UTC).
  log(f"DRIVER_PROBE_SENT ts={datetime.utcnow().isoformat()}Z lane={lane_type} nonce={nonce}")
/home/sparky/.openclaw/workspace/tokenguardian/tg-burnin-driver.py:39: DeprecationWarning: datetime.datetime.utcnow() is deprecated and scheduled for removal in a future version. Use timezone-aware objects to represent datetimes in UTC: datetime.datetime.now(datetime.UTC).
  ts = datetime.utcnow().isoformat() + "Z"
[2026-02-15T08:20:12.224727Z] DRIVER_PROBE_SENT ts=2026-02-15T08:20:12.224686Z lane=session nonce=20260215T082001Z_679da153
/home/sparky/.openclaw/workspace/tokenguardian/tg-burnin-driver.py:185: DeprecationWarning: datetime.datetime.utcnow() is deprecated and scheduled for removal in a future version. Use timezone-aware objects to represent datetimes in UTC: datetime.datetime.now(datetime.UTC).
  status["last_run"] = datetime.utcnow().isoformat()
[2026-02-15T08:20:12.225351Z] DRIVER_SUCCESS runs=26 lane=session
[2026-02-15T08:20:01.117034Z] DRIVER_STARTED interval=600s
[2026-02-15T08:20:12.224727Z] DRIVER_PROBE_SENT ts=2026-02-15T08:20:12.224686Z lane=session nonce=20260215T082001Z_679da153
[2026-02-15T08:20:12.225351Z] DRIVER_SUCCESS runs=26 lane=session
Traceback (most recent call last):
  File "/home/sparky/.openclaw/workspace/tokenguardian/tg-burnin-driver.py", line 218, in <module>
    main()
  File "/home/sparky/.openclaw/workspace/tokenguardian/tg-burnin-driver.py", line 213, in main
    run_driver(args)
  File "/home/sparky/.openclaw/workspace/tokenguardian/tg-burnin-driver.py", line 198, in run_driver
    release_lock(lock)
  File "/home/sparky/.openclaw/workspace/tokenguardian/tg-burnin-driver.py", line 76, in release_lock
    fcntl.flock(lockfile.fileno(), fcntl.LOCK_UN)
    ^^^^^
NameError: name 'fcntl' is not defined. Did you forget to import 'fcntl'?
/home/sparky/.openclaw/workspace/tokenguardian/tg-burnin-driver.py:39: DeprecationWarning: datetime.datetime.utcnow() is deprecated and scheduled for removal in a future version. Use timezone-aware objects to represent datetimes in UTC: datetime.datetime.now(datetime.UTC).
  ts = datetime.utcnow().isoformat() + "Z"
[2026-02-15T08:30:01.515131Z] DRIVER_STARTED interval=600s
/home/sparky/.openclaw/workspace/tokenguardian/tg-burnin-driver.py:82: DeprecationWarning: datetime.datetime.utcnow() is deprecated and scheduled for removal in a future version. Use timezone-aware objects to represent datetimes in UTC: datetime.datetime.now(datetime.UTC).
  nonce = f"{datetime.utcnow().strftime('%Y%m%dT%H%M%SZ')}_{uuid4().hex[:8]}"
/home/sparky/.openclaw/workspace/tokenguardian/tg-burnin-driver.py:101: DeprecationWarning: datetime.datetime.utcnow() is deprecated and scheduled for removal in a future version. Use timezone-aware objects to represent datetimes in UTC: datetime.datetime.now(datetime.UTC).
  log(f"DRIVER_PROBE_SENT ts={datetime.utcnow().isoformat()}Z lane={lane_type} nonce={nonce}")
/home/sparky/.openclaw/workspace/tokenguardian/tg-burnin-driver.py:39: DeprecationWarning: datetime.datetime.utcnow() is deprecated and scheduled for removal in a future version. Use timezone-aware objects to represent datetimes in UTC: datetime.datetime.now(datetime.UTC).
  ts = datetime.utcnow().isoformat() + "Z"
[2026-02-15T08:30:16.903476Z] DRIVER_PROBE_SENT ts=2026-02-15T08:30:16.903436Z lane=main nonce=20260215T083001Z_42e09c12
/home/sparky/.openclaw/workspace/tokenguardian/tg-burnin-driver.py:185: DeprecationWarning: datetime.datetime.utcnow() is deprecated and scheduled for removal in a future version. Use timezone-aware objects to represent datetimes in UTC: datetime.datetime.now(datetime.UTC).
  status["last_run"] = datetime.utcnow().isoformat()
[2026-02-15T08:30:16.904361Z] DRIVER_SUCCESS runs=27 lane=main
[2026-02-15T08:30:01.515131Z] DRIVER_STARTED interval=600s
[2026-02-15T08:30:16.903476Z] DRIVER_PROBE_SENT ts=2026-02-15T08:30:16.903436Z lane=main nonce=20260215T083001Z_42e09c12
[2026-02-15T08:30:16.904361Z] DRIVER_SUCCESS runs=27 lane=main
Traceback (most recent call last):
  File "/home/sparky/.openclaw/workspace/tokenguardian/tg-burnin-driver.py", line 218, in <module>
    main()
  File "/home/sparky/.openclaw/workspace/tokenguardian/tg-burnin-driver.py", line 213, in main
    run_driver(args)
  File "/home/sparky/.openclaw/workspace/tokenguardian/tg-burnin-driver.py", line 198, in run_driver
    release_lock(lock)
  File "/home/sparky/.openclaw/workspace/tokenguardian/tg-burnin-driver.py", line 76, in release_lock
    fcntl.flock(lockfile.fileno(), fcntl.LOCK_UN)
    ^^^^^
NameError: name 'fcntl' is not defined. Did you forget to import 'fcntl'?
/home/sparky/.openclaw/workspace/tokenguardian/tg-burnin-driver.py:39: DeprecationWarning: datetime.datetime.utcnow() is deprecated and scheduled for removal in a future version. Use timezone-aware objects to represent datetimes in UTC: datetime.datetime.now(datetime.UTC).
  ts = datetime.utcnow().isoformat() + "Z"
[2026-02-15T08:40:01.181778Z] DRIVER_STARTED interval=600s
/home/sparky/.openclaw/workspace/tokenguardian/tg-burnin-driver.py:82: DeprecationWarning: datetime.datetime.utcnow() is deprecated and scheduled for removal in a future version. Use timezone-aware objects to represent datetimes in UTC: datetime.datetime.now(datetime.UTC).
  nonce = f"{datetime.utcnow().strftime('%Y%m%dT%H%M%SZ')}_{uuid4().hex[:8]}"
/home/sparky/.openclaw/workspace/tokenguardian/tg-burnin-driver.py:101: DeprecationWarning: datetime.datetime.utcnow() is deprecated and scheduled for removal in a future version. Use timezone-aware objects to represent datetimes in UTC: datetime.datetime.now(datetime.UTC).
  log(f"DRIVER_PROBE_SENT ts={datetime.utcnow().isoformat()}Z lane={lane_type} nonce={nonce}")
/home/sparky/.openclaw/workspace/tokenguardian/tg-burnin-driver.py:39: DeprecationWarning: datetime.datetime.utcnow() is deprecated and scheduled for removal in a future version. Use timezone-aware objects to represent datetimes in UTC: datetime.datetime.now(datetime.UTC).
  ts = datetime.utcnow().isoformat() + "Z"
[2026-02-15T08:40:13.673790Z] DRIVER_PROBE_SENT ts=2026-02-15T08:40:13.673748Z lane=session nonce=20260215T084001Z_fb96423c
/home/sparky/.openclaw/workspace/tokenguardian/tg-burnin-driver.py:185: DeprecationWarning: datetime.datetime.utcnow() is deprecated and scheduled for removal in a future version. Use timezone-aware objects to represent datetimes in UTC: datetime.datetime.now(datetime.UTC).
  status["last_run"] = datetime.utcnow().isoformat()
[2026-02-15T08:40:13.674262Z] DRIVER_SUCCESS runs=28 lane=session
[2026-02-15T08:40:01.181778Z] DRIVER_STARTED interval=600s
[2026-02-15T08:40:13.673790Z] DRIVER_PROBE_SENT ts=2026-02-15T08:40:13.673748Z lane=session nonce=20260215T084001Z_fb96423c
[2026-02-15T08:40:13.674262Z] DRIVER_SUCCESS runs=28 lane=session
Traceback (most recent call last):
  File "/home/sparky/.openclaw/workspace/tokenguardian/tg-burnin-driver.py", line 218, in <module>
    main()
  File "/home/sparky/.openclaw/workspace/tokenguardian/tg-burnin-driver.py", line 213, in main
    run_driver(args)
  File "/home/sparky/.openclaw/workspace/tokenguardian/tg-burnin-driver.py", line 198, in run_driver
    release_lock(lock)
  File "/home/sparky/.openclaw/workspace/tokenguardian/tg-burnin-driver.py", line 76, in release_lock
    fcntl.flock(lockfile.fileno(), fcntl.LOCK_UN)
    ^^^^^
NameError: name 'fcntl' is not defined. Did you forget to import 'fcntl'?
/home/sparky/.openclaw/workspace/tokenguardian/tg-burnin-driver.py:39: DeprecationWarning: datetime.datetime.utcnow() is deprecated and scheduled for removal in a future version. Use timezone-aware objects to represent datetimes in UTC: datetime.datetime.now(datetime.UTC).
  ts = datetime.utcnow().isoformat() + "Z"
[2026-02-15T08:50:02.090928Z] DRIVER_STARTED interval=600s
/home/sparky/.openclaw/workspace/tokenguardian/tg-burnin-driver.py:82: DeprecationWarning: datetime.datetime.utcnow() is deprecated and scheduled for removal in a future version. Use timezone-aware objects to represent datetimes in UTC: datetime.datetime.now(datetime.UTC).
  nonce = f"{datetime.utcnow().strftime('%Y%m%dT%H%M%SZ')}_{uuid4().hex[:8]}"
/home/sparky/.openclaw/workspace/tokenguardian/tg-burnin-driver.py:101: DeprecationWarning: datetime.datetime.utcnow() is deprecated and scheduled for removal in a future version. Use timezone-aware objects to represent datetimes in UTC: datetime.datetime.now(datetime.UTC).
  log(f"DRIVER_PROBE_SENT ts={datetime.utcnow().isoformat()}Z lane={lane_type} nonce={nonce}")
/home/sparky/.openclaw/workspace/tokenguardian/tg-burnin-driver.py:39: DeprecationWarning: datetime.datetime.utcnow() is deprecated and scheduled for removal in a future version. Use timezone-aware objects to represent datetimes in UTC: datetime.datetime.now(datetime.UTC).
  ts = datetime.utcnow().isoformat() + "Z"
[2026-02-15T08:50:13.797399Z] DRIVER_PROBE_SENT ts=2026-02-15T08:50:13.797362Z lane=main nonce=20260215T085002Z_b62a1dae
/home/sparky/.openclaw/workspace/tokenguardian/tg-burnin-driver.py:185: DeprecationWarning: datetime.datetime.utcnow() is deprecated and scheduled for removal in a future version. Use timezone-aware objects to represent datetimes in UTC: datetime.datetime.now(datetime.UTC).
  status["last_run"] = datetime.utcnow().isoformat()
[2026-02-15T08:50:13.797931Z] DRIVER_SUCCESS runs=29 lane=main
[2026-02-15T08:50:02.090928Z] DRIVER_STARTED interval=600s
[2026-02-15T08:50:13.797399Z] DRIVER_PROBE_SENT ts=2026-02-15T08:50:13.797362Z lane=main nonce=20260215T085002Z_b62a1dae
[2026-02-15T08:50:13.797931Z] DRIVER_SUCCESS runs=29 lane=main
Traceback (most recent call last):
  File "/home/sparky/.openclaw/workspace/tokenguardian/tg-burnin-driver.py", line 218, in <module>
    main()
  File "/home/sparky/.openclaw/workspace/tokenguardian/tg-burnin-driver.py", line 213, in main
    run_driver(args)
  File "/home/sparky/.openclaw/workspace/tokenguardian/tg-burnin-driver.py", line 198, in run_driver
    release_lock(lock)
  File "/home/sparky/.openclaw/workspace/tokenguardian/tg-burnin-driver.py", line 76, in release_lock
    fcntl.flock(lockfile.fileno(), fcntl.LOCK_UN)
    ^^^^^
NameError: name 'fcntl' is not defined. Did you forget to import 'fcntl'?
/home/sparky/.openclaw/workspace/tokenguardian/tg-burnin-driver.py:39: DeprecationWarning: datetime.datetime.utcnow() is deprecated and scheduled for removal in a future version. Use timezone-aware objects to represent datetimes in UTC: datetime.datetime.now(datetime.UTC).
  ts = datetime.utcnow().isoformat() + "Z"
[2026-02-15T09:00:02.150522Z] DRIVER_STARTED interval=600s
/home/sparky/.openclaw/workspace/tokenguardian/tg-burnin-driver.py:82: DeprecationWarning: datetime.datetime.utcnow() is deprecated and scheduled for removal in a future version. Use timezone-aware objects to represent datetimes in UTC: datetime.datetime.now(datetime.UTC).
  nonce = f"{datetime.utcnow().strftime('%Y%m%dT%H%M%SZ')}_{uuid4().hex[:8]}"
/home/sparky/.openclaw/workspace/tokenguardian/tg-burnin-driver.py:101: DeprecationWarning: datetime.datetime.utcnow() is deprecated and scheduled for removal in a future version. Use timezone-aware objects to represent datetimes in UTC: datetime.datetime.now(datetime.UTC).
  log(f"DRIVER_PROBE_SENT ts={datetime.utcnow().isoformat()}Z lane={lane_type} nonce={nonce}")
/home/sparky/.openclaw/workspace/tokenguardian/tg-burnin-driver.py:39: DeprecationWarning: datetime.datetime.utcnow() is deprecated and scheduled for removal in a future version. Use timezone-aware objects to represent datetimes in UTC: datetime.datetime.now(datetime.UTC).
  ts = datetime.utcnow().isoformat() + "Z"
[2026-02-15T09:00:17.090366Z] DRIVER_PROBE_SENT ts=2026-02-15T09:00:17.090329Z lane=session nonce=20260215T090002Z_dcafb5dd
/home/sparky/.openclaw/workspace/tokenguardian/tg-burnin-driver.py:185: DeprecationWarning: datetime.datetime.utcnow() is deprecated and scheduled for removal in a future version. Use timezone-aware objects to represent datetimes in UTC: datetime.datetime.now(datetime.UTC).
  status["last_run"] = datetime.utcnow().isoformat()
[2026-02-15T09:00:17.090806Z] DRIVER_SUCCESS runs=30 lane=session
[2026-02-15T09:00:02.150522Z] DRIVER_STARTED interval=600s
[2026-02-15T09:00:17.090366Z] DRIVER_PROBE_SENT ts=2026-02-15T09:00:17.090329Z lane=session nonce=20260215T090002Z_dcafb5dd
[2026-02-15T09:00:17.090806Z] DRIVER_SUCCESS runs=30 lane=session
Traceback (most recent call last):
  File "/home/sparky/.openclaw/workspace/tokenguardian/tg-burnin-driver.py", line 218, in <module>
    main()
  File "/home/sparky/.openclaw/workspace/tokenguardian/tg-burnin-driver.py", line 213, in main
    run_driver(args)
  File "/home/sparky/.openclaw/workspace/tokenguardian/tg-burnin-driver.py", line 198, in run_driver
    release_lock(lock)
  File "/home/sparky/.openclaw/workspace/tokenguardian/tg-burnin-driver.py", line 76, in release_lock
    fcntl.flock(lockfile.fileno(), fcntl.LOCK_UN)
    ^^^^^
NameError: name 'fcntl' is not defined. Did you forget to import 'fcntl'?
/home/sparky/.openclaw/workspace/tokenguardian/tg-burnin-driver.py:39: DeprecationWarning: datetime.datetime.utcnow() is deprecated and scheduled for removal in a future version. Use timezone-aware objects to represent datetimes in UTC: datetime.datetime.now(datetime.UTC).
  ts = datetime.utcnow().isoformat() + "Z"
[2026-02-15T09:10:01.494757Z] DRIVER_STARTED interval=600s
/home/sparky/.openclaw/workspace/tokenguardian/tg-burnin-driver.py:82: DeprecationWarning: datetime.datetime.utcnow() is deprecated and scheduled for removal in a future version. Use timezone-aware objects to represent datetimes in UTC: datetime.datetime.now(datetime.UTC).
  nonce = f"{datetime.utcnow().strftime('%Y%m%dT%H%M%SZ')}_{uuid4().hex[:8]}"
/home/sparky/.openclaw/workspace/tokenguardian/tg-burnin-driver.py:101: DeprecationWarning: datetime.datetime.utcnow() is deprecated and scheduled for removal in a future version. Use timezone-aware objects to represent datetimes in UTC: datetime.datetime.now(datetime.UTC).
  log(f"DRIVER_PROBE_SENT ts={datetime.utcnow().isoformat()}Z lane={lane_type} nonce={nonce}")
/home/sparky/.openclaw/workspace/tokenguardian/tg-burnin-driver.py:39: DeprecationWarning: datetime.datetime.utcnow() is deprecated and scheduled for removal in a future version. Use timezone-aware objects to represent datetimes in UTC: datetime.datetime.now(datetime.UTC).
  ts = datetime.utcnow().isoformat() + "Z"
[2026-02-15T09:10:14.799124Z] DRIVER_PROBE_SENT ts=2026-02-15T09:10:14.799084Z lane=main nonce=20260215T091001Z_ce8ae372
/home/sparky/.openclaw/workspace/tokenguardian/tg-burnin-driver.py:185: DeprecationWarning: datetime.datetime.utcnow() is deprecated and scheduled for removal in a future version. Use timezone-aware objects to represent datetimes in UTC: datetime.datetime.now(datetime.UTC).
  status["last_run"] = datetime.utcnow().isoformat()
[2026-02-15T09:10:14.799570Z] DRIVER_SUCCESS runs=31 lane=main
[2026-02-15T09:10:01.494757Z] DRIVER_STARTED interval=600s
[2026-02-15T09:10:14.799124Z] DRIVER_PROBE_SENT ts=2026-02-15T09:10:14.799084Z lane=main nonce=20260215T091001Z_ce8ae372
[2026-02-15T09:10:14.799570Z] DRIVER_SUCCESS runs=31 lane=main
Traceback (most recent call last):
  File "/home/sparky/.openclaw/workspace/tokenguardian/tg-burnin-driver.py", line 218, in <module>
    main()
  File "/home/sparky/.openclaw/workspace/tokenguardian/tg-burnin-driver.py", line 213, in main
    run_driver(args)
  File "/home/sparky/.openclaw/workspace/tokenguardian/tg-burnin-driver.py", line 198, in run_driver
    release_lock(lock)
  File "/home/sparky/.openclaw/workspace/tokenguardian/tg-burnin-driver.py", line 76, in release_lock
    fcntl.flock(lockfile.fileno(), fcntl.LOCK_UN)
    ^^^^^
NameError: name 'fcntl' is not defined. Did you forget to import 'fcntl'?
/home/sparky/.openclaw/workspace/tokenguardian/tg-burnin-driver.py:39: DeprecationWarning: datetime.datetime.utcnow() is deprecated and scheduled for removal in a future version. Use timezone-aware objects to represent datetimes in UTC: datetime.datetime.now(datetime.UTC).
  ts = datetime.utcnow().isoformat() + "Z"
[2026-02-15T09:20:02.207756Z] DRIVER_STARTED interval=600s
/home/sparky/.openclaw/workspace/tokenguardian/tg-burnin-driver.py:82: DeprecationWarning: datetime.datetime.utcnow() is deprecated and scheduled for removal in a future version. Use timezone-aware objects to represent datetimes in UTC: datetime.datetime.now(datetime.UTC).
  nonce = f"{datetime.utcnow().strftime('%Y%m%dT%H%M%SZ')}_{uuid4().hex[:8]}"
/home/sparky/.openclaw/workspace/tokenguardian/tg-burnin-driver.py:101: DeprecationWarning: datetime.datetime.utcnow() is deprecated and scheduled for removal in a future version. Use timezone-aware objects to represent datetimes in UTC: datetime.datetime.now(datetime.UTC).
  log(f"DRIVER_PROBE_SENT ts={datetime.utcnow().isoformat()}Z lane={lane_type} nonce={nonce}")
/home/sparky/.openclaw/workspace/tokenguardian/tg-burnin-driver.py:39: DeprecationWarning: datetime.datetime.utcnow() is deprecated and scheduled for removal in a future version. Use timezone-aware objects to represent datetimes in UTC: datetime.datetime.now(datetime.UTC).
  ts = datetime.utcnow().isoformat() + "Z"
[2026-02-15T09:20:14.737626Z] DRIVER_PROBE_SENT ts=2026-02-15T09:20:14.737597Z lane=session nonce=20260215T092002Z_778866da
/home/sparky/.openclaw/workspace/tokenguardian/tg-burnin-driver.py:185: DeprecationWarning: datetime.datetime.utcnow() is deprecated and scheduled for removal in a future version. Use timezone-aware objects to represent datetimes in UTC: datetime.datetime.now(datetime.UTC).
  status["last_run"] = datetime.utcnow().isoformat()
[2026-02-15T09:20:14.737938Z] DRIVER_SUCCESS runs=32 lane=session
[2026-02-15T09:20:02.207756Z] DRIVER_STARTED interval=600s
[2026-02-15T09:20:14.737626Z] DRIVER_PROBE_SENT ts=2026-02-15T09:20:14.737597Z lane=session nonce=20260215T092002Z_778866da
[2026-02-15T09:20:14.737938Z] DRIVER_SUCCESS runs=32 lane=session
Traceback (most recent call last):
  File "/home/sparky/.openclaw/workspace/tokenguardian/tg-burnin-driver.py", line 218, in <module>
    main()
  File "/home/sparky/.openclaw/workspace/tokenguardian/tg-burnin-driver.py", line 213, in main
    run_driver(args)
  File "/home/sparky/.openclaw/workspace/tokenguardian/tg-burnin-driver.py", line 198, in run_driver
    release_lock(lock)
  File "/home/sparky/.openclaw/workspace/tokenguardian/tg-burnin-driver.py", line 76, in release_lock
    fcntl.flock(lockfile.fileno(), fcntl.LOCK_UN)
    ^^^^^
NameError: name 'fcntl' is not defined. Did you forget to import 'fcntl'?
/home/sparky/.openclaw/workspace/tokenguardian/tg-burnin-driver.py:39: DeprecationWarning: datetime.datetime.utcnow() is deprecated and scheduled for removal in a future version. Use timezone-aware objects to represent datetimes in UTC: datetime.datetime.now(datetime.UTC).
  ts = datetime.utcnow().isoformat() + "Z"
[2026-02-15T09:30:02.030104Z] DRIVER_STARTED interval=600s
/home/sparky/.openclaw/workspace/tokenguardian/tg-burnin-driver.py:82: DeprecationWarning: datetime.datetime.utcnow() is deprecated and scheduled for removal in a future version. Use timezone-aware objects to represent datetimes in UTC: datetime.datetime.now(datetime.UTC).
  nonce = f"{datetime.utcnow().strftime('%Y%m%dT%H%M%SZ')}_{uuid4().hex[:8]}"
/home/sparky/.openclaw/workspace/tokenguardian/tg-burnin-driver.py:101: DeprecationWarning: datetime.datetime.utcnow() is deprecated and scheduled for removal in a future version. Use timezone-aware objects to represent datetimes in UTC: datetime.datetime.now(datetime.UTC).
  log(f"DRIVER_PROBE_SENT ts={datetime.utcnow().isoformat()}Z lane={lane_type} nonce={nonce}")
/home/sparky/.openclaw/workspace/tokenguardian/tg-burnin-driver.py:39: DeprecationWarning: datetime.datetime.utcnow() is deprecated and scheduled for removal in a future version. Use timezone-aware objects to represent datetimes in UTC: datetime.datetime.now(datetime.UTC).
  ts = datetime.utcnow().isoformat() + "Z"
[2026-02-15T09:30:15.176542Z] DRIVER_PROBE_SENT ts=2026-02-15T09:30:15.176501Z lane=main nonce=20260215T093002Z_d1d86da1
/home/sparky/.openclaw/workspace/tokenguardian/tg-burnin-driver.py:185: DeprecationWarning: datetime.datetime.utcnow() is deprecated and scheduled for removal in a future version. Use timezone-aware objects to represent datetimes in UTC: datetime.datetime.now(datetime.UTC).
  status["last_run"] = datetime.utcnow().isoformat()
[2026-02-15T09:30:15.177006Z] DRIVER_SUCCESS runs=33 lane=main
[2026-02-15T09:30:02.030104Z] DRIVER_STARTED interval=600s
[2026-02-15T09:30:15.176542Z] DRIVER_PROBE_SENT ts=2026-02-15T09:30:15.176501Z lane=main nonce=20260215T093002Z_d1d86da1
[2026-02-15T09:30:15.177006Z] DRIVER_SUCCESS runs=33 lane=main
Traceback (most recent call last):
  File "/home/sparky/.openclaw/workspace/tokenguardian/tg-burnin-driver.py", line 218, in <module>
    main()
  File "/home/sparky/.openclaw/workspace/tokenguardian/tg-burnin-driver.py", line 213, in main
    run_driver(args)
  File "/home/sparky/.openclaw/workspace/tokenguardian/tg-burnin-driver.py", line 198, in run_driver
    release_lock(lock)
  File "/home/sparky/.openclaw/workspace/tokenguardian/tg-burnin-driver.py", line 76, in release_lock
    fcntl.flock(lockfile.fileno(), fcntl.LOCK_UN)
    ^^^^^
NameError: name 'fcntl' is not defined. Did you forget to import 'fcntl'?
/home/sparky/.openclaw/workspace/tokenguardian/tg-burnin-driver.py:39: DeprecationWarning: datetime.datetime.utcnow() is deprecated and scheduled for removal in a future version. Use timezone-aware objects to represent datetimes in UTC: datetime.datetime.now(datetime.UTC).
  ts = datetime.utcnow().isoformat() + "Z"
[2026-02-15T09:40:01.408501Z] DRIVER_STARTED interval=600s
/home/sparky/.openclaw/workspace/tokenguardian/tg-burnin-driver.py:82: DeprecationWarning: datetime.datetime.utcnow() is deprecated and scheduled for removal in a future version. Use timezone-aware objects to represent datetimes in UTC: datetime.datetime.now(datetime.UTC).
  nonce = f"{datetime.utcnow().strftime('%Y%m%dT%H%M%SZ')}_{uuid4().hex[:8]}"
/home/sparky/.openclaw/workspace/tokenguardian/tg-burnin-driver.py:101: DeprecationWarning: datetime.datetime.utcnow() is deprecated and scheduled for removal in a future version. Use timezone-aware objects to represent datetimes in UTC: datetime.datetime.now(datetime.UTC).
  log(f"DRIVER_PROBE_SENT ts={datetime.utcnow().isoformat()}Z lane={lane_type} nonce={nonce}")
/home/sparky/.openclaw/workspace/tokenguardian/tg-burnin-driver.py:39: DeprecationWarning: datetime.datetime.utcnow() is deprecated and scheduled for removal in a future version. Use timezone-aware objects to represent datetimes in UTC: datetime.datetime.now(datetime.UTC).
  ts = datetime.utcnow().isoformat() + "Z"
[2026-02-15T09:40:14.552258Z] DRIVER_PROBE_SENT ts=2026-02-15T09:40:14.552210Z lane=session nonce=20260215T094001Z_e24febbd
/home/sparky/.openclaw/workspace/tokenguardian/tg-burnin-driver.py:185: DeprecationWarning: datetime.datetime.utcnow() is deprecated and scheduled for removal in a future version. Use timezone-aware objects to represent datetimes in UTC: datetime.datetime.now(datetime.UTC).
  status["last_run"] = datetime.utcnow().isoformat()
[2026-02-15T09:40:14.552757Z] DRIVER_SUCCESS runs=34 lane=session
[2026-02-15T09:40:01.408501Z] DRIVER_STARTED interval=600s
[2026-02-15T09:40:14.552258Z] DRIVER_PROBE_SENT ts=2026-02-15T09:40:14.552210Z lane=session nonce=20260215T094001Z_e24febbd
[2026-02-15T09:40:14.552757Z] DRIVER_SUCCESS runs=34 lane=session
Traceback (most recent call last):
  File "/home/sparky/.openclaw/workspace/tokenguardian/tg-burnin-driver.py", line 218, in <module>
    main()
  File "/home/sparky/.openclaw/workspace/tokenguardian/tg-burnin-driver.py", line 213, in main
    run_driver(args)
  File "/home/sparky/.openclaw/workspace/tokenguardian/tg-burnin-driver.py", line 198, in run_driver
    release_lock(lock)
  File "/home/sparky/.openclaw/workspace/tokenguardian/tg-burnin-driver.py", line 76, in release_lock
    fcntl.flock(lockfile.fileno(), fcntl.LOCK_UN)
    ^^^^^
NameError: name 'fcntl' is not defined. Did you forget to import 'fcntl'?
/home/sparky/.openclaw/workspace/tokenguardian/tg-burnin-driver.py:39: DeprecationWarning: datetime.datetime.utcnow() is deprecated and scheduled for removal in a future version. Use timezone-aware objects to represent datetimes in UTC: datetime.datetime.now(datetime.UTC).
  ts = datetime.utcnow().isoformat() + "Z"
[2026-02-15T09:50:01.924711Z] DRIVER_STARTED interval=600s
/home/sparky/.openclaw/workspace/tokenguardian/tg-burnin-driver.py:82: DeprecationWarning: datetime.datetime.utcnow() is deprecated and scheduled for removal in a future version. Use timezone-aware objects to represent datetimes in UTC: datetime.datetime.now(datetime.UTC).
  nonce = f"{datetime.utcnow().strftime('%Y%m%dT%H%M%SZ')}_{uuid4().hex[:8]}"
/home/sparky/.openclaw/workspace/tokenguardian/tg-burnin-driver.py:101: DeprecationWarning: datetime.datetime.utcnow() is deprecated and scheduled for removal in a future version. Use timezone-aware objects to represent datetimes in UTC: datetime.datetime.now(datetime.UTC).
  log(f"DRIVER_PROBE_SENT ts={datetime.utcnow().isoformat()}Z lane={lane_type} nonce={nonce}")
/home/sparky/.openclaw/workspace/tokenguardian/tg-burnin-driver.py:39: DeprecationWarning: datetime.datetime.utcnow() is deprecated and scheduled for removal in a future version. Use timezone-aware objects to represent datetimes in UTC: datetime.datetime.now(datetime.UTC).
  ts = datetime.utcnow().isoformat() + "Z"
[2026-02-15T09:50:14.194690Z] DRIVER_PROBE_SENT ts=2026-02-15T09:50:14.194650Z lane=main nonce=20260215T095001Z_7d28e447
/home/sparky/.openclaw/workspace/tokenguardian/tg-burnin-driver.py:185: DeprecationWarning: datetime.datetime.utcnow() is deprecated and scheduled for removal in a future version. Use timezone-aware objects to represent datetimes in UTC: datetime.datetime.now(datetime.UTC).
  status["last_run"] = datetime.utcnow().isoformat()
[2026-02-15T09:50:14.195147Z] DRIVER_SUCCESS runs=35 lane=main
[2026-02-15T09:50:01.924711Z] DRIVER_STARTED interval=600s
[2026-02-15T09:50:14.194690Z] DRIVER_PROBE_SENT ts=2026-02-15T09:50:14.194650Z lane=main nonce=20260215T095001Z_7d28e447
[2026-02-15T09:50:14.195147Z] DRIVER_SUCCESS runs=35 lane=main
Traceback (most recent call last):
  File "/home/sparky/.openclaw/workspace/tokenguardian/tg-burnin-driver.py", line 218, in <module>
    main()
  File "/home/sparky/.openclaw/workspace/tokenguardian/tg-burnin-driver.py", line 213, in main
    run_driver(args)
  File "/home/sparky/.openclaw/workspace/tokenguardian/tg-burnin-driver.py", line 198, in run_driver
    release_lock(lock)
  File "/home/sparky/.openclaw/workspace/tokenguardian/tg-burnin-driver.py", line 76, in release_lock
    fcntl.flock(lockfile.fileno(), fcntl.LOCK_UN)
    ^^^^^
NameError: name 'fcntl' is not defined. Did you forget to import 'fcntl'?
/home/sparky/.openclaw/workspace/tokenguardian/tg-burnin-driver.py:39: DeprecationWarning: datetime.datetime.utcnow() is deprecated and scheduled for removal in a future version. Use timezone-aware objects to represent datetimes in UTC: datetime.datetime.now(datetime.UTC).
  ts = datetime.utcnow().isoformat() + "Z"
[2026-02-15T10:00:01.638742Z] DRIVER_STARTED interval=600s
/home/sparky/.openclaw/workspace/tokenguardian/tg-burnin-driver.py:82: DeprecationWarning: datetime.datetime.utcnow() is deprecated and scheduled for removal in a future version. Use timezone-aware objects to represent datetimes in UTC: datetime.datetime.now(datetime.UTC).
  nonce = f"{datetime.utcnow().strftime('%Y%m%dT%H%M%SZ')}_{uuid4().hex[:8]}"
/home/sparky/.openclaw/workspace/tokenguardian/tg-burnin-driver.py:101: DeprecationWarning: datetime.datetime.utcnow() is deprecated and scheduled for removal in a future version. Use timezone-aware objects to represent datetimes in UTC: datetime.datetime.now(datetime.UTC).
  log(f"DRIVER_PROBE_SENT ts={datetime.utcnow().isoformat()}Z lane={lane_type} nonce={nonce}")
/home/sparky/.openclaw/workspace/tokenguardian/tg-burnin-driver.py:39: DeprecationWarning: datetime.datetime.utcnow() is deprecated and scheduled for removal in a future version. Use timezone-aware objects to represent datetimes in UTC: datetime.datetime.now(datetime.UTC).
  ts = datetime.utcnow().isoformat() + "Z"
[2026-02-15T10:00:16.941122Z] DRIVER_PROBE_SENT ts=2026-02-15T10:00:16.941075Z lane=session nonce=20260215T100001Z_1108b240
/home/sparky/.openclaw/workspace/tokenguardian/tg-burnin-driver.py:185: DeprecationWarning: datetime.datetime.utcnow() is deprecated and scheduled for removal in a future version. Use timezone-aware objects to represent datetimes in UTC: datetime.datetime.now(datetime.UTC).
  status["last_run"] = datetime.utcnow().isoformat()
[2026-02-15T10:00:16.941825Z] DRIVER_SUCCESS runs=36 lane=session
[2026-02-15T10:00:01.638742Z] DRIVER_STARTED interval=600s
[2026-02-15T10:00:16.941122Z] DRIVER_PROBE_SENT ts=2026-02-15T10:00:16.941075Z lane=session nonce=20260215T100001Z_1108b240
[2026-02-15T10:00:16.941825Z] DRIVER_SUCCESS runs=36 lane=session
Traceback (most recent call last):
  File "/home/sparky/.openclaw/workspace/tokenguardian/tg-burnin-driver.py", line 218, in <module>
    main()
  File "/home/sparky/.openclaw/workspace/tokenguardian/tg-burnin-driver.py", line 213, in main
    run_driver(args)
  File "/home/sparky/.openclaw/workspace/tokenguardian/tg-burnin-driver.py", line 198, in run_driver
    release_lock(lock)
  File "/home/sparky/.openclaw/workspace/tokenguardian/tg-burnin-driver.py", line 76, in release_lock
    fcntl.flock(lockfile.fileno(), fcntl.LOCK_UN)
    ^^^^^
NameError: name 'fcntl' is not defined. Did you forget to import 'fcntl'?
/home/sparky/.openclaw/workspace/tokenguardian/tg-burnin-driver.py:39: DeprecationWarning: datetime.datetime.utcnow() is deprecated and scheduled for removal in a future version. Use timezone-aware objects to represent datetimes in UTC: datetime.datetime.now(datetime.UTC).
  ts = datetime.utcnow().isoformat() + "Z"
[2026-02-15T10:10:01.292434Z] DRIVER_STARTED interval=600s
/home/sparky/.openclaw/workspace/tokenguardian/tg-burnin-driver.py:82: DeprecationWarning: datetime.datetime.utcnow() is deprecated and scheduled for removal in a future version. Use timezone-aware objects to represent datetimes in UTC: datetime.datetime.now(datetime.UTC).
  nonce = f"{datetime.utcnow().strftime('%Y%m%dT%H%M%SZ')}_{uuid4().hex[:8]}"
/home/sparky/.openclaw/workspace/tokenguardian/tg-burnin-driver.py:101: DeprecationWarning: datetime.datetime.utcnow() is deprecated and scheduled for removal in a future version. Use timezone-aware objects to represent datetimes in UTC: datetime.datetime.now(datetime.UTC).
  log(f"DRIVER_PROBE_SENT ts={datetime.utcnow().isoformat()}Z lane={lane_type} nonce={nonce}")
/home/sparky/.openclaw/workspace/tokenguardian/tg-burnin-driver.py:39: DeprecationWarning: datetime.datetime.utcnow() is deprecated and scheduled for removal in a future version. Use timezone-aware objects to represent datetimes in UTC: datetime.datetime.now(datetime.UTC).
  ts = datetime.utcnow().isoformat() + "Z"
[2026-02-15T10:10:13.591669Z] DRIVER_PROBE_SENT ts=2026-02-15T10:10:13.591628Z lane=main nonce=20260215T101001Z_fec912ea
/home/sparky/.openclaw/workspace/tokenguardian/tg-burnin-driver.py:185: DeprecationWarning: datetime.datetime.utcnow() is deprecated and scheduled for removal in a future version. Use timezone-aware objects to represent datetimes in UTC: datetime.datetime.now(datetime.UTC).
  status["last_run"] = datetime.utcnow().isoformat()
[2026-02-15T10:10:13.592092Z] DRIVER_SUCCESS runs=37 lane=main
[2026-02-15T10:10:01.292434Z] DRIVER_STARTED interval=600s
[2026-02-15T10:10:13.591669Z] DRIVER_PROBE_SENT ts=2026-02-15T10:10:13.591628Z lane=main nonce=20260215T101001Z_fec912ea
[2026-02-15T10:10:13.592092Z] DRIVER_SUCCESS runs=37 lane=main
Traceback (most recent call last):
  File "/home/sparky/.openclaw/workspace/tokenguardian/tg-burnin-driver.py", line 218, in <module>
    main()
  File "/home/sparky/.openclaw/workspace/tokenguardian/tg-burnin-driver.py", line 213, in main
    run_driver(args)
  File "/home/sparky/.openclaw/workspace/tokenguardian/tg-burnin-driver.py", line 198, in run_driver
    release_lock(lock)
  File "/home/sparky/.openclaw/workspace/tokenguardian/tg-burnin-driver.py", line 76, in release_lock
    fcntl.flock(lockfile.fileno(), fcntl.LOCK_UN)
    ^^^^^
NameError: name 'fcntl' is not defined. Did you forget to import 'fcntl'?
/home/sparky/.openclaw/workspace/tokenguardian/tg-burnin-driver.py:39: DeprecationWarning: datetime.datetime.utcnow() is deprecated and scheduled for removal in a future version. Use timezone-aware objects to represent datetimes in UTC: datetime.datetime.now(datetime.UTC).
  ts = datetime.utcnow().isoformat() + "Z"
[2026-02-15T10:20:01.879731Z] DRIVER_STARTED interval=600s
/home/sparky/.openclaw/workspace/tokenguardian/tg-burnin-driver.py:82: DeprecationWarning: datetime.datetime.utcnow() is deprecated and scheduled for removal in a future version. Use timezone-aware objects to represent datetimes in UTC: datetime.datetime.now(datetime.UTC).
  nonce = f"{datetime.utcnow().strftime('%Y%m%dT%H%M%SZ')}_{uuid4().hex[:8]}"
/home/sparky/.openclaw/workspace/tokenguardian/tg-burnin-driver.py:101: DeprecationWarning: datetime.datetime.utcnow() is deprecated and scheduled for removal in a future version. Use timezone-aware objects to represent datetimes in UTC: datetime.datetime.now(datetime.UTC).
  log(f"DRIVER_PROBE_SENT ts={datetime.utcnow().isoformat()}Z lane={lane_type} nonce={nonce}")
/home/sparky/.openclaw/workspace/tokenguardian/tg-burnin-driver.py:39: DeprecationWarning: datetime.datetime.utcnow() is deprecated and scheduled for removal in a future version. Use timezone-aware objects to represent datetimes in UTC: datetime.datetime.now(datetime.UTC).
  ts = datetime.utcnow().isoformat() + "Z"
[2026-02-15T10:20:14.576346Z] DRIVER_PROBE_SENT ts=2026-02-15T10:20:14.576303Z lane=session nonce=20260215T102001Z_b9ea8b64
/home/sparky/.openclaw/workspace/tokenguardian/tg-burnin-driver.py:185: DeprecationWarning: datetime.datetime.utcnow() is deprecated and scheduled for removal in a future version. Use timezone-aware objects to represent datetimes in UTC: datetime.datetime.now(datetime.UTC).
  status["last_run"] = datetime.utcnow().isoformat()
[2026-02-15T10:20:14.576719Z] DRIVER_SUCCESS runs=38 lane=session
[2026-02-15T10:20:01.879731Z] DRIVER_STARTED interval=600s
[2026-02-15T10:20:14.576346Z] DRIVER_PROBE_SENT ts=2026-02-15T10:20:14.576303Z lane=session nonce=20260215T102001Z_b9ea8b64
[2026-02-15T10:20:14.576719Z] DRIVER_SUCCESS runs=38 lane=session
Traceback (most recent call last):
  File "/home/sparky/.openclaw/workspace/tokenguardian/tg-burnin-driver.py", line 218, in <module>
    main()
  File "/home/sparky/.openclaw/workspace/tokenguardian/tg-burnin-driver.py", line 213, in main
    run_driver(args)
  File "/home/sparky/.openclaw/workspace/tokenguardian/tg-burnin-driver.py", line 198, in run_driver
    release_lock(lock)
  File "/home/sparky/.openclaw/workspace/tokenguardian/tg-burnin-driver.py", line 76, in release_lock
    fcntl.flock(lockfile.fileno(), fcntl.LOCK_UN)
    ^^^^^
NameError: name 'fcntl' is not defined. Did you forget to import 'fcntl'?
/home/sparky/.openclaw/workspace/tokenguardian/tg-burnin-driver.py:39: DeprecationWarning: datetime.datetime.utcnow() is deprecated and scheduled for removal in a future version. Use timezone-aware objects to represent datetimes in UTC: datetime.datetime.now(datetime.UTC).
  ts = datetime.utcnow().isoformat() + "Z"
[2026-02-15T10:30:01.912254Z] DRIVER_STARTED interval=600s
/home/sparky/.openclaw/workspace/tokenguardian/tg-burnin-driver.py:82: DeprecationWarning: datetime.datetime.utcnow() is deprecated and scheduled for removal in a future version. Use timezone-aware objects to represent datetimes in UTC: datetime.datetime.now(datetime.UTC).
  nonce = f"{datetime.utcnow().strftime('%Y%m%dT%H%M%SZ')}_{uuid4().hex[:8]}"
/home/sparky/.openclaw/workspace/tokenguardian/tg-burnin-driver.py:101: DeprecationWarning: datetime.datetime.utcnow() is deprecated and scheduled for removal in a future version. Use timezone-aware objects to represent datetimes in UTC: datetime.datetime.now(datetime.UTC).
  log(f"DRIVER_PROBE_SENT ts={datetime.utcnow().isoformat()}Z lane={lane_type} nonce={nonce}")
/home/sparky/.openclaw/workspace/tokenguardian/tg-burnin-driver.py:39: DeprecationWarning: datetime.datetime.utcnow() is deprecated and scheduled for removal in a future version. Use timezone-aware objects to represent datetimes in UTC: datetime.datetime.now(datetime.UTC).
  ts = datetime.utcnow().isoformat() + "Z"
[2026-02-15T10:30:15.654034Z] DRIVER_PROBE_SENT ts=2026-02-15T10:30:15.653973Z lane=main nonce=20260215T103001Z_c706fcc6
/home/sparky/.openclaw/workspace/tokenguardian/tg-burnin-driver.py:185: DeprecationWarning: datetime.datetime.utcnow() is deprecated and scheduled for removal in a future version. Use timezone-aware objects to represent datetimes in UTC: datetime.datetime.now(datetime.UTC).
  status["last_run"] = datetime.utcnow().isoformat()
[2026-02-15T10:30:15.654729Z] DRIVER_SUCCESS runs=39 lane=main
[2026-02-15T10:30:01.912254Z] DRIVER_STARTED interval=600s
[2026-02-15T10:30:15.654034Z] DRIVER_PROBE_SENT ts=2026-02-15T10:30:15.653973Z lane=main nonce=20260215T103001Z_c706fcc6
[2026-02-15T10:30:15.654729Z] DRIVER_SUCCESS runs=39 lane=main
Traceback (most recent call last):
  File "/home/sparky/.openclaw/workspace/tokenguardian/tg-burnin-driver.py", line 218, in <module>
    main()
  File "/home/sparky/.openclaw/workspace/tokenguardian/tg-burnin-driver.py", line 213, in main
    run_driver(args)
  File "/home/sparky/.openclaw/workspace/tokenguardian/tg-burnin-driver.py", line 198, in run_driver
    release_lock(lock)
  File "/home/sparky/.openclaw/workspace/tokenguardian/tg-burnin-driver.py", line 76, in release_lock
    fcntl.flock(lockfile.fileno(), fcntl.LOCK_UN)
    ^^^^^
NameError: name 'fcntl' is not defined. Did you forget to import 'fcntl'?
/home/sparky/.openclaw/workspace/tokenguardian/tg-burnin-driver.py:39: DeprecationWarning: datetime.datetime.utcnow() is deprecated and scheduled for removal in a future version. Use timezone-aware objects to represent datetimes in UTC: datetime.datetime.now(datetime.UTC).
  ts = datetime.utcnow().isoformat() + "Z"
[2026-02-15T10:40:02.033356Z] DRIVER_STARTED interval=600s
/home/sparky/.openclaw/workspace/tokenguardian/tg-burnin-driver.py:82: DeprecationWarning: datetime.datetime.utcnow() is deprecated and scheduled for removal in a future version. Use timezone-aware objects to represent datetimes in UTC: datetime.datetime.now(datetime.UTC).
  nonce = f"{datetime.utcnow().strftime('%Y%m%dT%H%M%SZ')}_{uuid4().hex[:8]}"
/home/sparky/.openclaw/workspace/tokenguardian/tg-burnin-driver.py:101: DeprecationWarning: datetime.datetime.utcnow() is deprecated and scheduled for removal in a future version. Use timezone-aware objects to represent datetimes in UTC: datetime.datetime.now(datetime.UTC).
  log(f"DRIVER_PROBE_SENT ts={datetime.utcnow().isoformat()}Z lane={lane_type} nonce={nonce}")
/home/sparky/.openclaw/workspace/tokenguardian/tg-burnin-driver.py:39: DeprecationWarning: datetime.datetime.utcnow() is deprecated and scheduled for removal in a future version. Use timezone-aware objects to represent datetimes in UTC: datetime.datetime.now(datetime.UTC).
  ts = datetime.utcnow().isoformat() + "Z"
[2026-02-15T10:40:13.642375Z] DRIVER_PROBE_SENT ts=2026-02-15T10:40:13.642341Z lane=session nonce=20260215T104002Z_e4e0f0f5
/home/sparky/.openclaw/workspace/tokenguardian/tg-burnin-driver.py:185: DeprecationWarning: datetime.datetime.utcnow() is deprecated and scheduled for removal in a future version. Use timezone-aware objects to represent datetimes in UTC: datetime.datetime.now(datetime.UTC).
  status["last_run"] = datetime.utcnow().isoformat()
[2026-02-15T10:40:13.642711Z] DRIVER_SUCCESS runs=40 lane=session
[2026-02-15T10:40:02.033356Z] DRIVER_STARTED interval=600s
[2026-02-15T10:40:13.642375Z] DRIVER_PROBE_SENT ts=2026-02-15T10:40:13.642341Z lane=session nonce=20260215T104002Z_e4e0f0f5
[2026-02-15T10:40:13.642711Z] DRIVER_SUCCESS runs=40 lane=session
Traceback (most recent call last):
  File "/home/sparky/.openclaw/workspace/tokenguardian/tg-burnin-driver.py", line 218, in <module>
    main()
  File "/home/sparky/.openclaw/workspace/tokenguardian/tg-burnin-driver.py", line 213, in main
    run_driver(args)
  File "/home/sparky/.openclaw/workspace/tokenguardian/tg-burnin-driver.py", line 198, in run_driver
    release_lock(lock)
  File "/home/sparky/.openclaw/workspace/tokenguardian/tg-burnin-driver.py", line 76, in release_lock
    fcntl.flock(lockfile.fileno(), fcntl.LOCK_UN)
    ^^^^^
NameError: name 'fcntl' is not defined. Did you forget to import 'fcntl'?
/home/sparky/.openclaw/workspace/tokenguardian/tg-burnin-driver.py:39: DeprecationWarning: datetime.datetime.utcnow() is deprecated and scheduled for removal in a future version. Use timezone-aware objects to represent datetimes in UTC: datetime.datetime.now(datetime.UTC).
  ts = datetime.utcnow().isoformat() + "Z"
[2026-02-15T10:50:02.032099Z] DRIVER_STARTED interval=600s
/home/sparky/.openclaw/workspace/tokenguardian/tg-burnin-driver.py:82: DeprecationWarning: datetime.datetime.utcnow() is deprecated and scheduled for removal in a future version. Use timezone-aware objects to represent datetimes in UTC: datetime.datetime.now(datetime.UTC).
  nonce = f"{datetime.utcnow().strftime('%Y%m%dT%H%M%SZ')}_{uuid4().hex[:8]}"
/home/sparky/.openclaw/workspace/tokenguardian/tg-burnin-driver.py:101: DeprecationWarning: datetime.datetime.utcnow() is deprecated and scheduled for removal in a future version. Use timezone-aware objects to represent datetimes in UTC: datetime.datetime.now(datetime.UTC).
  log(f"DRIVER_PROBE_SENT ts={datetime.utcnow().isoformat()}Z lane={lane_type} nonce={nonce}")
/home/sparky/.openclaw/workspace/tokenguardian/tg-burnin-driver.py:39: DeprecationWarning: datetime.datetime.utcnow() is deprecated and scheduled for removal in a future version. Use timezone-aware objects to represent datetimes in UTC: datetime.datetime.now(datetime.UTC).
  ts = datetime.utcnow().isoformat() + "Z"
[2026-02-15T10:50:14.944815Z] DRIVER_PROBE_SENT ts=2026-02-15T10:50:14.944774Z lane=main nonce=20260215T105002Z_7d39ea46
/home/sparky/.openclaw/workspace/tokenguardian/tg-burnin-driver.py:185: DeprecationWarning: datetime.datetime.utcnow() is deprecated and scheduled for removal in a future version. Use timezone-aware objects to represent datetimes in UTC: datetime.datetime.now(datetime.UTC).
  status["last_run"] = datetime.utcnow().isoformat()
[2026-02-15T10:50:14.945311Z] DRIVER_SUCCESS runs=41 lane=main
[2026-02-15T10:50:02.032099Z] DRIVER_STARTED interval=600s
[2026-02-15T10:50:14.944815Z] DRIVER_PROBE_SENT ts=2026-02-15T10:50:14.944774Z lane=main nonce=20260215T105002Z_7d39ea46
[2026-02-15T10:50:14.945311Z] DRIVER_SUCCESS runs=41 lane=main
Traceback (most recent call last):
  File "/home/sparky/.openclaw/workspace/tokenguardian/tg-burnin-driver.py", line 218, in <module>
    main()
  File "/home/sparky/.openclaw/workspace/tokenguardian/tg-burnin-driver.py", line 213, in main
    run_driver(args)
  File "/home/sparky/.openclaw/workspace/tokenguardian/tg-burnin-driver.py", line 198, in run_driver
    release_lock(lock)
  File "/home/sparky/.openclaw/workspace/tokenguardian/tg-burnin-driver.py", line 76, in release_lock
    fcntl.flock(lockfile.fileno(), fcntl.LOCK_UN)
    ^^^^^
NameError: name 'fcntl' is not defined. Did you forget to import 'fcntl'?
/home/sparky/.openclaw/workspace/tokenguardian/tg-burnin-driver.py:39: DeprecationWarning: datetime.datetime.utcnow() is deprecated and scheduled for removal in a future version. Use timezone-aware objects to represent datetimes in UTC: datetime.datetime.now(datetime.UTC).
  ts = datetime.utcnow().isoformat() + "Z"
[2026-02-15T11:00:01.199796Z] DRIVER_STARTED interval=600s
/home/sparky/.openclaw/workspace/tokenguardian/tg-burnin-driver.py:82: DeprecationWarning: datetime.datetime.utcnow() is deprecated and scheduled for removal in a future version. Use timezone-aware objects to represent datetimes in UTC: datetime.datetime.now(datetime.UTC).
  nonce = f"{datetime.utcnow().strftime('%Y%m%dT%H%M%SZ')}_{uuid4().hex[:8]}"
/home/sparky/.openclaw/workspace/tokenguardian/tg-burnin-driver.py:101: DeprecationWarning: datetime.datetime.utcnow() is deprecated and scheduled for removal in a future version. Use timezone-aware objects to represent datetimes in UTC: datetime.datetime.now(datetime.UTC).
  log(f"DRIVER_PROBE_SENT ts={datetime.utcnow().isoformat()}Z lane={lane_type} nonce={nonce}")
/home/sparky/.openclaw/workspace/tokenguardian/tg-burnin-driver.py:39: DeprecationWarning: datetime.datetime.utcnow() is deprecated and scheduled for removal in a future version. Use timezone-aware objects to represent datetimes in UTC: datetime.datetime.now(datetime.UTC).
  ts = datetime.utcnow().isoformat() + "Z"
[2026-02-15T11:00:16.470315Z] DRIVER_PROBE_SENT ts=2026-02-15T11:00:16.470253Z lane=session nonce=20260215T110001Z_702df785
/home/sparky/.openclaw/workspace/tokenguardian/tg-burnin-driver.py:185: DeprecationWarning: datetime.datetime.utcnow() is deprecated and scheduled for removal in a future version. Use timezone-aware objects to represent datetimes in UTC: datetime.datetime.now(datetime.UTC).
  status["last_run"] = datetime.utcnow().isoformat()
[2026-02-15T11:00:16.470932Z] DRIVER_SUCCESS runs=42 lane=session
[2026-02-15T11:00:01.199796Z] DRIVER_STARTED interval=600s
[2026-02-15T11:00:16.470315Z] DRIVER_PROBE_SENT ts=2026-02-15T11:00:16.470253Z lane=session nonce=20260215T110001Z_702df785
[2026-02-15T11:00:16.470932Z] DRIVER_SUCCESS runs=42 lane=session
Traceback (most recent call last):
  File "/home/sparky/.openclaw/workspace/tokenguardian/tg-burnin-driver.py", line 218, in <module>
    main()
  File "/home/sparky/.openclaw/workspace/tokenguardian/tg-burnin-driver.py", line 213, in main
    run_driver(args)
  File "/home/sparky/.openclaw/workspace/tokenguardian/tg-burnin-driver.py", line 198, in run_driver
    release_lock(lock)
  File "/home/sparky/.openclaw/workspace/tokenguardian/tg-burnin-driver.py", line 76, in release_lock
    fcntl.flock(lockfile.fileno(), fcntl.LOCK_UN)
    ^^^^^
NameError: name 'fcntl' is not defined. Did you forget to import 'fcntl'?
/home/sparky/.openclaw/workspace/tokenguardian/tg-burnin-driver.py:39: DeprecationWarning: datetime.datetime.utcnow() is deprecated and scheduled for removal in a future version. Use timezone-aware objects to represent datetimes in UTC: datetime.datetime.now(datetime.UTC).
  ts = datetime.utcnow().isoformat() + "Z"
[2026-02-15T11:10:01.824947Z] DRIVER_STARTED interval=600s
/home/sparky/.openclaw/workspace/tokenguardian/tg-burnin-driver.py:82: DeprecationWarning: datetime.datetime.utcnow() is deprecated and scheduled for removal in a future version. Use timezone-aware objects to represent datetimes in UTC: datetime.datetime.now(datetime.UTC).
  nonce = f"{datetime.utcnow().strftime('%Y%m%dT%H%M%SZ')}_{uuid4().hex[:8]}"
/home/sparky/.openclaw/workspace/tokenguardian/tg-burnin-driver.py:101: DeprecationWarning: datetime.datetime.utcnow() is deprecated and scheduled for removal in a future version. Use timezone-aware objects to represent datetimes in UTC: datetime.datetime.now(datetime.UTC).
  log(f"DRIVER_PROBE_SENT ts={datetime.utcnow().isoformat()}Z lane={lane_type} nonce={nonce}")
/home/sparky/.openclaw/workspace/tokenguardian/tg-burnin-driver.py:39: DeprecationWarning: datetime.datetime.utcnow() is deprecated and scheduled for removal in a future version. Use timezone-aware objects to represent datetimes in UTC: datetime.datetime.now(datetime.UTC).
  ts = datetime.utcnow().isoformat() + "Z"
[2026-02-15T11:10:12.868229Z] DRIVER_PROBE_SENT ts=2026-02-15T11:10:12.868197Z lane=main nonce=20260215T111001Z_8f3665b9
/home/sparky/.openclaw/workspace/tokenguardian/tg-burnin-driver.py:185: DeprecationWarning: datetime.datetime.utcnow() is deprecated and scheduled for removal in a future version. Use timezone-aware objects to represent datetimes in UTC: datetime.datetime.now(datetime.UTC).
  status["last_run"] = datetime.utcnow().isoformat()
[2026-02-15T11:10:12.868572Z] DRIVER_SUCCESS runs=43 lane=main
[2026-02-15T11:10:01.824947Z] DRIVER_STARTED interval=600s
[2026-02-15T11:10:12.868229Z] DRIVER_PROBE_SENT ts=2026-02-15T11:10:12.868197Z lane=main nonce=20260215T111001Z_8f3665b9
[2026-02-15T11:10:12.868572Z] DRIVER_SUCCESS runs=43 lane=main
Traceback (most recent call last):
  File "/home/sparky/.openclaw/workspace/tokenguardian/tg-burnin-driver.py", line 218, in <module>
    main()
  File "/home/sparky/.openclaw/workspace/tokenguardian/tg-burnin-driver.py", line 213, in main
    run_driver(args)
  File "/home/sparky/.openclaw/workspace/tokenguardian/tg-burnin-driver.py", line 198, in run_driver
    release_lock(lock)
  File "/home/sparky/.openclaw/workspace/tokenguardian/tg-burnin-driver.py", line 76, in release_lock
    fcntl.flock(lockfile.fileno(), fcntl.LOCK_UN)
    ^^^^^
NameError: name 'fcntl' is not defined. Did you forget to import 'fcntl'?
/home/sparky/.openclaw/workspace/tokenguardian/tg-burnin-driver.py:39: DeprecationWarning: datetime.datetime.utcnow() is deprecated and scheduled for removal in a future version. Use timezone-aware objects to represent datetimes in UTC: datetime.datetime.now(datetime.UTC).
  ts = datetime.utcnow().isoformat() + "Z"
[2026-02-15T11:20:01.101282Z] DRIVER_STARTED interval=600s
/home/sparky/.openclaw/workspace/tokenguardian/tg-burnin-driver.py:82: DeprecationWarning: datetime.datetime.utcnow() is deprecated and scheduled for removal in a future version. Use timezone-aware objects to represent datetimes in UTC: datetime.datetime.now(datetime.UTC).
  nonce = f"{datetime.utcnow().strftime('%Y%m%dT%H%M%SZ')}_{uuid4().hex[:8]}"
/home/sparky/.openclaw/workspace/tokenguardian/tg-burnin-driver.py:101: DeprecationWarning: datetime.datetime.utcnow() is deprecated and scheduled for removal in a future version. Use timezone-aware objects to represent datetimes in UTC: datetime.datetime.now(datetime.UTC).
  log(f"DRIVER_PROBE_SENT ts={datetime.utcnow().isoformat()}Z lane={lane_type} nonce={nonce}")
/home/sparky/.openclaw/workspace/tokenguardian/tg-burnin-driver.py:39: DeprecationWarning: datetime.datetime.utcnow() is deprecated and scheduled for removal in a future version. Use timezone-aware objects to represent datetimes in UTC: datetime.datetime.now(datetime.UTC).
  ts = datetime.utcnow().isoformat() + "Z"
[2026-02-15T11:20:13.656576Z] DRIVER_PROBE_SENT ts=2026-02-15T11:20:13.656459Z lane=session nonce=20260215T112001Z_548d7a4e
/home/sparky/.openclaw/workspace/tokenguardian/tg-burnin-driver.py:185: DeprecationWarning: datetime.datetime.utcnow() is deprecated and scheduled for removal in a future version. Use timezone-aware objects to represent datetimes in UTC: datetime.datetime.now(datetime.UTC).
  status["last_run"] = datetime.utcnow().isoformat()
[2026-02-15T11:20:13.656965Z] DRIVER_SUCCESS runs=44 lane=session
[2026-02-15T11:20:01.101282Z] DRIVER_STARTED interval=600s
[2026-02-15T11:20:13.656576Z] DRIVER_PROBE_SENT ts=2026-02-15T11:20:13.656459Z lane=session nonce=20260215T112001Z_548d7a4e
[2026-02-15T11:20:13.656965Z] DRIVER_SUCCESS runs=44 lane=session
Traceback (most recent call last):
  File "/home/sparky/.openclaw/workspace/tokenguardian/tg-burnin-driver.py", line 218, in <module>
    main()
  File "/home/sparky/.openclaw/workspace/tokenguardian/tg-burnin-driver.py", line 213, in main
    run_driver(args)
  File "/home/sparky/.openclaw/workspace/tokenguardian/tg-burnin-driver.py", line 198, in run_driver
    release_lock(lock)
  File "/home/sparky/.openclaw/workspace/tokenguardian/tg-burnin-driver.py", line 76, in release_lock
    fcntl.flock(lockfile.fileno(), fcntl.LOCK_UN)
    ^^^^^
NameError: name 'fcntl' is not defined. Did you forget to import 'fcntl'?
/home/sparky/.openclaw/workspace/tokenguardian/tg-burnin-driver.py:39: DeprecationWarning: datetime.datetime.utcnow() is deprecated and scheduled for removal in a future version. Use timezone-aware objects to represent datetimes in UTC: datetime.datetime.now(datetime.UTC).
  ts = datetime.utcnow().isoformat() + "Z"
[2026-02-15T11:30:02.067775Z] DRIVER_STARTED interval=600s
/home/sparky/.openclaw/workspace/tokenguardian/tg-burnin-driver.py:82: DeprecationWarning: datetime.datetime.utcnow() is deprecated and scheduled for removal in a future version. Use timezone-aware objects to represent datetimes in UTC: datetime.datetime.now(datetime.UTC).
  nonce = f"{datetime.utcnow().strftime('%Y%m%dT%H%M%SZ')}_{uuid4().hex[:8]}"
/home/sparky/.openclaw/workspace/tokenguardian/tg-burnin-driver.py:101: DeprecationWarning: datetime.datetime.utcnow() is deprecated and scheduled for removal in a future version. Use timezone-aware objects to represent datetimes in UTC: datetime.datetime.now(datetime.UTC).
  log(f"DRIVER_PROBE_SENT ts={datetime.utcnow().isoformat()}Z lane={lane_type} nonce={nonce}")
/home/sparky/.openclaw/workspace/tokenguardian/tg-burnin-driver.py:39: DeprecationWarning: datetime.datetime.utcnow() is deprecated and scheduled for removal in a future version. Use timezone-aware objects to represent datetimes in UTC: datetime.datetime.now(datetime.UTC).
  ts = datetime.utcnow().isoformat() + "Z"
[2026-02-15T11:30:16.153830Z] DRIVER_PROBE_SENT ts=2026-02-15T11:30:16.153789Z lane=main nonce=20260215T113002Z_b6a0abc2
/home/sparky/.openclaw/workspace/tokenguardian/tg-burnin-driver.py:185: DeprecationWarning: datetime.datetime.utcnow() is deprecated and scheduled for removal in a future version. Use timezone-aware objects to represent datetimes in UTC: datetime.datetime.now(datetime.UTC).
  status["last_run"] = datetime.utcnow().isoformat()
[2026-02-15T11:30:16.154294Z] DRIVER_SUCCESS runs=45 lane=main
[2026-02-15T11:30:02.067775Z] DRIVER_STARTED interval=600s
[2026-02-15T11:30:16.153830Z] DRIVER_PROBE_SENT ts=2026-02-15T11:30:16.153789Z lane=main nonce=20260215T113002Z_b6a0abc2
[2026-02-15T11:30:16.154294Z] DRIVER_SUCCESS runs=45 lane=main
Traceback (most recent call last):
  File "/home/sparky/.openclaw/workspace/tokenguardian/tg-burnin-driver.py", line 218, in <module>
    main()
  File "/home/sparky/.openclaw/workspace/tokenguardian/tg-burnin-driver.py", line 213, in main
    run_driver(args)
  File "/home/sparky/.openclaw/workspace/tokenguardian/tg-burnin-driver.py", line 198, in run_driver
    release_lock(lock)
  File "/home/sparky/.openclaw/workspace/tokenguardian/tg-burnin-driver.py", line 76, in release_lock
    fcntl.flock(lockfile.fileno(), fcntl.LOCK_UN)
    ^^^^^
NameError: name 'fcntl' is not defined. Did you forget to import 'fcntl'?
/home/sparky/.openclaw/workspace/tokenguardian/tg-burnin-driver.py:39: DeprecationWarning: datetime.datetime.utcnow() is deprecated and scheduled for removal in a future version. Use timezone-aware objects to represent datetimes in UTC: datetime.datetime.now(datetime.UTC).
  ts = datetime.utcnow().isoformat() + "Z"
[2026-02-15T11:40:01.510103Z] DRIVER_STARTED interval=600s
/home/sparky/.openclaw/workspace/tokenguardian/tg-burnin-driver.py:82: DeprecationWarning: datetime.datetime.utcnow() is deprecated and scheduled for removal in a future version. Use timezone-aware objects to represent datetimes in UTC: datetime.datetime.now(datetime.UTC).
  nonce = f"{datetime.utcnow().strftime('%Y%m%dT%H%M%SZ')}_{uuid4().hex[:8]}"
/home/sparky/.openclaw/workspace/tokenguardian/tg-burnin-driver.py:101: DeprecationWarning: datetime.datetime.utcnow() is deprecated and scheduled for removal in a future version. Use timezone-aware objects to represent datetimes in UTC: datetime.datetime.now(datetime.UTC).
  log(f"DRIVER_PROBE_SENT ts={datetime.utcnow().isoformat()}Z lane={lane_type} nonce={nonce}")
/home/sparky/.openclaw/workspace/tokenguardian/tg-burnin-driver.py:39: DeprecationWarning: datetime.datetime.utcnow() is deprecated and scheduled for removal in a future version. Use timezone-aware objects to represent datetimes in UTC: datetime.datetime.now(datetime.UTC).
  ts = datetime.utcnow().isoformat() + "Z"
[2026-02-15T11:40:14.241941Z] DRIVER_PROBE_SENT ts=2026-02-15T11:40:14.241891Z lane=session nonce=20260215T114001Z_989152ec
/home/sparky/.openclaw/workspace/tokenguardian/tg-burnin-driver.py:185: DeprecationWarning: datetime.datetime.utcnow() is deprecated and scheduled for removal in a future version. Use timezone-aware objects to represent datetimes in UTC: datetime.datetime.now(datetime.UTC).
  status["last_run"] = datetime.utcnow().isoformat()
[2026-02-15T11:40:14.242452Z] DRIVER_SUCCESS runs=46 lane=session
[2026-02-15T11:40:01.510103Z] DRIVER_STARTED interval=600s
[2026-02-15T11:40:14.241941Z] DRIVER_PROBE_SENT ts=2026-02-15T11:40:14.241891Z lane=session nonce=20260215T114001Z_989152ec
[2026-02-15T11:40:14.242452Z] DRIVER_SUCCESS runs=46 lane=session
Traceback (most recent call last):
  File "/home/sparky/.openclaw/workspace/tokenguardian/tg-burnin-driver.py", line 218, in <module>
    main()
  File "/home/sparky/.openclaw/workspace/tokenguardian/tg-burnin-driver.py", line 213, in main
    run_driver(args)
  File "/home/sparky/.openclaw/workspace/tokenguardian/tg-burnin-driver.py", line 198, in run_driver
    release_lock(lock)
  File "/home/sparky/.openclaw/workspace/tokenguardian/tg-burnin-driver.py", line 76, in release_lock
    fcntl.flock(lockfile.fileno(), fcntl.LOCK_UN)
    ^^^^^
NameError: name 'fcntl' is not defined. Did you forget to import 'fcntl'?
/home/sparky/.openclaw/workspace/tokenguardian/tg-burnin-driver.py:39: DeprecationWarning: datetime.datetime.utcnow() is deprecated and scheduled for removal in a future version. Use timezone-aware objects to represent datetimes in UTC: datetime.datetime.now(datetime.UTC).
  ts = datetime.utcnow().isoformat() + "Z"
[2026-02-15T11:50:01.562473Z] DRIVER_STARTED interval=600s
/home/sparky/.openclaw/workspace/tokenguardian/tg-burnin-driver.py:82: DeprecationWarning: datetime.datetime.utcnow() is deprecated and scheduled for removal in a future version. Use timezone-aware objects to represent datetimes in UTC: datetime.datetime.now(datetime.UTC).
  nonce = f"{datetime.utcnow().strftime('%Y%m%dT%H%M%SZ')}_{uuid4().hex[:8]}"
/home/sparky/.openclaw/workspace/tokenguardian/tg-burnin-driver.py:101: DeprecationWarning: datetime.datetime.utcnow() is deprecated and scheduled for removal in a future version. Use timezone-aware objects to represent datetimes in UTC: datetime.datetime.now(datetime.UTC).
  log(f"DRIVER_PROBE_SENT ts={datetime.utcnow().isoformat()}Z lane={lane_type} nonce={nonce}")
/home/sparky/.openclaw/workspace/tokenguardian/tg-burnin-driver.py:39: DeprecationWarning: datetime.datetime.utcnow() is deprecated and scheduled for removal in a future version. Use timezone-aware objects to represent datetimes in UTC: datetime.datetime.now(datetime.UTC).
  ts = datetime.utcnow().isoformat() + "Z"
[2026-02-15T11:50:15.616148Z] DRIVER_PROBE_SENT ts=2026-02-15T11:50:15.616115Z lane=main nonce=20260215T115001Z_6feb4934
/home/sparky/.openclaw/workspace/tokenguardian/tg-burnin-driver.py:185: DeprecationWarning: datetime.datetime.utcnow() is deprecated and scheduled for removal in a future version. Use timezone-aware objects to represent datetimes in UTC: datetime.datetime.now(datetime.UTC).
  status["last_run"] = datetime.utcnow().isoformat()
[2026-02-15T11:50:15.616753Z] DRIVER_SUCCESS runs=47 lane=main
[2026-02-15T11:50:01.562473Z] DRIVER_STARTED interval=600s
[2026-02-15T11:50:15.616148Z] DRIVER_PROBE_SENT ts=2026-02-15T11:50:15.616115Z lane=main nonce=20260215T115001Z_6feb4934
[2026-02-15T11:50:15.616753Z] DRIVER_SUCCESS runs=47 lane=main
Traceback (most recent call last):
  File "/home/sparky/.openclaw/workspace/tokenguardian/tg-burnin-driver.py", line 218, in <module>
    main()
  File "/home/sparky/.openclaw/workspace/tokenguardian/tg-burnin-driver.py", line 213, in main
    run_driver(args)
  File "/home/sparky/.openclaw/workspace/tokenguardian/tg-burnin-driver.py", line 198, in run_driver
    release_lock(lock)
  File "/home/sparky/.openclaw/workspace/tokenguardian/tg-burnin-driver.py", line 76, in release_lock
    fcntl.flock(lockfile.fileno(), fcntl.LOCK_UN)
    ^^^^^
NameError: name 'fcntl' is not defined. Did you forget to import 'fcntl'?
/home/sparky/.openclaw/workspace/tokenguardian/tg-burnin-driver.py:39: DeprecationWarning: datetime.datetime.utcnow() is deprecated and scheduled for removal in a future version. Use timezone-aware objects to represent datetimes in UTC: datetime.datetime.now(datetime.UTC).
  ts = datetime.utcnow().isoformat() + "Z"
[2026-02-15T12:00:02.093327Z] DRIVER_STARTED interval=600s
/home/sparky/.openclaw/workspace/tokenguardian/tg-burnin-driver.py:82: DeprecationWarning: datetime.datetime.utcnow() is deprecated and scheduled for removal in a future version. Use timezone-aware objects to represent datetimes in UTC: datetime.datetime.now(datetime.UTC).
  nonce = f"{datetime.utcnow().strftime('%Y%m%dT%H%M%SZ')}_{uuid4().hex[:8]}"
/home/sparky/.openclaw/workspace/tokenguardian/tg-burnin-driver.py:101: DeprecationWarning: datetime.datetime.utcnow() is deprecated and scheduled for removal in a future version. Use timezone-aware objects to represent datetimes in UTC: datetime.datetime.now(datetime.UTC).
  log(f"DRIVER_PROBE_SENT ts={datetime.utcnow().isoformat()}Z lane={lane_type} nonce={nonce}")
/home/sparky/.openclaw/workspace/tokenguardian/tg-burnin-driver.py:39: DeprecationWarning: datetime.datetime.utcnow() is deprecated and scheduled for removal in a future version. Use timezone-aware objects to represent datetimes in UTC: datetime.datetime.now(datetime.UTC).
  ts = datetime.utcnow().isoformat() + "Z"
[2026-02-15T12:00:18.179668Z] DRIVER_PROBE_SENT ts=2026-02-15T12:00:18.179627Z lane=session nonce=20260215T120002Z_4378f3ec
/home/sparky/.openclaw/workspace/tokenguardian/tg-burnin-driver.py:185: DeprecationWarning: datetime.datetime.utcnow() is deprecated and scheduled for removal in a future version. Use timezone-aware objects to represent datetimes in UTC: datetime.datetime.now(datetime.UTC).
  status["last_run"] = datetime.utcnow().isoformat()
[2026-02-15T12:00:18.179990Z] DRIVER_SUCCESS runs=48 lane=session
[2026-02-15T12:00:02.093327Z] DRIVER_STARTED interval=600s
[2026-02-15T12:00:18.179668Z] DRIVER_PROBE_SENT ts=2026-02-15T12:00:18.179627Z lane=session nonce=20260215T120002Z_4378f3ec
[2026-02-15T12:00:18.179990Z] DRIVER_SUCCESS runs=48 lane=session
Traceback (most recent call last):
  File "/home/sparky/.openclaw/workspace/tokenguardian/tg-burnin-driver.py", line 218, in <module>
    main()
  File "/home/sparky/.openclaw/workspace/tokenguardian/tg-burnin-driver.py", line 213, in main
    run_driver(args)
  File "/home/sparky/.openclaw/workspace/tokenguardian/tg-burnin-driver.py", line 198, in run_driver
    release_lock(lock)
  File "/home/sparky/.openclaw/workspace/tokenguardian/tg-burnin-driver.py", line 76, in release_lock
    fcntl.flock(lockfile.fileno(), fcntl.LOCK_UN)
    ^^^^^
NameError: name 'fcntl' is not defined. Did you forget to import 'fcntl'?
/home/sparky/.openclaw/workspace/tokenguardian/tg-burnin-driver.py:39: DeprecationWarning: datetime.datetime.utcnow() is deprecated and scheduled for removal in a future version. Use timezone-aware objects to represent datetimes in UTC: datetime.datetime.now(datetime.UTC).
  ts = datetime.utcnow().isoformat() + "Z"
[2026-02-15T12:10:02.173562Z] DRIVER_STARTED interval=600s
/home/sparky/.openclaw/workspace/tokenguardian/tg-burnin-driver.py:82: DeprecationWarning: datetime.datetime.utcnow() is deprecated and scheduled for removal in a future version. Use timezone-aware objects to represent datetimes in UTC: datetime.datetime.now(datetime.UTC).
  nonce = f"{datetime.utcnow().strftime('%Y%m%dT%H%M%SZ')}_{uuid4().hex[:8]}"
/home/sparky/.openclaw/workspace/tokenguardian/tg-burnin-driver.py:101: DeprecationWarning: datetime.datetime.utcnow() is deprecated and scheduled for removal in a future version. Use timezone-aware objects to represent datetimes in UTC: datetime.datetime.now(datetime.UTC).
  log(f"DRIVER_PROBE_SENT ts={datetime.utcnow().isoformat()}Z lane={lane_type} nonce={nonce}")
/home/sparky/.openclaw/workspace/tokenguardian/tg-burnin-driver.py:39: DeprecationWarning: datetime.datetime.utcnow() is deprecated and scheduled for removal in a future version. Use timezone-aware objects to represent datetimes in UTC: datetime.datetime.now(datetime.UTC).
  ts = datetime.utcnow().isoformat() + "Z"
[2026-02-15T12:10:14.567077Z] DRIVER_PROBE_SENT ts=2026-02-15T12:10:14.567037Z lane=main nonce=20260215T121002Z_ddb8f1a7
/home/sparky/.openclaw/workspace/tokenguardian/tg-burnin-driver.py:185: DeprecationWarning: datetime.datetime.utcnow() is deprecated and scheduled for removal in a future version. Use timezone-aware objects to represent datetimes in UTC: datetime.datetime.now(datetime.UTC).
  status["last_run"] = datetime.utcnow().isoformat()
[2026-02-15T12:10:14.567578Z] DRIVER_SUCCESS runs=49 lane=main
[2026-02-15T12:10:02.173562Z] DRIVER_STARTED interval=600s
[2026-02-15T12:10:14.567077Z] DRIVER_PROBE_SENT ts=2026-02-15T12:10:14.567037Z lane=main nonce=20260215T121002Z_ddb8f1a7
[2026-02-15T12:10:14.567578Z] DRIVER_SUCCESS runs=49 lane=main
Traceback (most recent call last):
  File "/home/sparky/.openclaw/workspace/tokenguardian/tg-burnin-driver.py", line 218, in <module>
    main()
  File "/home/sparky/.openclaw/workspace/tokenguardian/tg-burnin-driver.py", line 213, in main
    run_driver(args)
  File "/home/sparky/.openclaw/workspace/tokenguardian/tg-burnin-driver.py", line 198, in run_driver
    release_lock(lock)
  File "/home/sparky/.openclaw/workspace/tokenguardian/tg-burnin-driver.py", line 76, in release_lock
    fcntl.flock(lockfile.fileno(), fcntl.LOCK_UN)
    ^^^^^
NameError: name 'fcntl' is not defined. Did you forget to import 'fcntl'?
/home/sparky/.openclaw/workspace/tokenguardian/tg-burnin-driver.py:39: DeprecationWarning: datetime.datetime.utcnow() is deprecated and scheduled for removal in a future version. Use timezone-aware objects to represent datetimes in UTC: datetime.datetime.now(datetime.UTC).
  ts = datetime.utcnow().isoformat() + "Z"
[2026-02-15T12:20:01.944177Z] DRIVER_STARTED interval=600s
/home/sparky/.openclaw/workspace/tokenguardian/tg-burnin-driver.py:82: DeprecationWarning: datetime.datetime.utcnow() is deprecated and scheduled for removal in a future version. Use timezone-aware objects to represent datetimes in UTC: datetime.datetime.now(datetime.UTC).
  nonce = f"{datetime.utcnow().strftime('%Y%m%dT%H%M%SZ')}_{uuid4().hex[:8]}"
/home/sparky/.openclaw/workspace/tokenguardian/tg-burnin-driver.py:101: DeprecationWarning: datetime.datetime.utcnow() is deprecated and scheduled for removal in a future version. Use timezone-aware objects to represent datetimes in UTC: datetime.datetime.now(datetime.UTC).
  log(f"DRIVER_PROBE_SENT ts={datetime.utcnow().isoformat()}Z lane={lane_type} nonce={nonce}")
/home/sparky/.openclaw/workspace/tokenguardian/tg-burnin-driver.py:39: DeprecationWarning: datetime.datetime.utcnow() is deprecated and scheduled for removal in a future version. Use timezone-aware objects to represent datetimes in UTC: datetime.datetime.now(datetime.UTC).
  ts = datetime.utcnow().isoformat() + "Z"
[2026-02-15T12:20:16.037530Z] DRIVER_PROBE_SENT ts=2026-02-15T12:20:16.037491Z lane=session nonce=20260215T122001Z_69636487
/home/sparky/.openclaw/workspace/tokenguardian/tg-burnin-driver.py:185: DeprecationWarning: datetime.datetime.utcnow() is deprecated and scheduled for removal in a future version. Use timezone-aware objects to represent datetimes in UTC: datetime.datetime.now(datetime.UTC).
  status["last_run"] = datetime.utcnow().isoformat()
[2026-02-15T12:20:16.037936Z] DRIVER_SUCCESS runs=50 lane=session
[2026-02-15T12:20:01.944177Z] DRIVER_STARTED interval=600s
[2026-02-15T12:20:16.037530Z] DRIVER_PROBE_SENT ts=2026-02-15T12:20:16.037491Z lane=session nonce=20260215T122001Z_69636487
[2026-02-15T12:20:16.037936Z] DRIVER_SUCCESS runs=50 lane=session
Traceback (most recent call last):
  File "/home/sparky/.openclaw/workspace/tokenguardian/tg-burnin-driver.py", line 218, in <module>
    main()
  File "/home/sparky/.openclaw/workspace/tokenguardian/tg-burnin-driver.py", line 213, in main
    run_driver(args)
  File "/home/sparky/.openclaw/workspace/tokenguardian/tg-burnin-driver.py", line 198, in run_driver
    release_lock(lock)
  File "/home/sparky/.openclaw/workspace/tokenguardian/tg-burnin-driver.py", line 76, in release_lock
    fcntl.flock(lockfile.fileno(), fcntl.LOCK_UN)
    ^^^^^
NameError: name 'fcntl' is not defined. Did you forget to import 'fcntl'?
/home/sparky/.openclaw/workspace/tokenguardian/tg-burnin-driver.py:39: DeprecationWarning: datetime.datetime.utcnow() is deprecated and scheduled for removal in a future version. Use timezone-aware objects to represent datetimes in UTC: datetime.datetime.now(datetime.UTC).
  ts = datetime.utcnow().isoformat() + "Z"
[2026-02-15T12:30:01.438984Z] DRIVER_STARTED interval=600s
/home/sparky/.openclaw/workspace/tokenguardian/tg-burnin-driver.py:82: DeprecationWarning: datetime.datetime.utcnow() is deprecated and scheduled for removal in a future version. Use timezone-aware objects to represent datetimes in UTC: datetime.datetime.now(datetime.UTC).
  nonce = f"{datetime.utcnow().strftime('%Y%m%dT%H%M%SZ')}_{uuid4().hex[:8]}"
/home/sparky/.openclaw/workspace/tokenguardian/tg-burnin-driver.py:101: DeprecationWarning: datetime.datetime.utcnow() is deprecated and scheduled for removal in a future version. Use timezone-aware objects to represent datetimes in UTC: datetime.datetime.now(datetime.UTC).
  log(f"DRIVER_PROBE_SENT ts={datetime.utcnow().isoformat()}Z lane={lane_type} nonce={nonce}")
/home/sparky/.openclaw/workspace/tokenguardian/tg-burnin-driver.py:39: DeprecationWarning: datetime.datetime.utcnow() is deprecated and scheduled for removal in a future version. Use timezone-aware objects to represent datetimes in UTC: datetime.datetime.now(datetime.UTC).
  ts = datetime.utcnow().isoformat() + "Z"
[2026-02-15T12:30:21.011676Z] DRIVER_PROBE_SENT ts=2026-02-15T12:30:21.011638Z lane=main nonce=20260215T123001Z_c0d3542a
/home/sparky/.openclaw/workspace/tokenguardian/tg-burnin-driver.py:185: DeprecationWarning: datetime.datetime.utcnow() is deprecated and scheduled for removal in a future version. Use timezone-aware objects to represent datetimes in UTC: datetime.datetime.now(datetime.UTC).
  status["last_run"] = datetime.utcnow().isoformat()
[2026-02-15T12:30:21.012079Z] DRIVER_SUCCESS runs=51 lane=main
[2026-02-15T12:30:01.438984Z] DRIVER_STARTED interval=600s
[2026-02-15T12:30:21.011676Z] DRIVER_PROBE_SENT ts=2026-02-15T12:30:21.011638Z lane=main nonce=20260215T123001Z_c0d3542a
[2026-02-15T12:30:21.012079Z] DRIVER_SUCCESS runs=51 lane=main
Traceback (most recent call last):
  File "/home/sparky/.openclaw/workspace/tokenguardian/tg-burnin-driver.py", line 218, in <module>
    main()
  File "/home/sparky/.openclaw/workspace/tokenguardian/tg-burnin-driver.py", line 213, in main
    run_driver(args)
  File "/home/sparky/.openclaw/workspace/tokenguardian/tg-burnin-driver.py", line 198, in run_driver
    release_lock(lock)
  File "/home/sparky/.openclaw/workspace/tokenguardian/tg-burnin-driver.py", line 76, in release_lock
    fcntl.flock(lockfile.fileno(), fcntl.LOCK_UN)
    ^^^^^
NameError: name 'fcntl' is not defined. Did you forget to import 'fcntl'?
/home/sparky/.openclaw/workspace/tokenguardian/tg-burnin-driver.py:39: DeprecationWarning: datetime.datetime.utcnow() is deprecated and scheduled for removal in a future version. Use timezone-aware objects to represent datetimes in UTC: datetime.datetime.now(datetime.UTC).
  ts = datetime.utcnow().isoformat() + "Z"
[2026-02-15T12:40:01.348419Z] DRIVER_STARTED interval=600s
/home/sparky/.openclaw/workspace/tokenguardian/tg-burnin-driver.py:82: DeprecationWarning: datetime.datetime.utcnow() is deprecated and scheduled for removal in a future version. Use timezone-aware objects to represent datetimes in UTC: datetime.datetime.now(datetime.UTC).
  nonce = f"{datetime.utcnow().strftime('%Y%m%dT%H%M%SZ')}_{uuid4().hex[:8]}"
/home/sparky/.openclaw/workspace/tokenguardian/tg-burnin-driver.py:101: DeprecationWarning: datetime.datetime.utcnow() is deprecated and scheduled for removal in a future version. Use timezone-aware objects to represent datetimes in UTC: datetime.datetime.now(datetime.UTC).
  log(f"DRIVER_PROBE_SENT ts={datetime.utcnow().isoformat()}Z lane={lane_type} nonce={nonce}")
/home/sparky/.openclaw/workspace/tokenguardian/tg-burnin-driver.py:39: DeprecationWarning: datetime.datetime.utcnow() is deprecated and scheduled for removal in a future version. Use timezone-aware objects to represent datetimes in UTC: datetime.datetime.now(datetime.UTC).
  ts = datetime.utcnow().isoformat() + "Z"
[2026-02-15T12:40:16.621845Z] DRIVER_PROBE_SENT ts=2026-02-15T12:40:16.621809Z lane=session nonce=20260215T124001Z_48884378
/home/sparky/.openclaw/workspace/tokenguardian/tg-burnin-driver.py:185: DeprecationWarning: datetime.datetime.utcnow() is deprecated and scheduled for removal in a future version. Use timezone-aware objects to represent datetimes in UTC: datetime.datetime.now(datetime.UTC).
  status["last_run"] = datetime.utcnow().isoformat()
[2026-02-15T12:40:16.622448Z] DRIVER_SUCCESS runs=52 lane=session
[2026-02-15T12:40:01.348419Z] DRIVER_STARTED interval=600s
[2026-02-15T12:40:16.621845Z] DRIVER_PROBE_SENT ts=2026-02-15T12:40:16.621809Z lane=session nonce=20260215T124001Z_48884378
[2026-02-15T12:40:16.622448Z] DRIVER_SUCCESS runs=52 lane=session
Traceback (most recent call last):
  File "/home/sparky/.openclaw/workspace/tokenguardian/tg-burnin-driver.py", line 218, in <module>
    main()
  File "/home/sparky/.openclaw/workspace/tokenguardian/tg-burnin-driver.py", line 213, in main
    run_driver(args)
  File "/home/sparky/.openclaw/workspace/tokenguardian/tg-burnin-driver.py", line 198, in run_driver
    release_lock(lock)
  File "/home/sparky/.openclaw/workspace/tokenguardian/tg-burnin-driver.py", line 76, in release_lock
    fcntl.flock(lockfile.fileno(), fcntl.LOCK_UN)
    ^^^^^
NameError: name 'fcntl' is not defined. Did you forget to import 'fcntl'?
/home/sparky/.openclaw/workspace/tokenguardian/tg-burnin-driver.py:39: DeprecationWarning: datetime.datetime.utcnow() is deprecated and scheduled for removal in a future version. Use timezone-aware objects to represent datetimes in UTC: datetime.datetime.now(datetime.UTC).
  ts = datetime.utcnow().isoformat() + "Z"
[2026-02-15T12:50:01.983451Z] DRIVER_STARTED interval=600s
/home/sparky/.openclaw/workspace/tokenguardian/tg-burnin-driver.py:82: DeprecationWarning: datetime.datetime.utcnow() is deprecated and scheduled for removal in a future version. Use timezone-aware objects to represent datetimes in UTC: datetime.datetime.now(datetime.UTC).
  nonce = f"{datetime.utcnow().strftime('%Y%m%dT%H%M%SZ')}_{uuid4().hex[:8]}"
/home/sparky/.openclaw/workspace/tokenguardian/tg-burnin-driver.py:101: DeprecationWarning: datetime.datetime.utcnow() is deprecated and scheduled for removal in a future version. Use timezone-aware objects to represent datetimes in UTC: datetime.datetime.now(datetime.UTC).
  log(f"DRIVER_PROBE_SENT ts={datetime.utcnow().isoformat()}Z lane={lane_type} nonce={nonce}")
/home/sparky/.openclaw/workspace/tokenguardian/tg-burnin-driver.py:39: DeprecationWarning: datetime.datetime.utcnow() is deprecated and scheduled for removal in a future version. Use timezone-aware objects to represent datetimes in UTC: datetime.datetime.now(datetime.UTC).
  ts = datetime.utcnow().isoformat() + "Z"
[2026-02-15T12:50:17.151891Z] DRIVER_PROBE_SENT ts=2026-02-15T12:50:17.151853Z lane=main nonce=20260215T125002Z_550291fc
/home/sparky/.openclaw/workspace/tokenguardian/tg-burnin-driver.py:185: DeprecationWarning: datetime.datetime.utcnow() is deprecated and scheduled for removal in a future version. Use timezone-aware objects to represent datetimes in UTC: datetime.datetime.now(datetime.UTC).
  status["last_run"] = datetime.utcnow().isoformat()
[2026-02-15T12:50:17.152448Z] DRIVER_SUCCESS runs=53 lane=main
[2026-02-15T12:50:01.983451Z] DRIVER_STARTED interval=600s
[2026-02-15T12:50:17.151891Z] DRIVER_PROBE_SENT ts=2026-02-15T12:50:17.151853Z lane=main nonce=20260215T125002Z_550291fc
[2026-02-15T12:50:17.152448Z] DRIVER_SUCCESS runs=53 lane=main
Traceback (most recent call last):
  File "/home/sparky/.openclaw/workspace/tokenguardian/tg-burnin-driver.py", line 218, in <module>
    main()
  File "/home/sparky/.openclaw/workspace/tokenguardian/tg-burnin-driver.py", line 213, in main
    run_driver(args)
  File "/home/sparky/.openclaw/workspace/tokenguardian/tg-burnin-driver.py", line 198, in run_driver
    release_lock(lock)
  File "/home/sparky/.openclaw/workspace/tokenguardian/tg-burnin-driver.py", line 76, in release_lock
    fcntl.flock(lockfile.fileno(), fcntl.LOCK_UN)
    ^^^^^
NameError: name 'fcntl' is not defined. Did you forget to import 'fcntl'?
/home/sparky/.openclaw/workspace/tokenguardian/tg-burnin-driver.py:39: DeprecationWarning: datetime.datetime.utcnow() is deprecated and scheduled for removal in a future version. Use timezone-aware objects to represent datetimes in UTC: datetime.datetime.now(datetime.UTC).
  ts = datetime.utcnow().isoformat() + "Z"
[2026-02-15T13:00:01.617875Z] DRIVER_STARTED interval=600s
/home/sparky/.openclaw/workspace/tokenguardian/tg-burnin-driver.py:82: DeprecationWarning: datetime.datetime.utcnow() is deprecated and scheduled for removal in a future version. Use timezone-aware objects to represent datetimes in UTC: datetime.datetime.now(datetime.UTC).
  nonce = f"{datetime.utcnow().strftime('%Y%m%dT%H%M%SZ')}_{uuid4().hex[:8]}"
/home/sparky/.openclaw/workspace/tokenguardian/tg-burnin-driver.py:101: DeprecationWarning: datetime.datetime.utcnow() is deprecated and scheduled for removal in a future version. Use timezone-aware objects to represent datetimes in UTC: datetime.datetime.now(datetime.UTC).
  log(f"DRIVER_PROBE_SENT ts={datetime.utcnow().isoformat()}Z lane={lane_type} nonce={nonce}")
/home/sparky/.openclaw/workspace/tokenguardian/tg-burnin-driver.py:39: DeprecationWarning: datetime.datetime.utcnow() is deprecated and scheduled for removal in a future version. Use timezone-aware objects to represent datetimes in UTC: datetime.datetime.now(datetime.UTC).
  ts = datetime.utcnow().isoformat() + "Z"
[2026-02-15T13:00:19.420375Z] DRIVER_PROBE_SENT ts=2026-02-15T13:00:19.420329Z lane=session nonce=20260215T130001Z_b6a48186
/home/sparky/.openclaw/workspace/tokenguardian/tg-burnin-driver.py:185: DeprecationWarning: datetime.datetime.utcnow() is deprecated and scheduled for removal in a future version. Use timezone-aware objects to represent datetimes in UTC: datetime.datetime.now(datetime.UTC).
  status["last_run"] = datetime.utcnow().isoformat()
[2026-02-15T13:00:19.420897Z] DRIVER_SUCCESS runs=54 lane=session
[2026-02-15T13:00:01.617875Z] DRIVER_STARTED interval=600s
[2026-02-15T13:00:19.420375Z] DRIVER_PROBE_SENT ts=2026-02-15T13:00:19.420329Z lane=session nonce=20260215T130001Z_b6a48186
[2026-02-15T13:00:19.420897Z] DRIVER_SUCCESS runs=54 lane=session
Traceback (most recent call last):
  File "/home/sparky/.openclaw/workspace/tokenguardian/tg-burnin-driver.py", line 218, in <module>
    main()
  File "/home/sparky/.openclaw/workspace/tokenguardian/tg-burnin-driver.py", line 213, in main
    run_driver(args)
  File "/home/sparky/.openclaw/workspace/tokenguardian/tg-burnin-driver.py", line 198, in run_driver
    release_lock(lock)
  File "/home/sparky/.openclaw/workspace/tokenguardian/tg-burnin-driver.py", line 76, in release_lock
    fcntl.flock(lockfile.fileno(), fcntl.LOCK_UN)
    ^^^^^
NameError: name 'fcntl' is not defined. Did you forget to import 'fcntl'?
/home/sparky/.openclaw/workspace/tokenguardian/tg-burnin-driver.py:39: DeprecationWarning: datetime.datetime.utcnow() is deprecated and scheduled for removal in a future version. Use timezone-aware objects to represent datetimes in UTC: datetime.datetime.now(datetime.UTC).
  ts = datetime.utcnow().isoformat() + "Z"
[2026-02-15T13:10:01.852388Z] DRIVER_STARTED interval=600s
/home/sparky/.openclaw/workspace/tokenguardian/tg-burnin-driver.py:82: DeprecationWarning: datetime.datetime.utcnow() is deprecated and scheduled for removal in a future version. Use timezone-aware objects to represent datetimes in UTC: datetime.datetime.now(datetime.UTC).
  nonce = f"{datetime.utcnow().strftime('%Y%m%dT%H%M%SZ')}_{uuid4().hex[:8]}"
/home/sparky/.openclaw/workspace/tokenguardian/tg-burnin-driver.py:101: DeprecationWarning: datetime.datetime.utcnow() is deprecated and scheduled for removal in a future version. Use timezone-aware objects to represent datetimes in UTC: datetime.datetime.now(datetime.UTC).
  log(f"DRIVER_PROBE_SENT ts={datetime.utcnow().isoformat()}Z lane={lane_type} nonce={nonce}")
/home/sparky/.openclaw/workspace/tokenguardian/tg-burnin-driver.py:39: DeprecationWarning: datetime.datetime.utcnow() is deprecated and scheduled for removal in a future version. Use timezone-aware objects to represent datetimes in UTC: datetime.datetime.now(datetime.UTC).
  ts = datetime.utcnow().isoformat() + "Z"
[2026-02-15T13:10:16.385860Z] DRIVER_PROBE_SENT ts=2026-02-15T13:10:16.385825Z lane=main nonce=20260215T131001Z_397ad429
/home/sparky/.openclaw/workspace/tokenguardian/tg-burnin-driver.py:185: DeprecationWarning: datetime.datetime.utcnow() is deprecated and scheduled for removal in a future version. Use timezone-aware objects to represent datetimes in UTC: datetime.datetime.now(datetime.UTC).
  status["last_run"] = datetime.utcnow().isoformat()
[2026-02-15T13:10:16.386385Z] DRIVER_SUCCESS runs=55 lane=main
[2026-02-15T13:10:01.852388Z] DRIVER_STARTED interval=600s
[2026-02-15T13:10:16.385860Z] DRIVER_PROBE_SENT ts=2026-02-15T13:10:16.385825Z lane=main nonce=20260215T131001Z_397ad429
[2026-02-15T13:10:16.386385Z] DRIVER_SUCCESS runs=55 lane=main
Traceback (most recent call last):
  File "/home/sparky/.openclaw/workspace/tokenguardian/tg-burnin-driver.py", line 218, in <module>
    main()
  File "/home/sparky/.openclaw/workspace/tokenguardian/tg-burnin-driver.py", line 213, in main
    run_driver(args)
  File "/home/sparky/.openclaw/workspace/tokenguardian/tg-burnin-driver.py", line 198, in run_driver
    release_lock(lock)
  File "/home/sparky/.openclaw/workspace/tokenguardian/tg-burnin-driver.py", line 76, in release_lock
    fcntl.flock(lockfile.fileno(), fcntl.LOCK_UN)
    ^^^^^
NameError: name 'fcntl' is not defined. Did you forget to import 'fcntl'?
/home/sparky/.openclaw/workspace/tokenguardian/tg-burnin-driver.py:39: DeprecationWarning: datetime.datetime.utcnow() is deprecated and scheduled for removal in a future version. Use timezone-aware objects to represent datetimes in UTC: datetime.datetime.now(datetime.UTC).
  ts = datetime.utcnow().isoformat() + "Z"
[2026-02-15T13:20:01.781110Z] DRIVER_STARTED interval=600s
/home/sparky/.openclaw/workspace/tokenguardian/tg-burnin-driver.py:82: DeprecationWarning: datetime.datetime.utcnow() is deprecated and scheduled for removal in a future version. Use timezone-aware objects to represent datetimes in UTC: datetime.datetime.now(datetime.UTC).
  nonce = f"{datetime.utcnow().strftime('%Y%m%dT%H%M%SZ')}_{uuid4().hex[:8]}"
/home/sparky/.openclaw/workspace/tokenguardian/tg-burnin-driver.py:101: DeprecationWarning: datetime.datetime.utcnow() is deprecated and scheduled for removal in a future version. Use timezone-aware objects to represent datetimes in UTC: datetime.datetime.now(datetime.UTC).
  log(f"DRIVER_PROBE_SENT ts={datetime.utcnow().isoformat()}Z lane={lane_type} nonce={nonce}")
/home/sparky/.openclaw/workspace/tokenguardian/tg-burnin-driver.py:39: DeprecationWarning: datetime.datetime.utcnow() is deprecated and scheduled for removal in a future version. Use timezone-aware objects to represent datetimes in UTC: datetime.datetime.now(datetime.UTC).
  ts = datetime.utcnow().isoformat() + "Z"
[2026-02-15T13:20:15.346856Z] DRIVER_PROBE_SENT ts=2026-02-15T13:20:15.346825Z lane=session nonce=20260215T132001Z_196975b9
/home/sparky/.openclaw/workspace/tokenguardian/tg-burnin-driver.py:185: DeprecationWarning: datetime.datetime.utcnow() is deprecated and scheduled for removal in a future version. Use timezone-aware objects to represent datetimes in UTC: datetime.datetime.now(datetime.UTC).
  status["last_run"] = datetime.utcnow().isoformat()
[2026-02-15T13:20:15.347231Z] DRIVER_SUCCESS runs=56 lane=session
[2026-02-15T13:20:01.781110Z] DRIVER_STARTED interval=600s
[2026-02-15T13:20:15.346856Z] DRIVER_PROBE_SENT ts=2026-02-15T13:20:15.346825Z lane=session nonce=20260215T132001Z_196975b9
[2026-02-15T13:20:15.347231Z] DRIVER_SUCCESS runs=56 lane=session
Traceback (most recent call last):
  File "/home/sparky/.openclaw/workspace/tokenguardian/tg-burnin-driver.py", line 218, in <module>
    main()
  File "/home/sparky/.openclaw/workspace/tokenguardian/tg-burnin-driver.py", line 213, in main
    run_driver(args)
  File "/home/sparky/.openclaw/workspace/tokenguardian/tg-burnin-driver.py", line 198, in run_driver
    release_lock(lock)
  File "/home/sparky/.openclaw/workspace/tokenguardian/tg-burnin-driver.py", line 76, in release_lock
    fcntl.flock(lockfile.fileno(), fcntl.LOCK_UN)
    ^^^^^
NameError: name 'fcntl' is not defined. Did you forget to import 'fcntl'?
/home/sparky/.openclaw/workspace/tokenguardian/tg-burnin-driver.py:39: DeprecationWarning: datetime.datetime.utcnow() is deprecated and scheduled for removal in a future version. Use timezone-aware objects to represent datetimes in UTC: datetime.datetime.now(datetime.UTC).
  ts = datetime.utcnow().isoformat() + "Z"
[2026-02-15T13:30:01.693355Z] DRIVER_STARTED interval=600s
/home/sparky/.openclaw/workspace/tokenguardian/tg-burnin-driver.py:82: DeprecationWarning: datetime.datetime.utcnow() is deprecated and scheduled for removal in a future version. Use timezone-aware objects to represent datetimes in UTC: datetime.datetime.now(datetime.UTC).
  nonce = f"{datetime.utcnow().strftime('%Y%m%dT%H%M%SZ')}_{uuid4().hex[:8]}"
/home/sparky/.openclaw/workspace/tokenguardian/tg-burnin-driver.py:101: DeprecationWarning: datetime.datetime.utcnow() is deprecated and scheduled for removal in a future version. Use timezone-aware objects to represent datetimes in UTC: datetime.datetime.now(datetime.UTC).
  log(f"DRIVER_PROBE_SENT ts={datetime.utcnow().isoformat()}Z lane={lane_type} nonce={nonce}")
/home/sparky/.openclaw/workspace/tokenguardian/tg-burnin-driver.py:39: DeprecationWarning: datetime.datetime.utcnow() is deprecated and scheduled for removal in a future version. Use timezone-aware objects to represent datetimes in UTC: datetime.datetime.now(datetime.UTC).
  ts = datetime.utcnow().isoformat() + "Z"
[2026-02-15T13:30:16.766952Z] DRIVER_PROBE_SENT ts=2026-02-15T13:30:16.766912Z lane=main nonce=20260215T133001Z_cc5d4f13
/home/sparky/.openclaw/workspace/tokenguardian/tg-burnin-driver.py:185: DeprecationWarning: datetime.datetime.utcnow() is deprecated and scheduled for removal in a future version. Use timezone-aware objects to represent datetimes in UTC: datetime.datetime.now(datetime.UTC).
  status["last_run"] = datetime.utcnow().isoformat()
[2026-02-15T13:30:16.767495Z] DRIVER_SUCCESS runs=57 lane=main
[2026-02-15T13:30:01.693355Z] DRIVER_STARTED interval=600s
[2026-02-15T13:30:16.766952Z] DRIVER_PROBE_SENT ts=2026-02-15T13:30:16.766912Z lane=main nonce=20260215T133001Z_cc5d4f13
[2026-02-15T13:30:16.767495Z] DRIVER_SUCCESS runs=57 lane=main
Traceback (most recent call last):
  File "/home/sparky/.openclaw/workspace/tokenguardian/tg-burnin-driver.py", line 218, in <module>
    main()
  File "/home/sparky/.openclaw/workspace/tokenguardian/tg-burnin-driver.py", line 213, in main
    run_driver(args)
  File "/home/sparky/.openclaw/workspace/tokenguardian/tg-burnin-driver.py", line 198, in run_driver
    release_lock(lock)
  File "/home/sparky/.openclaw/workspace/tokenguardian/tg-burnin-driver.py", line 76, in release_lock
    fcntl.flock(lockfile.fileno(), fcntl.LOCK_UN)
    ^^^^^
NameError: name 'fcntl' is not defined. Did you forget to import 'fcntl'?
/home/sparky/.openclaw/workspace/tokenguardian/tg-burnin-driver.py:39: DeprecationWarning: datetime.datetime.utcnow() is deprecated and scheduled for removal in a future version. Use timezone-aware objects to represent datetimes in UTC: datetime.datetime.now(datetime.UTC).
  ts = datetime.utcnow().isoformat() + "Z"
[2026-02-15T13:40:02.231791Z] DRIVER_STARTED interval=600s
/home/sparky/.openclaw/workspace/tokenguardian/tg-burnin-driver.py:82: DeprecationWarning: datetime.datetime.utcnow() is deprecated and scheduled for removal in a future version. Use timezone-aware objects to represent datetimes in UTC: datetime.datetime.now(datetime.UTC).
  nonce = f"{datetime.utcnow().strftime('%Y%m%dT%H%M%SZ')}_{uuid4().hex[:8]}"
/home/sparky/.openclaw/workspace/tokenguardian/tg-burnin-driver.py:101: DeprecationWarning: datetime.datetime.utcnow() is deprecated and scheduled for removal in a future version. Use timezone-aware objects to represent datetimes in UTC: datetime.datetime.now(datetime.UTC).
  log(f"DRIVER_PROBE_SENT ts={datetime.utcnow().isoformat()}Z lane={lane_type} nonce={nonce}")
/home/sparky/.openclaw/workspace/tokenguardian/tg-burnin-driver.py:39: DeprecationWarning: datetime.datetime.utcnow() is deprecated and scheduled for removal in a future version. Use timezone-aware objects to represent datetimes in UTC: datetime.datetime.now(datetime.UTC).
  ts = datetime.utcnow().isoformat() + "Z"
[2026-02-15T13:40:16.324104Z] DRIVER_PROBE_SENT ts=2026-02-15T13:40:16.324066Z lane=session nonce=20260215T134002Z_6eef3f29
/home/sparky/.openclaw/workspace/tokenguardian/tg-burnin-driver.py:185: DeprecationWarning: datetime.datetime.utcnow() is deprecated and scheduled for removal in a future version. Use timezone-aware objects to represent datetimes in UTC: datetime.datetime.now(datetime.UTC).
  status["last_run"] = datetime.utcnow().isoformat()
[2026-02-15T13:40:16.324648Z] DRIVER_SUCCESS runs=58 lane=session
[2026-02-15T13:40:02.231791Z] DRIVER_STARTED interval=600s
[2026-02-15T13:40:16.324104Z] DRIVER_PROBE_SENT ts=2026-02-15T13:40:16.324066Z lane=session nonce=20260215T134002Z_6eef3f29
[2026-02-15T13:40:16.324648Z] DRIVER_SUCCESS runs=58 lane=session
Traceback (most recent call last):
  File "/home/sparky/.openclaw/workspace/tokenguardian/tg-burnin-driver.py", line 218, in <module>
    main()
  File "/home/sparky/.openclaw/workspace/tokenguardian/tg-burnin-driver.py", line 213, in main
    run_driver(args)
  File "/home/sparky/.openclaw/workspace/tokenguardian/tg-burnin-driver.py", line 198, in run_driver
    release_lock(lock)
  File "/home/sparky/.openclaw/workspace/tokenguardian/tg-burnin-driver.py", line 76, in release_lock
    fcntl.flock(lockfile.fileno(), fcntl.LOCK_UN)
    ^^^^^
NameError: name 'fcntl' is not defined. Did you forget to import 'fcntl'?
/home/sparky/.openclaw/workspace/tokenguardian/tg-burnin-driver.py:39: DeprecationWarning: datetime.datetime.utcnow() is deprecated and scheduled for removal in a future version. Use timezone-aware objects to represent datetimes in UTC: datetime.datetime.now(datetime.UTC).
  ts = datetime.utcnow().isoformat() + "Z"
[2026-02-15T13:50:01.643803Z] DRIVER_STARTED interval=600s
/home/sparky/.openclaw/workspace/tokenguardian/tg-burnin-driver.py:82: DeprecationWarning: datetime.datetime.utcnow() is deprecated and scheduled for removal in a future version. Use timezone-aware objects to represent datetimes in UTC: datetime.datetime.now(datetime.UTC).
  nonce = f"{datetime.utcnow().strftime('%Y%m%dT%H%M%SZ')}_{uuid4().hex[:8]}"
/home/sparky/.openclaw/workspace/tokenguardian/tg-burnin-driver.py:101: DeprecationWarning: datetime.datetime.utcnow() is deprecated and scheduled for removal in a future version. Use timezone-aware objects to represent datetimes in UTC: datetime.datetime.now(datetime.UTC).
  log(f"DRIVER_PROBE_SENT ts={datetime.utcnow().isoformat()}Z lane={lane_type} nonce={nonce}")
/home/sparky/.openclaw/workspace/tokenguardian/tg-burnin-driver.py:39: DeprecationWarning: datetime.datetime.utcnow() is deprecated and scheduled for removal in a future version. Use timezone-aware objects to represent datetimes in UTC: datetime.datetime.now(datetime.UTC).
  ts = datetime.utcnow().isoformat() + "Z"
[2026-02-15T13:50:16.259608Z] DRIVER_PROBE_SENT ts=2026-02-15T13:50:16.259578Z lane=main nonce=20260215T135001Z_277406b5
/home/sparky/.openclaw/workspace/tokenguardian/tg-burnin-driver.py:185: DeprecationWarning: datetime.datetime.utcnow() is deprecated and scheduled for removal in a future version. Use timezone-aware objects to represent datetimes in UTC: datetime.datetime.now(datetime.UTC).
  status["last_run"] = datetime.utcnow().isoformat()
[2026-02-15T13:50:16.260358Z] DRIVER_SUCCESS runs=59 lane=main
[2026-02-15T13:50:01.643803Z] DRIVER_STARTED interval=600s
[2026-02-15T13:50:16.259608Z] DRIVER_PROBE_SENT ts=2026-02-15T13:50:16.259578Z lane=main nonce=20260215T135001Z_277406b5
[2026-02-15T13:50:16.260358Z] DRIVER_SUCCESS runs=59 lane=main
Traceback (most recent call last):
  File "/home/sparky/.openclaw/workspace/tokenguardian/tg-burnin-driver.py", line 218, in <module>
    main()
  File "/home/sparky/.openclaw/workspace/tokenguardian/tg-burnin-driver.py", line 213, in main
    run_driver(args)
  File "/home/sparky/.openclaw/workspace/tokenguardian/tg-burnin-driver.py", line 198, in run_driver
    release_lock(lock)
  File "/home/sparky/.openclaw/workspace/tokenguardian/tg-burnin-driver.py", line 76, in release_lock
    fcntl.flock(lockfile.fileno(), fcntl.LOCK_UN)
    ^^^^^
NameError: name 'fcntl' is not defined. Did you forget to import 'fcntl'?
/home/sparky/.openclaw/workspace/tokenguardian/tg-burnin-driver.py:39: DeprecationWarning: datetime.datetime.utcnow() is deprecated and scheduled for removal in a future version. Use timezone-aware objects to represent datetimes in UTC: datetime.datetime.now(datetime.UTC).
  ts = datetime.utcnow().isoformat() + "Z"
[2026-02-15T14:00:01.581397Z] DRIVER_STARTED interval=600s
/home/sparky/.openclaw/workspace/tokenguardian/tg-burnin-driver.py:82: DeprecationWarning: datetime.datetime.utcnow() is deprecated and scheduled for removal in a future version. Use timezone-aware objects to represent datetimes in UTC: datetime.datetime.now(datetime.UTC).
  nonce = f"{datetime.utcnow().strftime('%Y%m%dT%H%M%SZ')}_{uuid4().hex[:8]}"
/home/sparky/.openclaw/workspace/tokenguardian/tg-burnin-driver.py:101: DeprecationWarning: datetime.datetime.utcnow() is deprecated and scheduled for removal in a future version. Use timezone-aware objects to represent datetimes in UTC: datetime.datetime.now(datetime.UTC).
  log(f"DRIVER_PROBE_SENT ts={datetime.utcnow().isoformat()}Z lane={lane_type} nonce={nonce}")
/home/sparky/.openclaw/workspace/tokenguardian/tg-burnin-driver.py:39: DeprecationWarning: datetime.datetime.utcnow() is deprecated and scheduled for removal in a future version. Use timezone-aware objects to represent datetimes in UTC: datetime.datetime.now(datetime.UTC).
  ts = datetime.utcnow().isoformat() + "Z"
[2026-02-15T14:00:20.696342Z] DRIVER_PROBE_SENT ts=2026-02-15T14:00:20.696298Z lane=session nonce=20260215T140001Z_4e68b4f5
/home/sparky/.openclaw/workspace/tokenguardian/tg-burnin-driver.py:185: DeprecationWarning: datetime.datetime.utcnow() is deprecated and scheduled for removal in a future version. Use timezone-aware objects to represent datetimes in UTC: datetime.datetime.now(datetime.UTC).
  status["last_run"] = datetime.utcnow().isoformat()
[2026-02-15T14:00:20.696854Z] DRIVER_SUCCESS runs=60 lane=session
[2026-02-15T14:00:01.581397Z] DRIVER_STARTED interval=600s
[2026-02-15T14:00:20.696342Z] DRIVER_PROBE_SENT ts=2026-02-15T14:00:20.696298Z lane=session nonce=20260215T140001Z_4e68b4f5
[2026-02-15T14:00:20.696854Z] DRIVER_SUCCESS runs=60 lane=session
Traceback (most recent call last):
  File "/home/sparky/.openclaw/workspace/tokenguardian/tg-burnin-driver.py", line 218, in <module>
    main()
  File "/home/sparky/.openclaw/workspace/tokenguardian/tg-burnin-driver.py", line 213, in main
    run_driver(args)
  File "/home/sparky/.openclaw/workspace/tokenguardian/tg-burnin-driver.py", line 198, in run_driver
    release_lock(lock)
  File "/home/sparky/.openclaw/workspace/tokenguardian/tg-burnin-driver.py", line 76, in release_lock
    fcntl.flock(lockfile.fileno(), fcntl.LOCK_UN)
    ^^^^^
NameError: name 'fcntl' is not defined. Did you forget to import 'fcntl'?
/home/sparky/.openclaw/workspace/tokenguardian/tg-burnin-driver.py:39: DeprecationWarning: datetime.datetime.utcnow() is deprecated and scheduled for removal in a future version. Use timezone-aware objects to represent datetimes in UTC: datetime.datetime.now(datetime.UTC).
  ts = datetime.utcnow().isoformat() + "Z"
[2026-02-15T14:10:01.151140Z] DRIVER_STARTED interval=600s
/home/sparky/.openclaw/workspace/tokenguardian/tg-burnin-driver.py:82: DeprecationWarning: datetime.datetime.utcnow() is deprecated and scheduled for removal in a future version. Use timezone-aware objects to represent datetimes in UTC: datetime.datetime.now(datetime.UTC).
  nonce = f"{datetime.utcnow().strftime('%Y%m%dT%H%M%SZ')}_{uuid4().hex[:8]}"
/home/sparky/.openclaw/workspace/tokenguardian/tg-burnin-driver.py:101: DeprecationWarning: datetime.datetime.utcnow() is deprecated and scheduled for removal in a future version. Use timezone-aware objects to represent datetimes in UTC: datetime.datetime.now(datetime.UTC).
  log(f"DRIVER_PROBE_SENT ts={datetime.utcnow().isoformat()}Z lane={lane_type} nonce={nonce}")
/home/sparky/.openclaw/workspace/tokenguardian/tg-burnin-driver.py:39: DeprecationWarning: datetime.datetime.utcnow() is deprecated and scheduled for removal in a future version. Use timezone-aware objects to represent datetimes in UTC: datetime.datetime.now(datetime.UTC).
  ts = datetime.utcnow().isoformat() + "Z"
[2026-02-15T14:10:12.063509Z] DRIVER_PROBE_SENT ts=2026-02-15T14:10:12.063454Z lane=main nonce=20260215T141001Z_011d446c
/home/sparky/.openclaw/workspace/tokenguardian/tg-burnin-driver.py:185: DeprecationWarning: datetime.datetime.utcnow() is deprecated and scheduled for removal in a future version. Use timezone-aware objects to represent datetimes in UTC: datetime.datetime.now(datetime.UTC).
  status["last_run"] = datetime.utcnow().isoformat()
[2026-02-15T14:10:12.063931Z] DRIVER_SUCCESS runs=61 lane=main
[2026-02-15T14:10:01.151140Z] DRIVER_STARTED interval=600s
[2026-02-15T14:10:12.063509Z] DRIVER_PROBE_SENT ts=2026-02-15T14:10:12.063454Z lane=main nonce=20260215T141001Z_011d446c
[2026-02-15T14:10:12.063931Z] DRIVER_SUCCESS runs=61 lane=main
Traceback (most recent call last):
  File "/home/sparky/.openclaw/workspace/tokenguardian/tg-burnin-driver.py", line 218, in <module>
    main()
  File "/home/sparky/.openclaw/workspace/tokenguardian/tg-burnin-driver.py", line 213, in main
    run_driver(args)
  File "/home/sparky/.openclaw/workspace/tokenguardian/tg-burnin-driver.py", line 198, in run_driver
    release_lock(lock)
  File "/home/sparky/.openclaw/workspace/tokenguardian/tg-burnin-driver.py", line 76, in release_lock
    fcntl.flock(lockfile.fileno(), fcntl.LOCK_UN)
    ^^^^^
NameError: name 'fcntl' is not defined. Did you forget to import 'fcntl'?
/home/sparky/.openclaw/workspace/tokenguardian/tg-burnin-driver.py:39: DeprecationWarning: datetime.datetime.utcnow() is deprecated and scheduled for removal in a future version. Use timezone-aware objects to represent datetimes in UTC: datetime.datetime.now(datetime.UTC).
  ts = datetime.utcnow().isoformat() + "Z"
[2026-02-15T14:20:01.348605Z] DRIVER_STARTED interval=600s
/home/sparky/.openclaw/workspace/tokenguardian/tg-burnin-driver.py:82: DeprecationWarning: datetime.datetime.utcnow() is deprecated and scheduled for removal in a future version. Use timezone-aware objects to represent datetimes in UTC: datetime.datetime.now(datetime.UTC).
  nonce = f"{datetime.utcnow().strftime('%Y%m%dT%H%M%SZ')}_{uuid4().hex[:8]}"
/home/sparky/.openclaw/workspace/tokenguardian/tg-burnin-driver.py:101: DeprecationWarning: datetime.datetime.utcnow() is deprecated and scheduled for removal in a future version. Use timezone-aware objects to represent datetimes in UTC: datetime.datetime.now(datetime.UTC).
  log(f"DRIVER_PROBE_SENT ts={datetime.utcnow().isoformat()}Z lane={lane_type} nonce={nonce}")
/home/sparky/.openclaw/workspace/tokenguardian/tg-burnin-driver.py:39: DeprecationWarning: datetime.datetime.utcnow() is deprecated and scheduled for removal in a future version. Use timezone-aware objects to represent datetimes in UTC: datetime.datetime.now(datetime.UTC).
  ts = datetime.utcnow().isoformat() + "Z"
[2026-02-15T14:20:14.522558Z] DRIVER_PROBE_SENT ts=2026-02-15T14:20:14.522519Z lane=session nonce=20260215T142001Z_dad20c43
/home/sparky/.openclaw/workspace/tokenguardian/tg-burnin-driver.py:185: DeprecationWarning: datetime.datetime.utcnow() is deprecated and scheduled for removal in a future version. Use timezone-aware objects to represent datetimes in UTC: datetime.datetime.now(datetime.UTC).
  status["last_run"] = datetime.utcnow().isoformat()
[2026-02-15T14:20:14.523407Z] DRIVER_SUCCESS runs=62 lane=session
[2026-02-15T14:20:01.348605Z] DRIVER_STARTED interval=600s
[2026-02-15T14:20:14.522558Z] DRIVER_PROBE_SENT ts=2026-02-15T14:20:14.522519Z lane=session nonce=20260215T142001Z_dad20c43
[2026-02-15T14:20:14.523407Z] DRIVER_SUCCESS runs=62 lane=session
Traceback (most recent call last):
  File "/home/sparky/.openclaw/workspace/tokenguardian/tg-burnin-driver.py", line 218, in <module>
    main()
  File "/home/sparky/.openclaw/workspace/tokenguardian/tg-burnin-driver.py", line 213, in main
    run_driver(args)
  File "/home/sparky/.openclaw/workspace/tokenguardian/tg-burnin-driver.py", line 198, in run_driver
    release_lock(lock)
  File "/home/sparky/.openclaw/workspace/tokenguardian/tg-burnin-driver.py", line 76, in release_lock
    fcntl.flock(lockfile.fileno(), fcntl.LOCK_UN)
    ^^^^^
NameError: name 'fcntl' is not defined. Did you forget to import 'fcntl'?
/home/sparky/.openclaw/workspace/tokenguardian/tg-burnin-driver.py:39: DeprecationWarning: datetime.datetime.utcnow() is deprecated and scheduled for removal in a future version. Use timezone-aware objects to represent datetimes in UTC: datetime.datetime.now(datetime.UTC).
  ts = datetime.utcnow().isoformat() + "Z"
[2026-02-15T14:30:01.808289Z] DRIVER_STARTED interval=600s
/home/sparky/.openclaw/workspace/tokenguardian/tg-burnin-driver.py:82: DeprecationWarning: datetime.datetime.utcnow() is deprecated and scheduled for removal in a future version. Use timezone-aware objects to represent datetimes in UTC: datetime.datetime.now(datetime.UTC).
  nonce = f"{datetime.utcnow().strftime('%Y%m%dT%H%M%SZ')}_{uuid4().hex[:8]}"
/home/sparky/.openclaw/workspace/tokenguardian/tg-burnin-driver.py:101: DeprecationWarning: datetime.datetime.utcnow() is deprecated and scheduled for removal in a future version. Use timezone-aware objects to represent datetimes in UTC: datetime.datetime.now(datetime.UTC).
  log(f"DRIVER_PROBE_SENT ts={datetime.utcnow().isoformat()}Z lane={lane_type} nonce={nonce}")
/home/sparky/.openclaw/workspace/tokenguardian/tg-burnin-driver.py:39: DeprecationWarning: datetime.datetime.utcnow() is deprecated and scheduled for removal in a future version. Use timezone-aware objects to represent datetimes in UTC: datetime.datetime.now(datetime.UTC).
  ts = datetime.utcnow().isoformat() + "Z"
[2026-02-15T14:30:16.398540Z] DRIVER_PROBE_SENT ts=2026-02-15T14:30:16.398473Z lane=main nonce=20260215T143001Z_d632b993
/home/sparky/.openclaw/workspace/tokenguardian/tg-burnin-driver.py:185: DeprecationWarning: datetime.datetime.utcnow() is deprecated and scheduled for removal in a future version. Use timezone-aware objects to represent datetimes in UTC: datetime.datetime.now(datetime.UTC).
  status["last_run"] = datetime.utcnow().isoformat()
[2026-02-15T14:30:16.399586Z] DRIVER_SUCCESS runs=63 lane=main
[2026-02-15T14:30:01.808289Z] DRIVER_STARTED interval=600s
[2026-02-15T14:30:16.398540Z] DRIVER_PROBE_SENT ts=2026-02-15T14:30:16.398473Z lane=main nonce=20260215T143001Z_d632b993
[2026-02-15T14:30:16.399586Z] DRIVER_SUCCESS runs=63 lane=main
Traceback (most recent call last):
  File "/home/sparky/.openclaw/workspace/tokenguardian/tg-burnin-driver.py", line 218, in <module>
    main()
  File "/home/sparky/.openclaw/workspace/tokenguardian/tg-burnin-driver.py", line 213, in main
    run_driver(args)
  File "/home/sparky/.openclaw/workspace/tokenguardian/tg-burnin-driver.py", line 198, in run_driver
    release_lock(lock)
  File "/home/sparky/.openclaw/workspace/tokenguardian/tg-burnin-driver.py", line 76, in release_lock
    fcntl.flock(lockfile.fileno(), fcntl.LOCK_UN)
    ^^^^^
NameError: name 'fcntl' is not defined. Did you forget to import 'fcntl'?
/home/sparky/.openclaw/workspace/tokenguardian/tg-burnin-driver.py:39: DeprecationWarning: datetime.datetime.utcnow() is deprecated and scheduled for removal in a future version. Use timezone-aware objects to represent datetimes in UTC: datetime.datetime.now(datetime.UTC).
  ts = datetime.utcnow().isoformat() + "Z"
[2026-02-15T14:40:01.898705Z] DRIVER_STARTED interval=600s
/home/sparky/.openclaw/workspace/tokenguardian/tg-burnin-driver.py:82: DeprecationWarning: datetime.datetime.utcnow() is deprecated and scheduled for removal in a future version. Use timezone-aware objects to represent datetimes in UTC: datetime.datetime.now(datetime.UTC).
  nonce = f"{datetime.utcnow().strftime('%Y%m%dT%H%M%SZ')}_{uuid4().hex[:8]}"
/home/sparky/.openclaw/workspace/tokenguardian/tg-burnin-driver.py:101: DeprecationWarning: datetime.datetime.utcnow() is deprecated and scheduled for removal in a future version. Use timezone-aware objects to represent datetimes in UTC: datetime.datetime.now(datetime.UTC).
  log(f"DRIVER_PROBE_SENT ts={datetime.utcnow().isoformat()}Z lane={lane_type} nonce={nonce}")
/home/sparky/.openclaw/workspace/tokenguardian/tg-burnin-driver.py:39: DeprecationWarning: datetime.datetime.utcnow() is deprecated and scheduled for removal in a future version. Use timezone-aware objects to represent datetimes in UTC: datetime.datetime.now(datetime.UTC).
  ts = datetime.utcnow().isoformat() + "Z"
[2026-02-15T14:40:17.277734Z] DRIVER_PROBE_SENT ts=2026-02-15T14:40:17.277693Z lane=session nonce=20260215T144001Z_0f2c9940
/home/sparky/.openclaw/workspace/tokenguardian/tg-burnin-driver.py:185: DeprecationWarning: datetime.datetime.utcnow() is deprecated and scheduled for removal in a future version. Use timezone-aware objects to represent datetimes in UTC: datetime.datetime.now(datetime.UTC).
  status["last_run"] = datetime.utcnow().isoformat()
[2026-02-15T14:40:17.278477Z] DRIVER_SUCCESS runs=64 lane=session
[2026-02-15T14:40:01.898705Z] DRIVER_STARTED interval=600s
[2026-02-15T14:40:17.277734Z] DRIVER_PROBE_SENT ts=2026-02-15T14:40:17.277693Z lane=session nonce=20260215T144001Z_0f2c9940
[2026-02-15T14:40:17.278477Z] DRIVER_SUCCESS runs=64 lane=session
Traceback (most recent call last):
  File "/home/sparky/.openclaw/workspace/tokenguardian/tg-burnin-driver.py", line 218, in <module>
    main()
  File "/home/sparky/.openclaw/workspace/tokenguardian/tg-burnin-driver.py", line 213, in main
    run_driver(args)
  File "/home/sparky/.openclaw/workspace/tokenguardian/tg-burnin-driver.py", line 198, in run_driver
    release_lock(lock)
  File "/home/sparky/.openclaw/workspace/tokenguardian/tg-burnin-driver.py", line 76, in release_lock
    fcntl.flock(lockfile.fileno(), fcntl.LOCK_UN)
    ^^^^^
NameError: name 'fcntl' is not defined. Did you forget to import 'fcntl'?
/home/sparky/.openclaw/workspace/tokenguardian/tg-burnin-driver.py:39: DeprecationWarning: datetime.datetime.utcnow() is deprecated and scheduled for removal in a future version. Use timezone-aware objects to represent datetimes in UTC: datetime.datetime.now(datetime.UTC).
  ts = datetime.utcnow().isoformat() + "Z"
[2026-02-15T14:50:01.631687Z] DRIVER_STARTED interval=600s
/home/sparky/.openclaw/workspace/tokenguardian/tg-burnin-driver.py:82: DeprecationWarning: datetime.datetime.utcnow() is deprecated and scheduled for removal in a future version. Use timezone-aware objects to represent datetimes in UTC: datetime.datetime.now(datetime.UTC).
  nonce = f"{datetime.utcnow().strftime('%Y%m%dT%H%M%SZ')}_{uuid4().hex[:8]}"
/home/sparky/.openclaw/workspace/tokenguardian/tg-burnin-driver.py:101: DeprecationWarning: datetime.datetime.utcnow() is deprecated and scheduled for removal in a future version. Use timezone-aware objects to represent datetimes in UTC: datetime.datetime.now(datetime.UTC).
  log(f"DRIVER_PROBE_SENT ts={datetime.utcnow().isoformat()}Z lane={lane_type} nonce={nonce}")
/home/sparky/.openclaw/workspace/tokenguardian/tg-burnin-driver.py:39: DeprecationWarning: datetime.datetime.utcnow() is deprecated and scheduled for removal in a future version. Use timezone-aware objects to represent datetimes in UTC: datetime.datetime.now(datetime.UTC).
  ts = datetime.utcnow().isoformat() + "Z"
[2026-02-15T14:50:14.374669Z] DRIVER_PROBE_SENT ts=2026-02-15T14:50:14.374621Z lane=main nonce=20260215T145001Z_369833b7
/home/sparky/.openclaw/workspace/tokenguardian/tg-burnin-driver.py:185: DeprecationWarning: datetime.datetime.utcnow() is deprecated and scheduled for removal in a future version. Use timezone-aware objects to represent datetimes in UTC: datetime.datetime.now(datetime.UTC).
  status["last_run"] = datetime.utcnow().isoformat()
[2026-02-15T14:50:14.375150Z] DRIVER_SUCCESS runs=65 lane=main
[2026-02-15T14:50:01.631687Z] DRIVER_STARTED interval=600s
[2026-02-15T14:50:14.374669Z] DRIVER_PROBE_SENT ts=2026-02-15T14:50:14.374621Z lane=main nonce=20260215T145001Z_369833b7
[2026-02-15T14:50:14.375150Z] DRIVER_SUCCESS runs=65 lane=main
Traceback (most recent call last):
  File "/home/sparky/.openclaw/workspace/tokenguardian/tg-burnin-driver.py", line 218, in <module>
    main()
  File "/home/sparky/.openclaw/workspace/tokenguardian/tg-burnin-driver.py", line 213, in main
    run_driver(args)
  File "/home/sparky/.openclaw/workspace/tokenguardian/tg-burnin-driver.py", line 198, in run_driver
    release_lock(lock)
  File "/home/sparky/.openclaw/workspace/tokenguardian/tg-burnin-driver.py", line 76, in release_lock
    fcntl.flock(lockfile.fileno(), fcntl.LOCK_UN)
    ^^^^^
NameError: name 'fcntl' is not defined. Did you forget to import 'fcntl'?
/home/sparky/.openclaw/workspace/tokenguardian/tg-burnin-driver.py:39: DeprecationWarning: datetime.datetime.utcnow() is deprecated and scheduled for removal in a future version. Use timezone-aware objects to represent datetimes in UTC: datetime.datetime.now(datetime.UTC).
  ts = datetime.utcnow().isoformat() + "Z"
[2026-02-15T15:00:01.743782Z] DRIVER_STARTED interval=600s
/home/sparky/.openclaw/workspace/tokenguardian/tg-burnin-driver.py:82: DeprecationWarning: datetime.datetime.utcnow() is deprecated and scheduled for removal in a future version. Use timezone-aware objects to represent datetimes in UTC: datetime.datetime.now(datetime.UTC).
  nonce = f"{datetime.utcnow().strftime('%Y%m%dT%H%M%SZ')}_{uuid4().hex[:8]}"
/home/sparky/.openclaw/workspace/tokenguardian/tg-burnin-driver.py:101: DeprecationWarning: datetime.datetime.utcnow() is deprecated and scheduled for removal in a future version. Use timezone-aware objects to represent datetimes in UTC: datetime.datetime.now(datetime.UTC).
  log(f"DRIVER_PROBE_SENT ts={datetime.utcnow().isoformat()}Z lane={lane_type} nonce={nonce}")
/home/sparky/.openclaw/workspace/tokenguardian/tg-burnin-driver.py:39: DeprecationWarning: datetime.datetime.utcnow() is deprecated and scheduled for removal in a future version. Use timezone-aware objects to represent datetimes in UTC: datetime.datetime.now(datetime.UTC).
  ts = datetime.utcnow().isoformat() + "Z"
[2026-02-15T15:00:17.587361Z] DRIVER_PROBE_SENT ts=2026-02-15T15:00:17.587307Z lane=session nonce=20260215T150001Z_b11c44ea
/home/sparky/.openclaw/workspace/tokenguardian/tg-burnin-driver.py:185: DeprecationWarning: datetime.datetime.utcnow() is deprecated and scheduled for removal in a future version. Use timezone-aware objects to represent datetimes in UTC: datetime.datetime.now(datetime.UTC).
  status["last_run"] = datetime.utcnow().isoformat()
[2026-02-15T15:00:17.588014Z] DRIVER_SUCCESS runs=66 lane=session
[2026-02-15T15:00:01.743782Z] DRIVER_STARTED interval=600s
[2026-02-15T15:00:17.587361Z] DRIVER_PROBE_SENT ts=2026-02-15T15:00:17.587307Z lane=session nonce=20260215T150001Z_b11c44ea
[2026-02-15T15:00:17.588014Z] DRIVER_SUCCESS runs=66 lane=session
Traceback (most recent call last):
  File "/home/sparky/.openclaw/workspace/tokenguardian/tg-burnin-driver.py", line 218, in <module>
    main()
  File "/home/sparky/.openclaw/workspace/tokenguardian/tg-burnin-driver.py", line 213, in main
    run_driver(args)
  File "/home/sparky/.openclaw/workspace/tokenguardian/tg-burnin-driver.py", line 198, in run_driver
    release_lock(lock)
  File "/home/sparky/.openclaw/workspace/tokenguardian/tg-burnin-driver.py", line 76, in release_lock
    fcntl.flock(lockfile.fileno(), fcntl.LOCK_UN)
    ^^^^^
NameError: name 'fcntl' is not defined. Did you forget to import 'fcntl'?
/home/sparky/.openclaw/workspace/tokenguardian/tg-burnin-driver.py:39: DeprecationWarning: datetime.datetime.utcnow() is deprecated and scheduled for removal in a future version. Use timezone-aware objects to represent datetimes in UTC: datetime.datetime.now(datetime.UTC).
  ts = datetime.utcnow().isoformat() + "Z"
[2026-02-15T15:10:02.065214Z] DRIVER_STARTED interval=600s
/home/sparky/.openclaw/workspace/tokenguardian/tg-burnin-driver.py:82: DeprecationWarning: datetime.datetime.utcnow() is deprecated and scheduled for removal in a future version. Use timezone-aware objects to represent datetimes in UTC: datetime.datetime.now(datetime.UTC).
  nonce = f"{datetime.utcnow().strftime('%Y%m%dT%H%M%SZ')}_{uuid4().hex[:8]}"
/home/sparky/.openclaw/workspace/tokenguardian/tg-burnin-driver.py:101: DeprecationWarning: datetime.datetime.utcnow() is deprecated and scheduled for removal in a future version. Use timezone-aware objects to represent datetimes in UTC: datetime.datetime.now(datetime.UTC).
  log(f"DRIVER_PROBE_SENT ts={datetime.utcnow().isoformat()}Z lane={lane_type} nonce={nonce}")
/home/sparky/.openclaw/workspace/tokenguardian/tg-burnin-driver.py:39: DeprecationWarning: datetime.datetime.utcnow() is deprecated and scheduled for removal in a future version. Use timezone-aware objects to represent datetimes in UTC: datetime.datetime.now(datetime.UTC).
  ts = datetime.utcnow().isoformat() + "Z"
[2026-02-15T15:10:16.176650Z] DRIVER_PROBE_SENT ts=2026-02-15T15:10:16.176618Z lane=main nonce=20260215T151002Z_b550285b
/home/sparky/.openclaw/workspace/tokenguardian/tg-burnin-driver.py:185: DeprecationWarning: datetime.datetime.utcnow() is deprecated and scheduled for removal in a future version. Use timezone-aware objects to represent datetimes in UTC: datetime.datetime.now(datetime.UTC).
  status["last_run"] = datetime.utcnow().isoformat()
[2026-02-15T15:10:16.177196Z] DRIVER_SUCCESS runs=67 lane=main
[2026-02-15T15:10:02.065214Z] DRIVER_STARTED interval=600s
[2026-02-15T15:10:16.176650Z] DRIVER_PROBE_SENT ts=2026-02-15T15:10:16.176618Z lane=main nonce=20260215T151002Z_b550285b
[2026-02-15T15:10:16.177196Z] DRIVER_SUCCESS runs=67 lane=main
Traceback (most recent call last):
  File "/home/sparky/.openclaw/workspace/tokenguardian/tg-burnin-driver.py", line 218, in <module>
    main()
  File "/home/sparky/.openclaw/workspace/tokenguardian/tg-burnin-driver.py", line 213, in main
    run_driver(args)
  File "/home/sparky/.openclaw/workspace/tokenguardian/tg-burnin-driver.py", line 198, in run_driver
    release_lock(lock)
  File "/home/sparky/.openclaw/workspace/tokenguardian/tg-burnin-driver.py", line 76, in release_lock
    fcntl.flock(lockfile.fileno(), fcntl.LOCK_UN)
    ^^^^^
NameError: name 'fcntl' is not defined. Did you forget to import 'fcntl'?
/home/sparky/.openclaw/workspace/tokenguardian/tg-burnin-driver.py:39: DeprecationWarning: datetime.datetime.utcnow() is deprecated and scheduled for removal in a future version. Use timezone-aware objects to represent datetimes in UTC: datetime.datetime.now(datetime.UTC).
  ts = datetime.utcnow().isoformat() + "Z"
[2026-02-15T15:20:01.486104Z] DRIVER_STARTED interval=600s
/home/sparky/.openclaw/workspace/tokenguardian/tg-burnin-driver.py:82: DeprecationWarning: datetime.datetime.utcnow() is deprecated and scheduled for removal in a future version. Use timezone-aware objects to represent datetimes in UTC: datetime.datetime.now(datetime.UTC).
  nonce = f"{datetime.utcnow().strftime('%Y%m%dT%H%M%SZ')}_{uuid4().hex[:8]}"
/home/sparky/.openclaw/workspace/tokenguardian/tg-burnin-driver.py:101: DeprecationWarning: datetime.datetime.utcnow() is deprecated and scheduled for removal in a future version. Use timezone-aware objects to represent datetimes in UTC: datetime.datetime.now(datetime.UTC).
  log(f"DRIVER_PROBE_SENT ts={datetime.utcnow().isoformat()}Z lane={lane_type} nonce={nonce}")
/home/sparky/.openclaw/workspace/tokenguardian/tg-burnin-driver.py:39: DeprecationWarning: datetime.datetime.utcnow() is deprecated and scheduled for removal in a future version. Use timezone-aware objects to represent datetimes in UTC: datetime.datetime.now(datetime.UTC).
  ts = datetime.utcnow().isoformat() + "Z"
[2026-02-15T15:20:13.855729Z] DRIVER_PROBE_SENT ts=2026-02-15T15:20:13.855677Z lane=session nonce=20260215T152001Z_0c759882
/home/sparky/.openclaw/workspace/tokenguardian/tg-burnin-driver.py:185: DeprecationWarning: datetime.datetime.utcnow() is deprecated and scheduled for removal in a future version. Use timezone-aware objects to represent datetimes in UTC: datetime.datetime.now(datetime.UTC).
  status["last_run"] = datetime.utcnow().isoformat()
[2026-02-15T15:20:13.856100Z] DRIVER_SUCCESS runs=68 lane=session
[2026-02-15T15:20:01.486104Z] DRIVER_STARTED interval=600s
[2026-02-15T15:20:13.855729Z] DRIVER_PROBE_SENT ts=2026-02-15T15:20:13.855677Z lane=session nonce=20260215T152001Z_0c759882
[2026-02-15T15:20:13.856100Z] DRIVER_SUCCESS runs=68 lane=session
Traceback (most recent call last):
  File "/home/sparky/.openclaw/workspace/tokenguardian/tg-burnin-driver.py", line 218, in <module>
    main()
  File "/home/sparky/.openclaw/workspace/tokenguardian/tg-burnin-driver.py", line 213, in main
    run_driver(args)
  File "/home/sparky/.openclaw/workspace/tokenguardian/tg-burnin-driver.py", line 198, in run_driver
    release_lock(lock)
  File "/home/sparky/.openclaw/workspace/tokenguardian/tg-burnin-driver.py", line 76, in release_lock
    fcntl.flock(lockfile.fileno(), fcntl.LOCK_UN)
    ^^^^^
NameError: name 'fcntl' is not defined. Did you forget to import 'fcntl'?
/home/sparky/.openclaw/workspace/tokenguardian/tg-burnin-driver.py:39: DeprecationWarning: datetime.datetime.utcnow() is deprecated and scheduled for removal in a future version. Use timezone-aware objects to represent datetimes in UTC: datetime.datetime.now(datetime.UTC).
  ts = datetime.utcnow().isoformat() + "Z"
[2026-02-15T15:30:01.164725Z] DRIVER_STARTED interval=600s
/home/sparky/.openclaw/workspace/tokenguardian/tg-burnin-driver.py:82: DeprecationWarning: datetime.datetime.utcnow() is deprecated and scheduled for removal in a future version. Use timezone-aware objects to represent datetimes in UTC: datetime.datetime.now(datetime.UTC).
  nonce = f"{datetime.utcnow().strftime('%Y%m%dT%H%M%SZ')}_{uuid4().hex[:8]}"
/home/sparky/.openclaw/workspace/tokenguardian/tg-burnin-driver.py:101: DeprecationWarning: datetime.datetime.utcnow() is deprecated and scheduled for removal in a future version. Use timezone-aware objects to represent datetimes in UTC: datetime.datetime.now(datetime.UTC).
  log(f"DRIVER_PROBE_SENT ts={datetime.utcnow().isoformat()}Z lane={lane_type} nonce={nonce}")
/home/sparky/.openclaw/workspace/tokenguardian/tg-burnin-driver.py:39: DeprecationWarning: datetime.datetime.utcnow() is deprecated and scheduled for removal in a future version. Use timezone-aware objects to represent datetimes in UTC: datetime.datetime.now(datetime.UTC).
  ts = datetime.utcnow().isoformat() + "Z"
[2026-02-15T15:30:14.540511Z] DRIVER_PROBE_SENT ts=2026-02-15T15:30:14.540422Z lane=main nonce=20260215T153001Z_f4d1abc8
/home/sparky/.openclaw/workspace/tokenguardian/tg-burnin-driver.py:185: DeprecationWarning: datetime.datetime.utcnow() is deprecated and scheduled for removal in a future version. Use timezone-aware objects to represent datetimes in UTC: datetime.datetime.now(datetime.UTC).
  status["last_run"] = datetime.utcnow().isoformat()
[2026-02-15T15:30:14.540968Z] DRIVER_SUCCESS runs=69 lane=main
[2026-02-15T15:30:01.164725Z] DRIVER_STARTED interval=600s
[2026-02-15T15:30:14.540511Z] DRIVER_PROBE_SENT ts=2026-02-15T15:30:14.540422Z lane=main nonce=20260215T153001Z_f4d1abc8
[2026-02-15T15:30:14.540968Z] DRIVER_SUCCESS runs=69 lane=main
Traceback (most recent call last):
  File "/home/sparky/.openclaw/workspace/tokenguardian/tg-burnin-driver.py", line 218, in <module>
    main()
  File "/home/sparky/.openclaw/workspace/tokenguardian/tg-burnin-driver.py", line 213, in main
    run_driver(args)
  File "/home/sparky/.openclaw/workspace/tokenguardian/tg-burnin-driver.py", line 198, in run_driver
    release_lock(lock)
  File "/home/sparky/.openclaw/workspace/tokenguardian/tg-burnin-driver.py", line 76, in release_lock
    fcntl.flock(lockfile.fileno(), fcntl.LOCK_UN)
    ^^^^^
NameError: name 'fcntl' is not defined. Did you forget to import 'fcntl'?
/home/sparky/.openclaw/workspace/tokenguardian/tg-burnin-driver.py:39: DeprecationWarning: datetime.datetime.utcnow() is deprecated and scheduled for removal in a future version. Use timezone-aware objects to represent datetimes in UTC: datetime.datetime.now(datetime.UTC).
  ts = datetime.utcnow().isoformat() + "Z"
[2026-02-15T15:40:01.954447Z] DRIVER_STARTED interval=600s
/home/sparky/.openclaw/workspace/tokenguardian/tg-burnin-driver.py:82: DeprecationWarning: datetime.datetime.utcnow() is deprecated and scheduled for removal in a future version. Use timezone-aware objects to represent datetimes in UTC: datetime.datetime.now(datetime.UTC).
  nonce = f"{datetime.utcnow().strftime('%Y%m%dT%H%M%SZ')}_{uuid4().hex[:8]}"
/home/sparky/.openclaw/workspace/tokenguardian/tg-burnin-driver.py:101: DeprecationWarning: datetime.datetime.utcnow() is deprecated and scheduled for removal in a future version. Use timezone-aware objects to represent datetimes in UTC: datetime.datetime.now(datetime.UTC).
  log(f"DRIVER_PROBE_SENT ts={datetime.utcnow().isoformat()}Z lane={lane_type} nonce={nonce}")
/home/sparky/.openclaw/workspace/tokenguardian/tg-burnin-driver.py:39: DeprecationWarning: datetime.datetime.utcnow() is deprecated and scheduled for removal in a future version. Use timezone-aware objects to represent datetimes in UTC: datetime.datetime.now(datetime.UTC).
  ts = datetime.utcnow().isoformat() + "Z"
[2026-02-15T15:40:18.555720Z] DRIVER_PROBE_SENT ts=2026-02-15T15:40:18.555683Z lane=session nonce=20260215T154001Z_e5a64a50
/home/sparky/.openclaw/workspace/tokenguardian/tg-burnin-driver.py:185: DeprecationWarning: datetime.datetime.utcnow() is deprecated and scheduled for removal in a future version. Use timezone-aware objects to represent datetimes in UTC: datetime.datetime.now(datetime.UTC).
  status["last_run"] = datetime.utcnow().isoformat()
[2026-02-15T15:40:18.556092Z] DRIVER_SUCCESS runs=70 lane=session
[2026-02-15T15:40:01.954447Z] DRIVER_STARTED interval=600s
[2026-02-15T15:40:18.555720Z] DRIVER_PROBE_SENT ts=2026-02-15T15:40:18.555683Z lane=session nonce=20260215T154001Z_e5a64a50
[2026-02-15T15:40:18.556092Z] DRIVER_SUCCESS runs=70 lane=session
Traceback (most recent call last):
  File "/home/sparky/.openclaw/workspace/tokenguardian/tg-burnin-driver.py", line 218, in <module>
    main()
  File "/home/sparky/.openclaw/workspace/tokenguardian/tg-burnin-driver.py", line 213, in main
    run_driver(args)
  File "/home/sparky/.openclaw/workspace/tokenguardian/tg-burnin-driver.py", line 198, in run_driver
    release_lock(lock)
  File "/home/sparky/.openclaw/workspace/tokenguardian/tg-burnin-driver.py", line 76, in release_lock
    fcntl.flock(lockfile.fileno(), fcntl.LOCK_UN)
    ^^^^^
NameError: name 'fcntl' is not defined. Did you forget to import 'fcntl'?
/home/sparky/.openclaw/workspace/tokenguardian/tg-burnin-driver.py:39: DeprecationWarning: datetime.datetime.utcnow() is deprecated and scheduled for removal in a future version. Use timezone-aware objects to represent datetimes in UTC: datetime.datetime.now(datetime.UTC).
  ts = datetime.utcnow().isoformat() + "Z"
[2026-02-15T15:50:02.033008Z] DRIVER_STARTED interval=600s
/home/sparky/.openclaw/workspace/tokenguardian/tg-burnin-driver.py:82: DeprecationWarning: datetime.datetime.utcnow() is deprecated and scheduled for removal in a future version. Use timezone-aware objects to represent datetimes in UTC: datetime.datetime.now(datetime.UTC).
  nonce = f"{datetime.utcnow().strftime('%Y%m%dT%H%M%SZ')}_{uuid4().hex[:8]}"
/home/sparky/.openclaw/workspace/tokenguardian/tg-burnin-driver.py:101: DeprecationWarning: datetime.datetime.utcnow() is deprecated and scheduled for removal in a future version. Use timezone-aware objects to represent datetimes in UTC: datetime.datetime.now(datetime.UTC).
  log(f"DRIVER_PROBE_SENT ts={datetime.utcnow().isoformat()}Z lane={lane_type} nonce={nonce}")
/home/sparky/.openclaw/workspace/tokenguardian/tg-burnin-driver.py:39: DeprecationWarning: datetime.datetime.utcnow() is deprecated and scheduled for removal in a future version. Use timezone-aware objects to represent datetimes in UTC: datetime.datetime.now(datetime.UTC).
  ts = datetime.utcnow().isoformat() + "Z"
[2026-02-15T15:50:13.649565Z] DRIVER_PROBE_SENT ts=2026-02-15T15:50:13.649528Z lane=main nonce=20260215T155002Z_35f03da1
/home/sparky/.openclaw/workspace/tokenguardian/tg-burnin-driver.py:185: DeprecationWarning: datetime.datetime.utcnow() is deprecated and scheduled for removal in a future version. Use timezone-aware objects to represent datetimes in UTC: datetime.datetime.now(datetime.UTC).
  status["last_run"] = datetime.utcnow().isoformat()
[2026-02-15T15:50:13.650018Z] DRIVER_SUCCESS runs=71 lane=main
[2026-02-15T15:50:02.033008Z] DRIVER_STARTED interval=600s
[2026-02-15T15:50:13.649565Z] DRIVER_PROBE_SENT ts=2026-02-15T15:50:13.649528Z lane=main nonce=20260215T155002Z_35f03da1
[2026-02-15T15:50:13.650018Z] DRIVER_SUCCESS runs=71 lane=main
Traceback (most recent call last):
  File "/home/sparky/.openclaw/workspace/tokenguardian/tg-burnin-driver.py", line 218, in <module>
    main()
  File "/home/sparky/.openclaw/workspace/tokenguardian/tg-burnin-driver.py", line 213, in main
    run_driver(args)
  File "/home/sparky/.openclaw/workspace/tokenguardian/tg-burnin-driver.py", line 198, in run_driver
    release_lock(lock)
  File "/home/sparky/.openclaw/workspace/tokenguardian/tg-burnin-driver.py", line 76, in release_lock
    fcntl.flock(lockfile.fileno(), fcntl.LOCK_UN)
    ^^^^^
NameError: name 'fcntl' is not defined. Did you forget to import 'fcntl'?
/home/sparky/.openclaw/workspace/tokenguardian/tg-burnin-driver.py:39: DeprecationWarning: datetime.datetime.utcnow() is deprecated and scheduled for removal in a future version. Use timezone-aware objects to represent datetimes in UTC: datetime.datetime.now(datetime.UTC).
  ts = datetime.utcnow().isoformat() + "Z"
[2026-02-15T16:00:02.182728Z] DRIVER_STARTED interval=600s
/home/sparky/.openclaw/workspace/tokenguardian/tg-burnin-driver.py:82: DeprecationWarning: datetime.datetime.utcnow() is deprecated and scheduled for removal in a future version. Use timezone-aware objects to represent datetimes in UTC: datetime.datetime.now(datetime.UTC).
  nonce = f"{datetime.utcnow().strftime('%Y%m%dT%H%M%SZ')}_{uuid4().hex[:8]}"
/home/sparky/.openclaw/workspace/tokenguardian/tg-burnin-driver.py:101: DeprecationWarning: datetime.datetime.utcnow() is deprecated and scheduled for removal in a future version. Use timezone-aware objects to represent datetimes in UTC: datetime.datetime.now(datetime.UTC).
  log(f"DRIVER_PROBE_SENT ts={datetime.utcnow().isoformat()}Z lane={lane_type} nonce={nonce}")
/home/sparky/.openclaw/workspace/tokenguardian/tg-burnin-driver.py:39: DeprecationWarning: datetime.datetime.utcnow() is deprecated and scheduled for removal in a future version. Use timezone-aware objects to represent datetimes in UTC: datetime.datetime.now(datetime.UTC).
  ts = datetime.utcnow().isoformat() + "Z"
[2026-02-15T16:00:18.485287Z] DRIVER_PROBE_SENT ts=2026-02-15T16:00:18.485251Z lane=session nonce=20260215T160002Z_0b9bd650
/home/sparky/.openclaw/workspace/tokenguardian/tg-burnin-driver.py:185: DeprecationWarning: datetime.datetime.utcnow() is deprecated and scheduled for removal in a future version. Use timezone-aware objects to represent datetimes in UTC: datetime.datetime.now(datetime.UTC).
  status["last_run"] = datetime.utcnow().isoformat()
[2026-02-15T16:00:18.485659Z] DRIVER_SUCCESS runs=72 lane=session
[2026-02-15T16:00:02.182728Z] DRIVER_STARTED interval=600s
[2026-02-15T16:00:18.485287Z] DRIVER_PROBE_SENT ts=2026-02-15T16:00:18.485251Z lane=session nonce=20260215T160002Z_0b9bd650
[2026-02-15T16:00:18.485659Z] DRIVER_SUCCESS runs=72 lane=session
Traceback (most recent call last):
  File "/home/sparky/.openclaw/workspace/tokenguardian/tg-burnin-driver.py", line 218, in <module>
    main()
  File "/home/sparky/.openclaw/workspace/tokenguardian/tg-burnin-driver.py", line 213, in main
    run_driver(args)
  File "/home/sparky/.openclaw/workspace/tokenguardian/tg-burnin-driver.py", line 198, in run_driver
    release_lock(lock)
  File "/home/sparky/.openclaw/workspace/tokenguardian/tg-burnin-driver.py", line 76, in release_lock
    fcntl.flock(lockfile.fileno(), fcntl.LOCK_UN)
    ^^^^^
NameError: name 'fcntl' is not defined. Did you forget to import 'fcntl'?
/home/sparky/.openclaw/workspace/tokenguardian/tg-burnin-driver.py:39: DeprecationWarning: datetime.datetime.utcnow() is deprecated and scheduled for removal in a future version. Use timezone-aware objects to represent datetimes in UTC: datetime.datetime.now(datetime.UTC).
  ts = datetime.utcnow().isoformat() + "Z"
[2026-02-15T16:10:01.907801Z] DRIVER_STARTED interval=600s
/home/sparky/.openclaw/workspace/tokenguardian/tg-burnin-driver.py:82: DeprecationWarning: datetime.datetime.utcnow() is deprecated and scheduled for removal in a future version. Use timezone-aware objects to represent datetimes in UTC: datetime.datetime.now(datetime.UTC).
  nonce = f"{datetime.utcnow().strftime('%Y%m%dT%H%M%SZ')}_{uuid4().hex[:8]}"
/home/sparky/.openclaw/workspace/tokenguardian/tg-burnin-driver.py:101: DeprecationWarning: datetime.datetime.utcnow() is deprecated and scheduled for removal in a future version. Use timezone-aware objects to represent datetimes in UTC: datetime.datetime.now(datetime.UTC).
  log(f"DRIVER_PROBE_SENT ts={datetime.utcnow().isoformat()}Z lane={lane_type} nonce={nonce}")
/home/sparky/.openclaw/workspace/tokenguardian/tg-burnin-driver.py:39: DeprecationWarning: datetime.datetime.utcnow() is deprecated and scheduled for removal in a future version. Use timezone-aware objects to represent datetimes in UTC: datetime.datetime.now(datetime.UTC).
  ts = datetime.utcnow().isoformat() + "Z"
[2026-02-15T16:10:15.098898Z] DRIVER_PROBE_SENT ts=2026-02-15T16:10:15.098768Z lane=main nonce=20260215T161002Z_3e4bb03e
/home/sparky/.openclaw/workspace/tokenguardian/tg-burnin-driver.py:185: DeprecationWarning: datetime.datetime.utcnow() is deprecated and scheduled for removal in a future version. Use timezone-aware objects to represent datetimes in UTC: datetime.datetime.now(datetime.UTC).
  status["last_run"] = datetime.utcnow().isoformat()
[2026-02-15T16:10:15.099505Z] DRIVER_SUCCESS runs=73 lane=main
[2026-02-15T16:10:01.907801Z] DRIVER_STARTED interval=600s
[2026-02-15T16:10:15.098898Z] DRIVER_PROBE_SENT ts=2026-02-15T16:10:15.098768Z lane=main nonce=20260215T161002Z_3e4bb03e
[2026-02-15T16:10:15.099505Z] DRIVER_SUCCESS runs=73 lane=main
Traceback (most recent call last):
  File "/home/sparky/.openclaw/workspace/tokenguardian/tg-burnin-driver.py", line 218, in <module>
    main()
  File "/home/sparky/.openclaw/workspace/tokenguardian/tg-burnin-driver.py", line 213, in main
    run_driver(args)
  File "/home/sparky/.openclaw/workspace/tokenguardian/tg-burnin-driver.py", line 198, in run_driver
    release_lock(lock)
  File "/home/sparky/.openclaw/workspace/tokenguardian/tg-burnin-driver.py", line 76, in release_lock
    fcntl.flock(lockfile.fileno(), fcntl.LOCK_UN)
    ^^^^^
NameError: name 'fcntl' is not defined. Did you forget to import 'fcntl'?
/home/sparky/.openclaw/workspace/tokenguardian/tg-burnin-driver.py:39: DeprecationWarning: datetime.datetime.utcnow() is deprecated and scheduled for removal in a future version. Use timezone-aware objects to represent datetimes in UTC: datetime.datetime.now(datetime.UTC).
  ts = datetime.utcnow().isoformat() + "Z"
[2026-02-15T16:20:01.400923Z] DRIVER_STARTED interval=600s
/home/sparky/.openclaw/workspace/tokenguardian/tg-burnin-driver.py:82: DeprecationWarning: datetime.datetime.utcnow() is deprecated and scheduled for removal in a future version. Use timezone-aware objects to represent datetimes in UTC: datetime.datetime.now(datetime.UTC).
  nonce = f"{datetime.utcnow().strftime('%Y%m%dT%H%M%SZ')}_{uuid4().hex[:8]}"
/home/sparky/.openclaw/workspace/tokenguardian/tg-burnin-driver.py:101: DeprecationWarning: datetime.datetime.utcnow() is deprecated and scheduled for removal in a future version. Use timezone-aware objects to represent datetimes in UTC: datetime.datetime.now(datetime.UTC).
  log(f"DRIVER_PROBE_SENT ts={datetime.utcnow().isoformat()}Z lane={lane_type} nonce={nonce}")
/home/sparky/.openclaw/workspace/tokenguardian/tg-burnin-driver.py:39: DeprecationWarning: datetime.datetime.utcnow() is deprecated and scheduled for removal in a future version. Use timezone-aware objects to represent datetimes in UTC: datetime.datetime.now(datetime.UTC).
  ts = datetime.utcnow().isoformat() + "Z"
[2026-02-15T16:20:13.682922Z] DRIVER_PROBE_SENT ts=2026-02-15T16:20:13.682865Z lane=session nonce=20260215T162001Z_4560239b
/home/sparky/.openclaw/workspace/tokenguardian/tg-burnin-driver.py:185: DeprecationWarning: datetime.datetime.utcnow() is deprecated and scheduled for removal in a future version. Use timezone-aware objects to represent datetimes in UTC: datetime.datetime.now(datetime.UTC).
  status["last_run"] = datetime.utcnow().isoformat()
[2026-02-15T16:20:13.683317Z] DRIVER_SUCCESS runs=74 lane=session
[2026-02-15T16:20:01.400923Z] DRIVER_STARTED interval=600s
[2026-02-15T16:20:13.682922Z] DRIVER_PROBE_SENT ts=2026-02-15T16:20:13.682865Z lane=session nonce=20260215T162001Z_4560239b
[2026-02-15T16:20:13.683317Z] DRIVER_SUCCESS runs=74 lane=session
Traceback (most recent call last):
  File "/home/sparky/.openclaw/workspace/tokenguardian/tg-burnin-driver.py", line 218, in <module>
    main()
  File "/home/sparky/.openclaw/workspace/tokenguardian/tg-burnin-driver.py", line 213, in main
    run_driver(args)
  File "/home/sparky/.openclaw/workspace/tokenguardian/tg-burnin-driver.py", line 198, in run_driver
    release_lock(lock)
  File "/home/sparky/.openclaw/workspace/tokenguardian/tg-burnin-driver.py", line 76, in release_lock
    fcntl.flock(lockfile.fileno(), fcntl.LOCK_UN)
    ^^^^^
NameError: name 'fcntl' is not defined. Did you forget to import 'fcntl'?
/home/sparky/.openclaw/workspace/tokenguardian/tg-burnin-driver.py:39: DeprecationWarning: datetime.datetime.utcnow() is deprecated and scheduled for removal in a future version. Use timezone-aware objects to represent datetimes in UTC: datetime.datetime.now(datetime.UTC).
  ts = datetime.utcnow().isoformat() + "Z"
[2026-02-15T16:30:02.232281Z] DRIVER_STARTED interval=600s
/home/sparky/.openclaw/workspace/tokenguardian/tg-burnin-driver.py:82: DeprecationWarning: datetime.datetime.utcnow() is deprecated and scheduled for removal in a future version. Use timezone-aware objects to represent datetimes in UTC: datetime.datetime.now(datetime.UTC).
  nonce = f"{datetime.utcnow().strftime('%Y%m%dT%H%M%SZ')}_{uuid4().hex[:8]}"
/home/sparky/.openclaw/workspace/tokenguardian/tg-burnin-driver.py:101: DeprecationWarning: datetime.datetime.utcnow() is deprecated and scheduled for removal in a future version. Use timezone-aware objects to represent datetimes in UTC: datetime.datetime.now(datetime.UTC).
  log(f"DRIVER_PROBE_SENT ts={datetime.utcnow().isoformat()}Z lane={lane_type} nonce={nonce}")
/home/sparky/.openclaw/workspace/tokenguardian/tg-burnin-driver.py:39: DeprecationWarning: datetime.datetime.utcnow() is deprecated and scheduled for removal in a future version. Use timezone-aware objects to represent datetimes in UTC: datetime.datetime.now(datetime.UTC).
  ts = datetime.utcnow().isoformat() + "Z"
[2026-02-15T16:30:16.173895Z] DRIVER_PROBE_SENT ts=2026-02-15T16:30:16.173828Z lane=main nonce=20260215T163002Z_a81870d5
/home/sparky/.openclaw/workspace/tokenguardian/tg-burnin-driver.py:185: DeprecationWarning: datetime.datetime.utcnow() is deprecated and scheduled for removal in a future version. Use timezone-aware objects to represent datetimes in UTC: datetime.datetime.now(datetime.UTC).
  status["last_run"] = datetime.utcnow().isoformat()
[2026-02-15T16:30:16.174324Z] DRIVER_SUCCESS runs=75 lane=main
[2026-02-15T16:30:02.232281Z] DRIVER_STARTED interval=600s
[2026-02-15T16:30:16.173895Z] DRIVER_PROBE_SENT ts=2026-02-15T16:30:16.173828Z lane=main nonce=20260215T163002Z_a81870d5
[2026-02-15T16:30:16.174324Z] DRIVER_SUCCESS runs=75 lane=main
Traceback (most recent call last):
  File "/home/sparky/.openclaw/workspace/tokenguardian/tg-burnin-driver.py", line 218, in <module>
    main()
  File "/home/sparky/.openclaw/workspace/tokenguardian/tg-burnin-driver.py", line 213, in main
    run_driver(args)
  File "/home/sparky/.openclaw/workspace/tokenguardian/tg-burnin-driver.py", line 198, in run_driver
    release_lock(lock)
  File "/home/sparky/.openclaw/workspace/tokenguardian/tg-burnin-driver.py", line 76, in release_lock
    fcntl.flock(lockfile.fileno(), fcntl.LOCK_UN)
    ^^^^^
NameError: name 'fcntl' is not defined. Did you forget to import 'fcntl'?
/home/sparky/.openclaw/workspace/tokenguardian/tg-burnin-driver.py:39: DeprecationWarning: datetime.datetime.utcnow() is deprecated and scheduled for removal in a future version. Use timezone-aware objects to represent datetimes in UTC: datetime.datetime.now(datetime.UTC).
  ts = datetime.utcnow().isoformat() + "Z"
[2026-02-15T16:40:01.451966Z] DRIVER_STARTED interval=600s
/home/sparky/.openclaw/workspace/tokenguardian/tg-burnin-driver.py:82: DeprecationWarning: datetime.datetime.utcnow() is deprecated and scheduled for removal in a future version. Use timezone-aware objects to represent datetimes in UTC: datetime.datetime.now(datetime.UTC).
  nonce = f"{datetime.utcnow().strftime('%Y%m%dT%H%M%SZ')}_{uuid4().hex[:8]}"
/home/sparky/.openclaw/workspace/tokenguardian/tg-burnin-driver.py:101: DeprecationWarning: datetime.datetime.utcnow() is deprecated and scheduled for removal in a future version. Use timezone-aware objects to represent datetimes in UTC: datetime.datetime.now(datetime.UTC).
  log(f"DRIVER_PROBE_SENT ts={datetime.utcnow().isoformat()}Z lane={lane_type} nonce={nonce}")
/home/sparky/.openclaw/workspace/tokenguardian/tg-burnin-driver.py:39: DeprecationWarning: datetime.datetime.utcnow() is deprecated and scheduled for removal in a future version. Use timezone-aware objects to represent datetimes in UTC: datetime.datetime.now(datetime.UTC).
  ts = datetime.utcnow().isoformat() + "Z"
[2026-02-15T16:40:15.254801Z] DRIVER_PROBE_SENT ts=2026-02-15T16:40:15.254755Z lane=session nonce=20260215T164001Z_62a537d1
/home/sparky/.openclaw/workspace/tokenguardian/tg-burnin-driver.py:185: DeprecationWarning: datetime.datetime.utcnow() is deprecated and scheduled for removal in a future version. Use timezone-aware objects to represent datetimes in UTC: datetime.datetime.now(datetime.UTC).
  status["last_run"] = datetime.utcnow().isoformat()
[2026-02-15T16:40:15.255326Z] DRIVER_SUCCESS runs=76 lane=session
[2026-02-15T16:40:01.451966Z] DRIVER_STARTED interval=600s
[2026-02-15T16:40:15.254801Z] DRIVER_PROBE_SENT ts=2026-02-15T16:40:15.254755Z lane=session nonce=20260215T164001Z_62a537d1
[2026-02-15T16:40:15.255326Z] DRIVER_SUCCESS runs=76 lane=session
Traceback (most recent call last):
  File "/home/sparky/.openclaw/workspace/tokenguardian/tg-burnin-driver.py", line 218, in <module>
    main()
  File "/home/sparky/.openclaw/workspace/tokenguardian/tg-burnin-driver.py", line 213, in main
    run_driver(args)
  File "/home/sparky/.openclaw/workspace/tokenguardian/tg-burnin-driver.py", line 198, in run_driver
    release_lock(lock)
  File "/home/sparky/.openclaw/workspace/tokenguardian/tg-burnin-driver.py", line 76, in release_lock
    fcntl.flock(lockfile.fileno(), fcntl.LOCK_UN)
    ^^^^^
NameError: name 'fcntl' is not defined. Did you forget to import 'fcntl'?
/home/sparky/.openclaw/workspace/tokenguardian/tg-burnin-driver.py:39: DeprecationWarning: datetime.datetime.utcnow() is deprecated and scheduled for removal in a future version. Use timezone-aware objects to represent datetimes in UTC: datetime.datetime.now(datetime.UTC).
  ts = datetime.utcnow().isoformat() + "Z"
[2026-02-15T16:50:01.533334Z] DRIVER_STARTED interval=600s
/home/sparky/.openclaw/workspace/tokenguardian/tg-burnin-driver.py:82: DeprecationWarning: datetime.datetime.utcnow() is deprecated and scheduled for removal in a future version. Use timezone-aware objects to represent datetimes in UTC: datetime.datetime.now(datetime.UTC).
  nonce = f"{datetime.utcnow().strftime('%Y%m%dT%H%M%SZ')}_{uuid4().hex[:8]}"
/home/sparky/.openclaw/workspace/tokenguardian/tg-burnin-driver.py:101: DeprecationWarning: datetime.datetime.utcnow() is deprecated and scheduled for removal in a future version. Use timezone-aware objects to represent datetimes in UTC: datetime.datetime.now(datetime.UTC).
  log(f"DRIVER_PROBE_SENT ts={datetime.utcnow().isoformat()}Z lane={lane_type} nonce={nonce}")
/home/sparky/.openclaw/workspace/tokenguardian/tg-burnin-driver.py:39: DeprecationWarning: datetime.datetime.utcnow() is deprecated and scheduled for removal in a future version. Use timezone-aware objects to represent datetimes in UTC: datetime.datetime.now(datetime.UTC).
  ts = datetime.utcnow().isoformat() + "Z"
[2026-02-15T16:50:15.383456Z] DRIVER_PROBE_SENT ts=2026-02-15T16:50:15.383416Z lane=main nonce=20260215T165001Z_86049448
/home/sparky/.openclaw/workspace/tokenguardian/tg-burnin-driver.py:185: DeprecationWarning: datetime.datetime.utcnow() is deprecated and scheduled for removal in a future version. Use timezone-aware objects to represent datetimes in UTC: datetime.datetime.now(datetime.UTC).
  status["last_run"] = datetime.utcnow().isoformat()
[2026-02-15T16:50:15.383928Z] DRIVER_SUCCESS runs=77 lane=main
[2026-02-15T16:50:01.533334Z] DRIVER_STARTED interval=600s
[2026-02-15T16:50:15.383456Z] DRIVER_PROBE_SENT ts=2026-02-15T16:50:15.383416Z lane=main nonce=20260215T165001Z_86049448
[2026-02-15T16:50:15.383928Z] DRIVER_SUCCESS runs=77 lane=main
Traceback (most recent call last):
  File "/home/sparky/.openclaw/workspace/tokenguardian/tg-burnin-driver.py", line 218, in <module>
    main()
  File "/home/sparky/.openclaw/workspace/tokenguardian/tg-burnin-driver.py", line 213, in main
    run_driver(args)
  File "/home/sparky/.openclaw/workspace/tokenguardian/tg-burnin-driver.py", line 198, in run_driver
    release_lock(lock)
  File "/home/sparky/.openclaw/workspace/tokenguardian/tg-burnin-driver.py", line 76, in release_lock
    fcntl.flock(lockfile.fileno(), fcntl.LOCK_UN)
    ^^^^^
NameError: name 'fcntl' is not defined. Did you forget to import 'fcntl'?
/home/sparky/.openclaw/workspace/tokenguardian/tg-burnin-driver.py:39: DeprecationWarning: datetime.datetime.utcnow() is deprecated and scheduled for removal in a future version. Use timezone-aware objects to represent datetimes in UTC: datetime.datetime.now(datetime.UTC).
  ts = datetime.utcnow().isoformat() + "Z"
[2026-02-15T17:00:01.748402Z] DRIVER_STARTED interval=600s
/home/sparky/.openclaw/workspace/tokenguardian/tg-burnin-driver.py:82: DeprecationWarning: datetime.datetime.utcnow() is deprecated and scheduled for removal in a future version. Use timezone-aware objects to represent datetimes in UTC: datetime.datetime.now(datetime.UTC).
  nonce = f"{datetime.utcnow().strftime('%Y%m%dT%H%M%SZ')}_{uuid4().hex[:8]}"
/home/sparky/.openclaw/workspace/tokenguardian/tg-burnin-driver.py:101: DeprecationWarning: datetime.datetime.utcnow() is deprecated and scheduled for removal in a future version. Use timezone-aware objects to represent datetimes in UTC: datetime.datetime.now(datetime.UTC).
  log(f"DRIVER_PROBE_SENT ts={datetime.utcnow().isoformat()}Z lane={lane_type} nonce={nonce}")
/home/sparky/.openclaw/workspace/tokenguardian/tg-burnin-driver.py:39: DeprecationWarning: datetime.datetime.utcnow() is deprecated and scheduled for removal in a future version. Use timezone-aware objects to represent datetimes in UTC: datetime.datetime.now(datetime.UTC).
  ts = datetime.utcnow().isoformat() + "Z"
[2026-02-15T17:00:17.677003Z] DRIVER_PROBE_SENT ts=2026-02-15T17:00:17.676962Z lane=session nonce=20260215T170001Z_9a2cc289
/home/sparky/.openclaw/workspace/tokenguardian/tg-burnin-driver.py:185: DeprecationWarning: datetime.datetime.utcnow() is deprecated and scheduled for removal in a future version. Use timezone-aware objects to represent datetimes in UTC: datetime.datetime.now(datetime.UTC).
  status["last_run"] = datetime.utcnow().isoformat()
[2026-02-15T17:00:17.677890Z] DRIVER_SUCCESS runs=78 lane=session
[2026-02-15T17:00:01.748402Z] DRIVER_STARTED interval=600s
[2026-02-15T17:00:17.677003Z] DRIVER_PROBE_SENT ts=2026-02-15T17:00:17.676962Z lane=session nonce=20260215T170001Z_9a2cc289
[2026-02-15T17:00:17.677890Z] DRIVER_SUCCESS runs=78 lane=session
Traceback (most recent call last):
  File "/home/sparky/.openclaw/workspace/tokenguardian/tg-burnin-driver.py", line 218, in <module>
    main()
  File "/home/sparky/.openclaw/workspace/tokenguardian/tg-burnin-driver.py", line 213, in main
    run_driver(args)
  File "/home/sparky/.openclaw/workspace/tokenguardian/tg-burnin-driver.py", line 198, in run_driver
    release_lock(lock)
  File "/home/sparky/.openclaw/workspace/tokenguardian/tg-burnin-driver.py", line 76, in release_lock
    fcntl.flock(lockfile.fileno(), fcntl.LOCK_UN)
    ^^^^^
NameError: name 'fcntl' is not defined. Did you forget to import 'fcntl'?
/home/sparky/.openclaw/workspace/tokenguardian/tg-burnin-driver.py:40: DeprecationWarning: datetime.datetime.utcnow() is deprecated and scheduled for removal in a future version. Use timezone-aware objects to represent datetimes in UTC: datetime.datetime.now(datetime.UTC).
  ts = datetime.utcnow().isoformat() + "Z"
[2026-02-15T17:10:02.152570Z] DRIVER_STARTED interval=600s
/home/sparky/.openclaw/workspace/tokenguardian/tg-burnin-driver.py:82: DeprecationWarning: datetime.datetime.utcnow() is deprecated and scheduled for removal in a future version. Use timezone-aware objects to represent datetimes in UTC: datetime.datetime.now(datetime.UTC).
  nonce = f"{datetime.utcnow().strftime('%Y%m%dT%H%M%SZ')}_{uuid4().hex[:8]}"
/home/sparky/.openclaw/workspace/tokenguardian/tg-burnin-driver.py:101: DeprecationWarning: datetime.datetime.utcnow() is deprecated and scheduled for removal in a future version. Use timezone-aware objects to represent datetimes in UTC: datetime.datetime.now(datetime.UTC).
  log(f"DRIVER_PROBE_SENT ts={datetime.utcnow().isoformat()}Z lane={lane_type} nonce={nonce}")
/home/sparky/.openclaw/workspace/tokenguardian/tg-burnin-driver.py:40: DeprecationWarning: datetime.datetime.utcnow() is deprecated and scheduled for removal in a future version. Use timezone-aware objects to represent datetimes in UTC: datetime.datetime.now(datetime.UTC).
  ts = datetime.utcnow().isoformat() + "Z"
[2026-02-15T17:10:13.803730Z] DRIVER_PROBE_SENT ts=2026-02-15T17:10:13.803702Z lane=main nonce=20260215T171002Z_b5d1014c
/home/sparky/.openclaw/workspace/tokenguardian/tg-burnin-driver.py:185: DeprecationWarning: datetime.datetime.utcnow() is deprecated and scheduled for removal in a future version. Use timezone-aware objects to represent datetimes in UTC: datetime.datetime.now(datetime.UTC).
  status["last_run"] = datetime.utcnow().isoformat()
[2026-02-15T17:10:13.804083Z] DRIVER_SUCCESS runs=79 lane=main
[2026-02-15T17:10:42.487017Z] DRIVER_PROBE_SENT ts=2026-02-15T17:10:42.486975Z lane=main nonce=20260215T171033Z_03287a5c
[2026-02-15T17:10:42.487603Z] DRIVER_SUCCESS runs=79 lane=main
/home/sparky/.openclaw/workspace/tokenguardian/tg-burnin-driver.py:40: DeprecationWarning: datetime.datetime.utcnow() is deprecated and scheduled for removal in a future version. Use timezone-aware objects to represent datetimes in UTC: datetime.datetime.now(datetime.UTC).
  ts = datetime.utcnow().isoformat() + "Z"
[2026-02-15T17:20:01.676209Z] DRIVER_STARTED interval=600s
/home/sparky/.openclaw/workspace/tokenguardian/tg-burnin-driver.py:82: DeprecationWarning: datetime.datetime.utcnow() is deprecated and scheduled for removal in a future version. Use timezone-aware objects to represent datetimes in UTC: datetime.datetime.now(datetime.UTC).
  nonce = f"{datetime.utcnow().strftime('%Y%m%dT%H%M%SZ')}_{uuid4().hex[:8]}"
/home/sparky/.openclaw/workspace/tokenguardian/tg-burnin-driver.py:101: DeprecationWarning: datetime.datetime.utcnow() is deprecated and scheduled for removal in a future version. Use timezone-aware objects to represent datetimes in UTC: datetime.datetime.now(datetime.UTC).
  log(f"DRIVER_PROBE_SENT ts={datetime.utcnow().isoformat()}Z lane={lane_type} nonce={nonce}")
/home/sparky/.openclaw/workspace/tokenguardian/tg-burnin-driver.py:40: DeprecationWarning: datetime.datetime.utcnow() is deprecated and scheduled for removal in a future version. Use timezone-aware objects to represent datetimes in UTC: datetime.datetime.now(datetime.UTC).
  ts = datetime.utcnow().isoformat() + "Z"
[2026-02-15T17:20:13.764735Z] DRIVER_PROBE_SENT ts=2026-02-15T17:20:13.764691Z lane=session nonce=20260215T172001Z_97ef238e
/home/sparky/.openclaw/workspace/tokenguardian/tg-burnin-driver.py:186: DeprecationWarning: datetime.datetime.utcnow() is deprecated and scheduled for removal in a future version. Use timezone-aware objects to represent datetimes in UTC: datetime.datetime.now(datetime.UTC).
  status["last_run"] = datetime.utcnow().isoformat()
[2026-02-15T17:20:13.765233Z] DRIVER_SUCCESS runs=80 lane=session
/home/sparky/.openclaw/workspace/tokenguardian/tg-burnin-driver.py:40: DeprecationWarning: datetime.datetime.utcnow() is deprecated and scheduled for removal in a future version. Use timezone-aware objects to represent datetimes in UTC: datetime.datetime.now(datetime.UTC).
  ts = datetime.utcnow().isoformat() + "Z"
[2026-02-15T17:30:02.050145Z] DRIVER_STARTED interval=600s
/home/sparky/.openclaw/workspace/tokenguardian/tg-burnin-driver.py:40: DeprecationWarning: datetime.datetime.utcnow() is deprecated and scheduled for removal in a future version. Use timezone-aware objects to represent datetimes in UTC: datetime.datetime.now(datetime.UTC).
  ts = datetime.utcnow().isoformat() + "Z"
[2026-02-15T17:30:02.079759Z] DRIVER_ERROR INVALID_SOURCE_SIM: Found fake SIM stats in ~/.token-guardian/
[2026-02-15T17:30:02.079861Z] DRIVER_ERROR Use real TG stats from ~/.tokenguardian/stats.json
/home/sparky/.openclaw/workspace/tokenguardian/tg-burnin-driver.py:40: DeprecationWarning: datetime.datetime.utcnow() is deprecated and scheduled for removal in a future version. Use timezone-aware objects to represent datetimes in UTC: datetime.datetime.now(datetime.UTC).
  ts = datetime.utcnow().isoformat() + "Z"
[2026-02-15T17:40:01.851622Z] DRIVER_STARTED interval=600s
/home/sparky/.openclaw/workspace/tokenguardian/tg-burnin-driver.py:40: DeprecationWarning: datetime.datetime.utcnow() is deprecated and scheduled for removal in a future version. Use timezone-aware objects to represent datetimes in UTC: datetime.datetime.now(datetime.UTC).
  ts = datetime.utcnow().isoformat() + "Z"
[2026-02-15T17:40:01.918881Z] DRIVER_ERROR INVALID_SOURCE_SIM: Found fake SIM stats in ~/.token-guardian/
[2026-02-15T17:40:01.918987Z] DRIVER_ERROR Use real TG stats from ~/.tokenguardian/stats.json
/home/sparky/.openclaw/workspace/tokenguardian/tg-burnin-driver.py:40: DeprecationWarning: datetime.datetime.utcnow() is deprecated and scheduled for removal in a future version. Use timezone-aware objects to represent datetimes in UTC: datetime.datetime.now(datetime.UTC).
  ts = datetime.utcnow().isoformat() + "Z"
[2026-02-15T17:40:02.115994Z] DRIVER_ERROR INVALID_SOURCE_SIM: Found fake SIM stats in ~/.token-guardian/
[2026-02-15T17:40:02.116094Z] DRIVER_ERROR Use real TG stats from ~/.tokenguardian/stats.json
/home/sparky/.openclaw/workspace/tokenguardian/tg-burnin-driver.py:40: DeprecationWarning: datetime.datetime.utcnow() is deprecated and scheduled for removal in a future version. Use timezone-aware objects to represent datetimes in UTC: datetime.datetime.now(datetime.UTC).
  ts = datetime.utcnow().isoformat() + "Z"
[2026-02-15T17:50:01.777644Z] DRIVER_STARTED interval=600s
/home/sparky/.openclaw/workspace/tokenguardian/tg-burnin-driver.py:40: DeprecationWarning: datetime.datetime.utcnow() is deprecated and scheduled for removal in a future version. Use timezone-aware objects to represent datetimes in UTC: datetime.datetime.now(datetime.UTC).
  ts = datetime.utcnow().isoformat() + "Z"
[2026-02-15T17:50:01.818212Z] DRIVER_ERROR INVALID_SOURCE_SIM: Found fake SIM stats in ~/.token-guardian/
[2026-02-15T17:50:01.818318Z] DRIVER_ERROR Use real TG stats from ~/.tokenguardian/stats.json
/home/sparky/.openclaw/workspace/tokenguardian/tg-burnin-driver.py:40: DeprecationWarning: datetime.datetime.utcnow() is deprecated and scheduled for removal in a future version. Use timezone-aware objects to represent datetimes in UTC: datetime.datetime.now(datetime.UTC).
  ts = datetime.utcnow().isoformat() + "Z"
[2026-02-15T17:50:01.943317Z] DRIVER_ERROR INVALID_SOURCE_SIM: Found fake SIM stats in ~/.token-guardian/
[2026-02-15T17:50:01.943413Z] DRIVER_ERROR Use real TG stats from ~/.tokenguardian/stats.json
/home/sparky/.openclaw/workspace/tokenguardian/tg-burnin-driver.py:40: DeprecationWarning: datetime.datetime.utcnow() is deprecated and scheduled for removal in a future version. Use timezone-aware objects to represent datetimes in UTC: datetime.datetime.now(datetime.UTC).
  ts = datetime.utcnow().isoformat() + "Z"
[2026-02-15T17:50:02.174527Z] DRIVER_ERROR INVALID_SOURCE_SIM: Found fake SIM stats in ~/.token-guardian/
[2026-02-15T17:50:02.174609Z] DRIVER_ERROR Use real TG stats from ~/.tokenguardian/stats.json
/home/sparky/.openclaw/workspace/tokenguardian/tg-burnin-driver.py:40: DeprecationWarning: datetime.datetime.utcnow() is deprecated and scheduled for removal in a future version. Use timezone-aware objects to represent datetimes in UTC: datetime.datetime.now(datetime.UTC).
  ts = datetime.utcnow().isoformat() + "Z"
[2026-02-15T18:00:01.850866Z] DRIVER_STARTED interval=600s
[2026-02-15T18:00:01.851205Z] DRIVER_SKIPPED lock held
/home/sparky/.openclaw/workspace/tokenguardian/tg-burnin-driver.py:40: DeprecationWarning: datetime.datetime.utcnow() is deprecated and scheduled for removal in a future version. Use timezone-aware objects to represent datetimes in UTC: datetime.datetime.now(datetime.UTC).
  ts = datetime.utcnow().isoformat() + "Z"
[2026-02-15T18:00:01.866500Z] DRIVER_ERROR INVALID_SOURCE_SIM: Found fake SIM stats in ~/.token-guardian/
[2026-02-15T18:00:01.866587Z] DRIVER_ERROR Use real TG stats from ~/.tokenguardian/stats.json
/home/sparky/.openclaw/workspace/tokenguardian/tg-burnin-driver.py:40: DeprecationWarning: datetime.datetime.utcnow() is deprecated and scheduled for removal in a future version. Use timezone-aware objects to represent datetimes in UTC: datetime.datetime.now(datetime.UTC).
  ts = datetime.utcnow().isoformat() + "Z"
[2026-02-15T18:00:02.002845Z] DRIVER_ERROR INVALID_SOURCE_SIM: Found fake SIM stats in ~/.token-guardian/
[2026-02-15T18:00:02.002932Z] DRIVER_ERROR Use real TG stats from ~/.tokenguardian/stats.json
/home/sparky/.openclaw/workspace/tokenguardian/tg-burnin-driver.py:40: DeprecationWarning: datetime.datetime.utcnow() is deprecated and scheduled for removal in a future version. Use timezone-aware objects to represent datetimes in UTC: datetime.datetime.now(datetime.UTC).
  ts = datetime.utcnow().isoformat() + "Z"
[2026-02-15T18:00:02.241602Z] DRIVER_ERROR INVALID_SOURCE_SIM: Found fake SIM stats in ~/.token-guardian/
[2026-02-15T18:00:02.241702Z] DRIVER_ERROR Use real TG stats from ~/.tokenguardian/stats.json
/home/sparky/.openclaw/workspace/tokenguardian/tg-burnin-driver.py:40: DeprecationWarning: datetime.datetime.utcnow() is deprecated and scheduled for removal in a future version. Use timezone-aware objects to represent datetimes in UTC: datetime.datetime.now(datetime.UTC).
  ts = datetime.utcnow().isoformat() + "Z"
[2026-02-15T18:10:01.799417Z] DRIVER_STARTED interval=600s
/home/sparky/.openclaw/workspace/tokenguardian/tg-burnin-driver.py:40: DeprecationWarning: datetime.datetime.utcnow() is deprecated and scheduled for removal in a future version. Use timezone-aware objects to represent datetimes in UTC: datetime.datetime.now(datetime.UTC).
  ts = datetime.utcnow().isoformat() + "Z"
[2026-02-15T18:10:01.832854Z] DRIVER_ERROR INVALID_SOURCE_SIM: Found fake SIM stats in ~/.token-guardian/
[2026-02-15T18:10:01.833040Z] DRIVER_ERROR Use real TG stats from ~/.tokenguardian/stats.json
[2026-02-15T18:10:01.867900Z] DRIVER_SKIPPED lock held
/home/sparky/.openclaw/workspace/tokenguardian/tg-burnin-driver.py:40: DeprecationWarning: datetime.datetime.utcnow() is deprecated and scheduled for removal in a future version. Use timezone-aware objects to represent datetimes in UTC: datetime.datetime.now(datetime.UTC).
  ts = datetime.utcnow().isoformat() + "Z"
[2026-02-15T18:10:01.898108Z] DRIVER_ERROR INVALID_SOURCE_SIM: Found fake SIM stats in ~/.token-guardian/
[2026-02-15T18:10:01.898350Z] DRIVER_ERROR Use real TG stats from ~/.tokenguardian/stats.json
/home/sparky/.openclaw/workspace/tokenguardian/tg-burnin-driver.py:40: DeprecationWarning: datetime.datetime.utcnow() is deprecated and scheduled for removal in a future version. Use timezone-aware objects to represent datetimes in UTC: datetime.datetime.now(datetime.UTC).
  ts = datetime.utcnow().isoformat() + "Z"
[2026-02-15T18:10:02.057057Z] DRIVER_ERROR INVALID_SOURCE_SIM: Found fake SIM stats in ~/.token-guardian/
[2026-02-15T18:10:02.057141Z] DRIVER_ERROR Use real TG stats from ~/.tokenguardian/stats.json
/home/sparky/.openclaw/workspace/tokenguardian/tg-burnin-driver.py:40: DeprecationWarning: datetime.datetime.utcnow() is deprecated and scheduled for removal in a future version. Use timezone-aware objects to represent datetimes in UTC: datetime.datetime.now(datetime.UTC).
  ts = datetime.utcnow().isoformat() + "Z"
[2026-02-15T18:10:02.286420Z] DRIVER_ERROR INVALID_SOURCE_SIM: Found fake SIM stats in ~/.token-guardian/
[2026-02-15T18:10:02.286510Z] DRIVER_ERROR Use real TG stats from ~/.tokenguardian/stats.json
[2026-02-15T18:20:01.868801Z] DRIVER_SKIPPED lock held
/home/sparky/.openclaw/workspace/tokenguardian/tg-burnin-driver.py:40: DeprecationWarning: datetime.datetime.utcnow() is deprecated and scheduled for removal in a future version. Use timezone-aware objects to represent datetimes in UTC: datetime.datetime.now(datetime.UTC).
  ts = datetime.utcnow().isoformat() + "Z"
[2026-02-15T18:20:01.880735Z] DRIVER_STARTED interval=600s
[2026-02-15T18:20:01.881064Z] DRIVER_SKIPPED lock held
/home/sparky/.openclaw/workspace/tokenguardian/tg-burnin-driver.py:40: DeprecationWarning: datetime.datetime.utcnow() is deprecated and scheduled for removal in a future version. Use timezone-aware objects to represent datetimes in UTC: datetime.datetime.now(datetime.UTC).
  ts = datetime.utcnow().isoformat() + "Z"
[2026-02-15T18:20:01.896476Z] DRIVER_ERROR INVALID_SOURCE_SIM: Found fake SIM stats in ~/.token-guardian/
[2026-02-15T18:20:01.896554Z] DRIVER_ERROR Use real TG stats from ~/.tokenguardian/stats.json
/home/sparky/.openclaw/workspace/tokenguardian/tg-burnin-driver.py:40: DeprecationWarning: datetime.datetime.utcnow() is deprecated and scheduled for removal in a future version. Use timezone-aware objects to represent datetimes in UTC: datetime.datetime.now(datetime.UTC).
  ts = datetime.utcnow().isoformat() + "Z"
[2026-02-15T18:20:01.954703Z] DRIVER_ERROR INVALID_SOURCE_SIM: Found fake SIM stats in ~/.token-guardian/
[2026-02-15T18:20:01.954788Z] DRIVER_ERROR Use real TG stats from ~/.tokenguardian/stats.json
/home/sparky/.openclaw/workspace/tokenguardian/tg-burnin-driver.py:40: DeprecationWarning: datetime.datetime.utcnow() is deprecated and scheduled for removal in a future version. Use timezone-aware objects to represent datetimes in UTC: datetime.datetime.now(datetime.UTC).
  ts = datetime.utcnow().isoformat() + "Z"
[2026-02-15T18:20:02.097575Z] DRIVER_ERROR INVALID_SOURCE_SIM: Found fake SIM stats in ~/.token-guardian/
[2026-02-15T18:20:02.097697Z] DRIVER_ERROR Use real TG stats from ~/.tokenguardian/stats.json
/home/sparky/.openclaw/workspace/tokenguardian/tg-burnin-driver.py:40: DeprecationWarning: datetime.datetime.utcnow() is deprecated and scheduled for removal in a future version. Use timezone-aware objects to represent datetimes in UTC: datetime.datetime.now(datetime.UTC).
  ts = datetime.utcnow().isoformat() + "Z"
[2026-02-15T18:20:02.330199Z] DRIVER_ERROR INVALID_SOURCE_SIM: Found fake SIM stats in ~/.token-guardian/
[2026-02-15T18:20:02.330313Z] DRIVER_ERROR Use real TG stats from ~/.tokenguardian/stats.json
[2026-02-15T18:24:52.772339Z] DRIVER_ERROR INVALID_SOURCE_SIM: Found fake SIM stats in ~/.token-guardian/
[2026-02-15T18:24:52.772455Z] DRIVER_ERROR Use real TG stats from ~/.tokenguardian/stats.json
[2026-02-15T18:25:17.036964Z] DRIVER_SKIP: stats_stale_or_missing (stats_stale (3641s old))
[2026-02-15T18:26:43.511879Z] DRIVER_PROBE_SENT ts=2026-02-15T18:26:43.511850Z lane=main nonce=20260215T182635Z_81c7be6e
[2026-02-15T18:26:43.512311Z] DRIVER_SUCCESS runs=81 lane=main
[2026-02-15T18:26:57.099788Z] DRIVER_PROBE_SENT ts=2026-02-15T18:26:57.099760Z lane=session nonce=20260215T182649Z_674a49ae
[2026-02-15T18:26:57.100217Z] DRIVER_SUCCESS runs=82 lane=session
[2026-02-15T18:30:01.885439Z] DRIVER_SKIPPED lock held
[2026-02-15T18:30:01.898743Z] DRIVER_SKIPPED lock held
/home/sparky/.openclaw/workspace/tokenguardian/tg-burnin-driver.py:43: DeprecationWarning: datetime.datetime.utcnow() is deprecated and scheduled for removal in a future version. Use timezone-aware objects to represent datetimes in UTC: datetime.datetime.now(datetime.UTC).
  ts = datetime.utcnow().isoformat() + "Z"
[2026-02-15T18:30:01.914344Z] DRIVER_STARTED interval=600s
[2026-02-15T18:30:01.917946Z] DRIVER_SKIPPED lock held
/home/sparky/.openclaw/workspace/tokenguardian/tg-burnin-driver.py:82: DeprecationWarning: datetime.datetime.utcnow() is deprecated and scheduled for removal in a future version. Use timezone-aware objects to represent datetimes in UTC: datetime.datetime.now(datetime.UTC).
  nonce = f"{datetime.utcnow().strftime('%Y%m%dT%H%M%SZ')}_{uuid4().hex[:8]}"
[2026-02-15T18:30:01.956506Z] DRIVER_SKIPPED lock held
[2026-02-15T18:30:02.099462Z] DRIVER_SKIPPED lock held
[2026-02-15T18:30:02.332451Z] DRIVER_SKIPPED lock held
/home/sparky/.openclaw/workspace/tokenguardian/tg-burnin-driver.py:101: DeprecationWarning: datetime.datetime.utcnow() is deprecated and scheduled for removal in a future version. Use timezone-aware objects to represent datetimes in UTC: datetime.datetime.now(datetime.UTC).
  log(f"DRIVER_PROBE_SENT ts={datetime.utcnow().isoformat()}Z lane={lane_type} nonce={nonce}")
/home/sparky/.openclaw/workspace/tokenguardian/tg-burnin-driver.py:40: DeprecationWarning: datetime.datetime.utcnow() is deprecated and scheduled for removal in a future version. Use timezone-aware objects to represent datetimes in UTC: datetime.datetime.now(datetime.UTC).
  ts = datetime.utcnow().isoformat() + "Z"
[2026-02-15T18:30:14.700870Z] DRIVER_PROBE_SENT ts=2026-02-15T18:30:14.700841Z lane=main nonce=20260215T183001Z_67ce5482
/home/sparky/.openclaw/workspace/tokenguardian/tg-burnin-driver.py:201: DeprecationWarning: datetime.datetime.utcnow() is deprecated and scheduled for removal in a future version. Use timezone-aware objects to represent datetimes in UTC: datetime.datetime.now(datetime.UTC).
  status["last_run"] = datetime.utcnow().isoformat()
[2026-02-15T18:30:14.701375Z] DRIVER_SUCCESS runs=83 lane=main
[2026-02-15T18:40:01.899223Z] DRIVER_SKIPPED lock held
[2026-02-15T18:40:01.918410Z] DRIVER_SKIPPED lock held
/home/sparky/.openclaw/workspace/tokenguardian/tg-burnin-driver.py:82: DeprecationWarning: datetime.datetime.utcnow() is deprecated and scheduled for removal in a future version. Use timezone-aware objects to represent datetimes in UTC: datetime.datetime.now(datetime.UTC).
  nonce = f"{datetime.utcnow().strftime('%Y%m%dT%H%M%SZ')}_{uuid4().hex[:8]}"
[2026-02-15T18:40:01.956993Z] DRIVER_SKIPPED lock held
[2026-02-15T18:40:02.099939Z] DRIVER_SKIPPED lock held
/home/sparky/.openclaw/workspace/tokenguardian/tg-burnin-driver.py:43: DeprecationWarning: datetime.datetime.utcnow() is deprecated and scheduled for removal in a future version. Use timezone-aware objects to represent datetimes in UTC: datetime.datetime.now(datetime.UTC).
  ts = datetime.utcnow().isoformat() + "Z"
[2026-02-15T18:40:02.135045Z] DRIVER_STARTED interval=600s
[2026-02-15T18:40:02.139632Z] DRIVER_SKIPPED lock held
[2026-02-15T18:40:02.332927Z] DRIVER_SKIPPED lock held
[2026-02-15T18:40:14.701924Z] DRIVER_SKIPPED lock held
/home/sparky/.openclaw/workspace/tokenguardian/tg-burnin-driver.py:101: DeprecationWarning: datetime.datetime.utcnow() is deprecated and scheduled for removal in a future version. Use timezone-aware objects to represent datetimes in UTC: datetime.datetime.now(datetime.UTC).
  log(f"DRIVER_PROBE_SENT ts={datetime.utcnow().isoformat()}Z lane={lane_type} nonce={nonce}")
/home/sparky/.openclaw/workspace/tokenguardian/tg-burnin-driver.py:40: DeprecationWarning: datetime.datetime.utcnow() is deprecated and scheduled for removal in a future version. Use timezone-aware objects to represent datetimes in UTC: datetime.datetime.now(datetime.UTC).
  ts = datetime.utcnow().isoformat() + "Z"
[2026-02-15T18:40:15.006099Z] DRIVER_PROBE_SENT ts=2026-02-15T18:40:15.006069Z lane=session nonce=20260215T184001Z_8771de12
/home/sparky/.openclaw/workspace/tokenguardian/tg-burnin-driver.py:201: DeprecationWarning: datetime.datetime.utcnow() is deprecated and scheduled for removal in a future version. Use timezone-aware objects to represent datetimes in UTC: datetime.datetime.now(datetime.UTC).
  status["last_run"] = datetime.utcnow().isoformat()
[2026-02-15T18:40:15.006598Z] DRIVER_SUCCESS runs=84 lane=session
[2026-02-15T18:50:01.919477Z] DRIVER_SKIPPED lock held
[2026-02-15T18:50:01.976437Z] DRIVER_SKIPPED lock held
/home/sparky/.openclaw/workspace/tokenguardian/tg-burnin-driver.py:82: DeprecationWarning: datetime.datetime.utcnow() is deprecated and scheduled for removal in a future version. Use timezone-aware objects to represent datetimes in UTC: datetime.datetime.now(datetime.UTC).
  nonce = f"{datetime.utcnow().strftime('%Y%m%dT%H%M%SZ')}_{uuid4().hex[:8]}"
[2026-02-15T18:50:02.100394Z] DRIVER_SKIPPED lock held
[2026-02-15T18:50:02.140019Z] DRIVER_SKIPPED lock held
/home/sparky/.openclaw/workspace/tokenguardian/tg-burnin-driver.py:43: DeprecationWarning: datetime.datetime.utcnow() is deprecated and scheduled for removal in a future version. Use timezone-aware objects to represent datetimes in UTC: datetime.datetime.now(datetime.UTC).
  ts = datetime.utcnow().isoformat() + "Z"
[2026-02-15T18:50:02.252681Z] DRIVER_STARTED interval=600s
[2026-02-15T18:50:02.253041Z] DRIVER_SKIPPED lock held
[2026-02-15T18:50:02.336512Z] DRIVER_SKIPPED lock held
[2026-02-15T18:50:14.702490Z] DRIVER_SKIPPED lock held
[2026-02-15T18:50:15.010393Z] DRIVER_SKIPPED lock held
/home/sparky/.openclaw/workspace/tokenguardian/tg-burnin-driver.py:101: DeprecationWarning: datetime.datetime.utcnow() is deprecated and scheduled for removal in a future version. Use timezone-aware objects to represent datetimes in UTC: datetime.datetime.now(datetime.UTC).
  log(f"DRIVER_PROBE_SENT ts={datetime.utcnow().isoformat()}Z lane={lane_type} nonce={nonce}")
/home/sparky/.openclaw/workspace/tokenguardian/tg-burnin-driver.py:40: DeprecationWarning: datetime.datetime.utcnow() is deprecated and scheduled for removal in a future version. Use timezone-aware objects to represent datetimes in UTC: datetime.datetime.now(datetime.UTC).
  ts = datetime.utcnow().isoformat() + "Z"
[2026-02-15T18:50:16.052040Z] DRIVER_PROBE_SENT ts=2026-02-15T18:50:16.052007Z lane=main nonce=20260215T185001Z_8200f6a8
/home/sparky/.openclaw/workspace/tokenguardian/tg-burnin-driver.py:201: DeprecationWarning: datetime.datetime.utcnow() is deprecated and scheduled for removal in a future version. Use timezone-aware objects to represent datetimes in UTC: datetime.datetime.now(datetime.UTC).
  status["last_run"] = datetime.utcnow().isoformat()
[2026-02-15T18:50:16.052451Z] DRIVER_SUCCESS runs=85 lane=main
/home/sparky/.openclaw/workspace/tokenguardian/tg-burnin-driver.py:215: DeprecationWarning: datetime.datetime.utcnow() is deprecated and scheduled for removal in a future version. Use timezone-aware objects to represent datetimes in UTC: datetime.datetime.now(datetime.UTC).
  status["last_run"] = datetime.utcnow().isoformat()
/home/sparky/.openclaw/workspace/tokenguardian/tg-burnin-driver.py:43: DeprecationWarning: datetime.datetime.utcnow() is deprecated and scheduled for removal in a future version. Use timezone-aware objects to represent datetimes in UTC: datetime.datetime.now(datetime.UTC).
  ts = datetime.utcnow().isoformat() + "Z"
[2026-02-15T19:00:01.985128Z] DRIVER_SKIP: stats_stale_or_missing (stats_stale (1349s old))
/home/sparky/.openclaw/workspace/tokenguardian/tg-burnin-driver.py:82: DeprecationWarning: datetime.datetime.utcnow() is deprecated and scheduled for removal in a future version. Use timezone-aware objects to represent datetimes in UTC: datetime.datetime.now(datetime.UTC).
  nonce = f"{datetime.utcnow().strftime('%Y%m%dT%H%M%SZ')}_{uuid4().hex[:8]}"
[2026-02-15T19:00:02.104732Z] DRIVER_SKIPPED lock held
[2026-02-15T19:00:02.156469Z] DRIVER_SKIPPED lock held
[2026-02-15T19:00:02.262460Z] DRIVER_SKIPPED lock held
/home/sparky/.openclaw/workspace/tokenguardian/tg-burnin-driver.py:43: DeprecationWarning: datetime.datetime.utcnow() is deprecated and scheduled for removal in a future version. Use timezone-aware objects to represent datetimes in UTC: datetime.datetime.now(datetime.UTC).
  ts = datetime.utcnow().isoformat() + "Z"
[2026-02-15T19:00:02.325509Z] DRIVER_STARTED interval=600s
[2026-02-15T19:00:02.325764Z] DRIVER_SKIPPED lock held
[2026-02-15T19:00:02.342337Z] DRIVER_SKIPPED lock held
[2026-02-15T19:00:14.703417Z] DRIVER_SKIPPED lock held
[2026-02-15T19:00:15.010836Z] DRIVER_SKIPPED lock held
[2026-02-15T19:00:16.052860Z] DRIVER_SKIPPED lock held
/home/sparky/.openclaw/workspace/tokenguardian/tg-burnin-driver.py:101: DeprecationWarning: datetime.datetime.utcnow() is deprecated and scheduled for removal in a future version. Use timezone-aware objects to represent datetimes in UTC: datetime.datetime.now(datetime.UTC).
  log(f"DRIVER_PROBE_SENT ts={datetime.utcnow().isoformat()}Z lane={lane_type} nonce={nonce}")
/home/sparky/.openclaw/workspace/tokenguardian/tg-burnin-driver.py:40: DeprecationWarning: datetime.datetime.utcnow() is deprecated and scheduled for removal in a future version. Use timezone-aware objects to represent datetimes in UTC: datetime.datetime.now(datetime.UTC).
  ts = datetime.utcnow().isoformat() + "Z"
[2026-02-15T19:00:18.401631Z] DRIVER_PROBE_SENT ts=2026-02-15T19:00:18.401589Z lane=session nonce=20260215T190002Z_40f872b5
/home/sparky/.openclaw/workspace/tokenguardian/tg-burnin-driver.py:201: DeprecationWarning: datetime.datetime.utcnow() is deprecated and scheduled for removal in a future version. Use timezone-aware objects to represent datetimes in UTC: datetime.datetime.now(datetime.UTC).
  status["last_run"] = datetime.utcnow().isoformat()
[2026-02-15T19:00:18.407531Z] DRIVER_SUCCESS runs=86 lane=session
/home/sparky/.openclaw/workspace/tokenguardian/tg-burnin-driver.py:43: DeprecationWarning: datetime.datetime.utcnow() is deprecated and scheduled for removal in a future version. Use timezone-aware objects to represent datetimes in UTC: datetime.datetime.now(datetime.UTC).
  ts = datetime.utcnow().isoformat() + "Z"
[2026-02-15T19:10:01.724838Z] DRIVER_STARTED interval=600s
/home/sparky/.openclaw/workspace/tokenguardian/tg-burnin-driver.py:215: DeprecationWarning: datetime.datetime.utcnow() is deprecated and scheduled for removal in a future version. Use timezone-aware objects to represent datetimes in UTC: datetime.datetime.now(datetime.UTC).
  status["last_run"] = datetime.utcnow().isoformat()
/home/sparky/.openclaw/workspace/tokenguardian/tg-burnin-driver.py:43: DeprecationWarning: datetime.datetime.utcnow() is deprecated and scheduled for removal in a future version. Use timezone-aware objects to represent datetimes in UTC: datetime.datetime.now(datetime.UTC).
  ts = datetime.utcnow().isoformat() + "Z"
[2026-02-15T19:10:01.756712Z] DRIVER_SKIP: stats_stale_or_missing (stats_stale (1948s old))
/home/sparky/.openclaw/workspace/tokenguardian/tg-burnin-driver.py:215: DeprecationWarning: datetime.datetime.utcnow() is deprecated and scheduled for removal in a future version. Use timezone-aware objects to represent datetimes in UTC: datetime.datetime.now(datetime.UTC).
  status["last_run"] = datetime.utcnow().isoformat()
/home/sparky/.openclaw/workspace/tokenguardian/tg-burnin-driver.py:43: DeprecationWarning: datetime.datetime.utcnow() is deprecated and scheduled for removal in a future version. Use timezone-aware objects to represent datetimes in UTC: datetime.datetime.now(datetime.UTC).
  ts = datetime.utcnow().isoformat() + "Z"
[2026-02-15T19:10:02.076140Z] DRIVER_HALTED: stats_stale (stats_stale (1949s old))
[2026-02-15T19:10:02.109436Z] DRIVER_HALTED too many failures
[2026-02-15T19:10:02.157413Z] DRIVER_HALTED: driver previously halted
[2026-02-15T19:10:02.263397Z] DRIVER_HALTED: driver previously halted
[2026-02-15T19:10:02.326632Z] DRIVER_HALTED: driver previously halted
[2026-02-15T19:10:02.343326Z] DRIVER_HALTED too many failures
[2026-02-15T19:10:14.704143Z] DRIVER_HALTED too many failures
[2026-02-15T19:10:15.011460Z] DRIVER_HALTED too many failures
[2026-02-15T19:10:16.053485Z] DRIVER_HALTED too many failures
[2026-02-15T19:10:18.408249Z] DRIVER_HALTED too many failures
[2026-02-15T19:16:56.707943Z] DRIVER_SKIP: stats_stale_or_missing (stats_stale (2363s old))
[2026-02-15T19:18:15.060909Z] DRIVER_PROBE_SENT ts=2026-02-15T19:18:15.060865Z lane=main nonce=20260215T191806Z_2ddf5dd9
[2026-02-15T19:18:15.061495Z] DRIVER_SUCCESS runs=1 lane=main
/home/sparky/.openclaw/workspace/tokenguardian/tg-burnin-driver.py:43: DeprecationWarning: datetime.datetime.utcnow() is deprecated and scheduled for removal in a future version. Use timezone-aware objects to represent datetimes in UTC: datetime.datetime.now(datetime.UTC).
  ts = datetime.utcnow().isoformat() + "Z"
[2026-02-15T19:20:01.804303Z] DRIVER_STARTED interval=600s
[2026-02-15T19:20:01.804564Z] DRIVER_SKIPPED lock held
/home/sparky/.openclaw/workspace/tokenguardian/tg-burnin-driver.py:85: DeprecationWarning: datetime.datetime.utcnow() is deprecated and scheduled for removal in a future version. Use timezone-aware objects to represent datetimes in UTC: datetime.datetime.now(datetime.UTC).
  nonce = f"{datetime.utcnow().strftime('%Y%m%dT%H%M%SZ')}_{uuid4().hex[:8]}"
[2026-02-15T19:20:02.081439Z] DRIVER_SKIPPED lock held
[2026-02-15T19:20:02.110560Z] DRIVER_SKIPPED lock held
[2026-02-15T19:20:02.161618Z] DRIVER_SKIPPED lock held
[2026-02-15T19:20:02.272457Z] DRIVER_SKIPPED lock held
[2026-02-15T19:20:02.327489Z] DRIVER_SKIPPED lock held
[2026-02-15T19:20:02.350310Z] DRIVER_SKIPPED lock held
[2026-02-15T19:20:14.706400Z] DRIVER_SKIPPED lock held
[2026-02-15T19:20:15.012262Z] DRIVER_SKIPPED lock held
/home/sparky/.openclaw/workspace/tokenguardian/tg-burnin-driver.py:104: DeprecationWarning: datetime.datetime.utcnow() is deprecated and scheduled for removal in a future version. Use timezone-aware objects to represent datetimes in UTC: datetime.datetime.now(datetime.UTC).
  log(f"DRIVER_PROBE_SENT ts={datetime.utcnow().isoformat()}Z lane={lane_type} nonce={nonce}")
/home/sparky/.openclaw/workspace/tokenguardian/tg-burnin-driver.py:43: DeprecationWarning: datetime.datetime.utcnow() is deprecated and scheduled for removal in a future version. Use timezone-aware objects to represent datetimes in UTC: datetime.datetime.now(datetime.UTC).
  ts = datetime.utcnow().isoformat() + "Z"
[2026-02-15T19:20:15.133979Z] DRIVER_PROBE_SENT ts=2026-02-15T19:20:15.133953Z lane=session nonce=20260215T192001Z_03018bc9
/home/sparky/.openclaw/workspace/tokenguardian/tg-burnin-driver.py:242: DeprecationWarning: datetime.datetime.utcnow() is deprecated and scheduled for removal in a future version. Use timezone-aware objects to represent datetimes in UTC: datetime.datetime.now(datetime.UTC).
  status["last_run"] = datetime.utcnow().isoformat()
[2026-02-15T19:20:15.134538Z] DRIVER_SUCCESS runs=2 lane=session
/home/sparky/.openclaw/workspace/tokenguardian/tg-burnin-driver.py:82: DeprecationWarning: datetime.datetime.utcnow() is deprecated and scheduled for removal in a future version. Use timezone-aware objects to represent datetimes in UTC: datetime.datetime.now(datetime.UTC).
  nonce = f"{datetime.utcnow().strftime('%Y%m%dT%H%M%SZ')}_{uuid4().hex[:8]}"
[2026-02-15T19:20:18.408836Z] DRIVER_SKIPPED lock held
/home/sparky/.openclaw/workspace/tokenguardian/tg-burnin-driver.py:101: DeprecationWarning: datetime.datetime.utcnow() is deprecated and scheduled for removal in a future version. Use timezone-aware objects to represent datetimes in UTC: datetime.datetime.now(datetime.UTC).
  log(f"DRIVER_PROBE_SENT ts={datetime.utcnow().isoformat()}Z lane={lane_type} nonce={nonce}")
/home/sparky/.openclaw/workspace/tokenguardian/tg-burnin-driver.py:40: DeprecationWarning: datetime.datetime.utcnow() is deprecated and scheduled for removal in a future version. Use timezone-aware objects to represent datetimes in UTC: datetime.datetime.now(datetime.UTC).
  ts = datetime.utcnow().isoformat() + "Z"
[2026-02-15T19:20:26.268665Z] DRIVER_PROBE_SENT ts=2026-02-15T19:20:26.268629Z lane=main nonce=20260215T192016Z_62a8d5a7
/home/sparky/.openclaw/workspace/tokenguardian/tg-burnin-driver.py:201: DeprecationWarning: datetime.datetime.utcnow() is deprecated and scheduled for removal in a future version. Use timezone-aware objects to represent datetimes in UTC: datetime.datetime.now(datetime.UTC).
  status["last_run"] = datetime.utcnow().isoformat()
[2026-02-15T19:20:26.269036Z] DRIVER_SUCCESS runs=3 lane=main
/home/sparky/.openclaw/workspace/tokenguardian/tg-burnin-driver.py:43: DeprecationWarning: datetime.datetime.utcnow() is deprecated and scheduled for removal in a future version. Use timezone-aware objects to represent datetimes in UTC: datetime.datetime.now(datetime.UTC).
  ts = datetime.utcnow().isoformat() + "Z"
[2026-02-15T19:30:01.746706Z] DRIVER_STARTED interval=600s
/home/sparky/.openclaw/workspace/tokenguardian/tg-burnin-driver.py:85: DeprecationWarning: datetime.datetime.utcnow() is deprecated and scheduled for removal in a future version. Use timezone-aware objects to represent datetimes in UTC: datetime.datetime.now(datetime.UTC).
  nonce = f"{datetime.utcnow().strftime('%Y%m%dT%H%M%SZ')}_{uuid4().hex[:8]}"
[2026-02-15T19:30:01.806501Z] DRIVER_SKIPPED lock held
[2026-02-15T19:30:02.087105Z] DRIVER_SKIPPED lock held
[2026-02-15T19:30:02.112407Z] DRIVER_SKIPPED lock held
[2026-02-15T19:30:02.163442Z] DRIVER_SKIPPED lock held
[2026-02-15T19:30:02.272938Z] DRIVER_SKIPPED lock held
[2026-02-15T19:30:02.327952Z] DRIVER_SKIPPED lock held
[2026-02-15T19:30:02.350768Z] DRIVER_SKIPPED lock held
[2026-02-15T19:30:14.710482Z] DRIVER_SKIPPED lock held
[2026-02-15T19:30:15.016869Z] DRIVER_SKIPPED lock held
[2026-02-15T19:30:15.138412Z] DRIVER_SKIPPED lock held
/home/sparky/.openclaw/workspace/tokenguardian/tg-burnin-driver.py:104: DeprecationWarning: datetime.datetime.utcnow() is deprecated and scheduled for removal in a future version. Use timezone-aware objects to represent datetimes in UTC: datetime.datetime.now(datetime.UTC).
  log(f"DRIVER_PROBE_SENT ts={datetime.utcnow().isoformat()}Z lane={lane_type} nonce={nonce}")
/home/sparky/.openclaw/workspace/tokenguardian/tg-burnin-driver.py:43: DeprecationWarning: datetime.datetime.utcnow() is deprecated and scheduled for removal in a future version. Use timezone-aware objects to represent datetimes in UTC: datetime.datetime.now(datetime.UTC).
  ts = datetime.utcnow().isoformat() + "Z"
[2026-02-15T19:30:15.871706Z] DRIVER_PROBE_SENT ts=2026-02-15T19:30:15.871665Z lane=session nonce=20260215T193001Z_3a73bd39
/home/sparky/.openclaw/workspace/tokenguardian/tg-burnin-driver.py:242: DeprecationWarning: datetime.datetime.utcnow() is deprecated and scheduled for removal in a future version. Use timezone-aware objects to represent datetimes in UTC: datetime.datetime.now(datetime.UTC).
  status["last_run"] = datetime.utcnow().isoformat()
[2026-02-15T19:30:15.872151Z] DRIVER_SUCCESS runs=4 lane=session
/home/sparky/.openclaw/workspace/tokenguardian/tg-burnin-driver.py:82: DeprecationWarning: datetime.datetime.utcnow() is deprecated and scheduled for removal in a future version. Use timezone-aware objects to represent datetimes in UTC: datetime.datetime.now(datetime.UTC).
  nonce = f"{datetime.utcnow().strftime('%Y%m%dT%H%M%SZ')}_{uuid4().hex[:8]}"
[2026-02-15T19:30:26.272485Z] DRIVER_SKIPPED lock held
/home/sparky/.openclaw/workspace/tokenguardian/tg-burnin-driver.py:101: DeprecationWarning: datetime.datetime.utcnow() is deprecated and scheduled for removal in a future version. Use timezone-aware objects to represent datetimes in UTC: datetime.datetime.now(datetime.UTC).
  log(f"DRIVER_PROBE_SENT ts={datetime.utcnow().isoformat()}Z lane={lane_type} nonce={nonce}")
/home/sparky/.openclaw/workspace/tokenguardian/tg-burnin-driver.py:40: DeprecationWarning: datetime.datetime.utcnow() is deprecated and scheduled for removal in a future version. Use timezone-aware objects to represent datetimes in UTC: datetime.datetime.now(datetime.UTC).
  ts = datetime.utcnow().isoformat() + "Z"
[2026-02-15T19:30:29.579536Z] DRIVER_PROBE_SENT ts=2026-02-15T19:30:29.579449Z lane=main nonce=20260215T193018Z_8e47cf45
/home/sparky/.openclaw/workspace/tokenguardian/tg-burnin-driver.py:201: DeprecationWarning: datetime.datetime.utcnow() is deprecated and scheduled for removal in a future version. Use timezone-aware objects to represent datetimes in UTC: datetime.datetime.now(datetime.UTC).
  status["last_run"] = datetime.utcnow().isoformat()
[2026-02-15T19:30:29.580054Z] DRIVER_SUCCESS runs=5 lane=main
[2026-02-15T19:38:18.826216Z] DRIVER_SKIP: stats_stale_or_missing (stats_stale (1221s old))
[2026-02-15T19:39:17.498438Z] DRIVER_PROBE_SENT ts=2026-02-15T19:39:17.498403Z lane=main nonce=20260215T193907Z_93cf24a6
[2026-02-15T19:39:17.498881Z] DRIVER_SUCCESS runs=1 lane=main
/home/sparky/.openclaw/workspace/tokenguardian/tg-burnin-driver.py:85: DeprecationWarning: datetime.datetime.utcnow() is deprecated and scheduled for removal in a future version. Use timezone-aware objects to represent datetimes in UTC: datetime.datetime.now(datetime.UTC).
  nonce = f"{datetime.utcnow().strftime('%Y%m%dT%H%M%SZ')}_{uuid4().hex[:8]}"
[2026-02-15T19:40:02.087582Z] DRIVER_SKIPPED lock held
[2026-02-15T19:40:02.112855Z] DRIVER_SKIPPED lock held
[2026-02-15T19:40:02.164025Z] DRIVER_SKIPPED lock held
/home/sparky/.openclaw/workspace/tokenguardian/tg-burnin-driver.py:43: DeprecationWarning: datetime.datetime.utcnow() is deprecated and scheduled for removal in a future version. Use timezone-aware objects to represent datetimes in UTC: datetime.datetime.now(datetime.UTC).
  ts = datetime.utcnow().isoformat() + "Z"
[2026-02-15T19:40:02.193086Z] DRIVER_STARTED interval=600s
[2026-02-15T19:40:02.193398Z] DRIVER_SKIPPED lock held
[2026-02-15T19:40:02.273425Z] DRIVER_SKIPPED lock held
[2026-02-15T19:40:02.328494Z] DRIVER_SKIPPED lock held
[2026-02-15T19:40:02.351378Z] DRIVER_SKIPPED lock held
[2026-02-15T19:40:14.710949Z] DRIVER_SKIPPED lock held
[2026-02-15T19:40:15.019458Z] DRIVER_SKIPPED lock held
[2026-02-15T19:40:15.138895Z] DRIVER_SKIPPED lock held
[2026-02-15T19:40:15.872730Z] DRIVER_SKIPPED lock held
/home/sparky/.openclaw/workspace/tokenguardian/tg-burnin-driver.py:104: DeprecationWarning: datetime.datetime.utcnow() is deprecated and scheduled for removal in a future version. Use timezone-aware objects to represent datetimes in UTC: datetime.datetime.now(datetime.UTC).
  log(f"DRIVER_PROBE_SENT ts={datetime.utcnow().isoformat()}Z lane={lane_type} nonce={nonce}")
/home/sparky/.openclaw/workspace/tokenguardian/tg-burnin-driver.py:43: DeprecationWarning: datetime.datetime.utcnow() is deprecated and scheduled for removal in a future version. Use timezone-aware objects to represent datetimes in UTC: datetime.datetime.now(datetime.UTC).
  ts = datetime.utcnow().isoformat() + "Z"
[2026-02-15T19:40:16.217815Z] DRIVER_PROBE_SENT ts=2026-02-15T19:40:16.217774Z lane=session nonce=20260215T194001Z_6fffd49a
/home/sparky/.openclaw/workspace/tokenguardian/tg-burnin-driver.py:242: DeprecationWarning: datetime.datetime.utcnow() is deprecated and scheduled for removal in a future version. Use timezone-aware objects to represent datetimes in UTC: datetime.datetime.now(datetime.UTC).
  status["last_run"] = datetime.utcnow().isoformat()
[2026-02-15T19:40:16.218278Z] DRIVER_SUCCESS runs=2 lane=session
/home/sparky/.openclaw/workspace/tokenguardian/tg-burnin-driver.py:82: DeprecationWarning: datetime.datetime.utcnow() is deprecated and scheduled for removal in a future version. Use timezone-aware objects to represent datetimes in UTC: datetime.datetime.now(datetime.UTC).
  nonce = f"{datetime.utcnow().strftime('%Y%m%dT%H%M%SZ')}_{uuid4().hex[:8]}"
[2026-02-15T19:40:29.583408Z] DRIVER_SKIPPED lock held
/home/sparky/.openclaw/workspace/tokenguardian/tg-burnin-driver.py:101: DeprecationWarning: datetime.datetime.utcnow() is deprecated and scheduled for removal in a future version. Use timezone-aware objects to represent datetimes in UTC: datetime.datetime.now(datetime.UTC).
  log(f"DRIVER_PROBE_SENT ts={datetime.utcnow().isoformat()}Z lane={lane_type} nonce={nonce}")
/home/sparky/.openclaw/workspace/tokenguardian/tg-burnin-driver.py:40: DeprecationWarning: datetime.datetime.utcnow() is deprecated and scheduled for removal in a future version. Use timezone-aware objects to represent datetimes in UTC: datetime.datetime.now(datetime.UTC).
  ts = datetime.utcnow().isoformat() + "Z"
[2026-02-15T19:40:37.170866Z] DRIVER_PROBE_SENT ts=2026-02-15T19:40:37.170829Z lane=main nonce=20260215T194026Z_c44c0277
/home/sparky/.openclaw/workspace/tokenguardian/tg-burnin-driver.py:201: DeprecationWarning: datetime.datetime.utcnow() is deprecated and scheduled for removal in a future version. Use timezone-aware objects to represent datetimes in UTC: datetime.datetime.now(datetime.UTC).
  status["last_run"] = datetime.utcnow().isoformat()
[2026-02-15T19:40:37.171520Z] DRIVER_SUCCESS runs=3 lane=main
[2026-02-15T19:50:02.116948Z] DRIVER_SKIPPED lock held
/home/sparky/.openclaw/workspace/tokenguardian/tg-burnin-driver.py:85: DeprecationWarning: datetime.datetime.utcnow() is deprecated and scheduled for removal in a future version. Use timezone-aware objects to represent datetimes in UTC: datetime.datetime.now(datetime.UTC).
  nonce = f"{datetime.utcnow().strftime('%Y%m%dT%H%M%SZ')}_{uuid4().hex[:8]}"
[2026-02-15T19:50:02.173939Z] DRIVER_SKIPPED lock held
[2026-02-15T19:50:02.200791Z] DRIVER_SKIPPED lock held
/home/sparky/.openclaw/workspace/tokenguardian/tg-burnin-driver.py:43: DeprecationWarning: datetime.datetime.utcnow() is deprecated and scheduled for removal in a future version. Use timezone-aware objects to represent datetimes in UTC: datetime.datetime.now(datetime.UTC).
  ts = datetime.utcnow().isoformat() + "Z"
[2026-02-15T19:50:02.258056Z] DRIVER_STARTED interval=600s
[2026-02-15T19:50:02.258321Z] DRIVER_SKIPPED lock held
[2026-02-15T19:50:02.288799Z] DRIVER_SKIPPED lock held
[2026-02-15T19:50:02.333478Z] DRIVER_SKIPPED lock held
[2026-02-15T19:50:02.352523Z] DRIVER_SKIPPED lock held
/home/sparky/.openclaw/workspace/tokenguardian/tg-burnin-driver.py:104: DeprecationWarning: datetime.datetime.utcnow() is deprecated and scheduled for removal in a future version. Use timezone-aware objects to represent datetimes in UTC: datetime.datetime.now(datetime.UTC).
  log(f"DRIVER_PROBE_SENT ts={datetime.utcnow().isoformat()}Z lane={lane_type} nonce={nonce}")
/home/sparky/.openclaw/workspace/tokenguardian/tg-burnin-driver.py:43: DeprecationWarning: datetime.datetime.utcnow() is deprecated and scheduled for removal in a future version. Use timezone-aware objects to represent datetimes in UTC: datetime.datetime.now(datetime.UTC).
  ts = datetime.utcnow().isoformat() + "Z"
[2026-02-15T19:50:13.501271Z] DRIVER_PROBE_SENT ts=2026-02-15T19:50:13.501022Z lane=session nonce=20260215T195002Z_5b293c52
/home/sparky/.openclaw/workspace/tokenguardian/tg-burnin-driver.py:242: DeprecationWarning: datetime.datetime.utcnow() is deprecated and scheduled for removal in a future version. Use timezone-aware objects to represent datetimes in UTC: datetime.datetime.now(datetime.UTC).
  status["last_run"] = datetime.utcnow().isoformat()
[2026-02-15T19:50:13.501672Z] DRIVER_SUCCESS runs=4 lane=session
/home/sparky/.openclaw/workspace/tokenguardian/tg-burnin-driver.py:82: DeprecationWarning: datetime.datetime.utcnow() is deprecated and scheduled for removal in a future version. Use timezone-aware objects to represent datetimes in UTC: datetime.datetime.now(datetime.UTC).
  nonce = f"{datetime.utcnow().strftime('%Y%m%dT%H%M%SZ')}_{uuid4().hex[:8]}"
[2026-02-15T19:50:15.021177Z] DRIVER_SKIPPED lock held
[2026-02-15T19:50:15.139361Z] DRIVER_SKIPPED lock held
[2026-02-15T19:50:15.873188Z] DRIVER_SKIPPED lock held
[2026-02-15T19:50:16.219881Z] DRIVER_SKIPPED lock held
/home/sparky/.openclaw/workspace/tokenguardian/tg-burnin-driver.py:101: DeprecationWarning: datetime.datetime.utcnow() is deprecated and scheduled for removal in a future version. Use timezone-aware objects to represent datetimes in UTC: datetime.datetime.now(datetime.UTC).
  log(f"DRIVER_PROBE_SENT ts={datetime.utcnow().isoformat()}Z lane={lane_type} nonce={nonce}")
/home/sparky/.openclaw/workspace/tokenguardian/tg-burnin-driver.py:40: DeprecationWarning: datetime.datetime.utcnow() is deprecated and scheduled for removal in a future version. Use timezone-aware objects to represent datetimes in UTC: datetime.datetime.now(datetime.UTC).
  ts = datetime.utcnow().isoformat() + "Z"
[2026-02-15T19:50:24.167826Z] DRIVER_PROBE_SENT ts=2026-02-15T19:50:24.167789Z lane=main nonce=20260215T195014Z_c1e0b4df
/home/sparky/.openclaw/workspace/tokenguardian/tg-burnin-driver.py:201: DeprecationWarning: datetime.datetime.utcnow() is deprecated and scheduled for removal in a future version. Use timezone-aware objects to represent datetimes in UTC: datetime.datetime.now(datetime.UTC).
  status["last_run"] = datetime.utcnow().isoformat()
[2026-02-15T19:50:24.168253Z] DRIVER_SUCCESS runs=5 lane=main
/home/sparky/.openclaw/workspace/tokenguardian/tg-burnin-driver.py:82: DeprecationWarning: datetime.datetime.utcnow() is deprecated and scheduled for removal in a future version. Use timezone-aware objects to represent datetimes in UTC: datetime.datetime.now(datetime.UTC).
  nonce = f"{datetime.utcnow().strftime('%Y%m%dT%H%M%SZ')}_{uuid4().hex[:8]}"
[2026-02-15T19:50:37.172066Z] DRIVER_SKIPPED lock held
/home/sparky/.openclaw/workspace/tokenguardian/tg-burnin-driver.py:101: DeprecationWarning: datetime.datetime.utcnow() is deprecated and scheduled for removal in a future version. Use timezone-aware objects to represent datetimes in UTC: datetime.datetime.now(datetime.UTC).
  log(f"DRIVER_PROBE_SENT ts={datetime.utcnow().isoformat()}Z lane={lane_type} nonce={nonce}")
/home/sparky/.openclaw/workspace/tokenguardian/tg-burnin-driver.py:40: DeprecationWarning: datetime.datetime.utcnow() is deprecated and scheduled for removal in a future version. Use timezone-aware objects to represent datetimes in UTC: datetime.datetime.now(datetime.UTC).
  ts = datetime.utcnow().isoformat() + "Z"
[2026-02-15T19:50:38.644528Z] DRIVER_PROBE_SENT ts=2026-02-15T19:50:38.644439Z lane=session nonce=20260215T195029Z_0b948368
/home/sparky/.openclaw/workspace/tokenguardian/tg-burnin-driver.py:201: DeprecationWarning: datetime.datetime.utcnow() is deprecated and scheduled for removal in a future version. Use timezone-aware objects to represent datetimes in UTC: datetime.datetime.now(datetime.UTC).
  status["last_run"] = datetime.utcnow().isoformat()
[2026-02-15T19:50:38.644988Z] DRIVER_SUCCESS runs=6 lane=session
[2026-02-15T20:00:02.176417Z] DRIVER_SKIPPED lock held
/home/sparky/.openclaw/workspace/tokenguardian/tg-burnin-driver.py:82: DeprecationWarning: datetime.datetime.utcnow() is deprecated and scheduled for removal in a future version. Use timezone-aware objects to represent datetimes in UTC: datetime.datetime.now(datetime.UTC).
  nonce = f"{datetime.utcnow().strftime('%Y%m%dT%H%M%SZ')}_{uuid4().hex[:8]}"
[2026-02-15T20:00:02.203397Z] DRIVER_SKIPPED lock held
/home/sparky/.openclaw/workspace/tokenguardian/tg-burnin-driver.py:43: DeprecationWarning: datetime.datetime.utcnow() is deprecated and scheduled for removal in a future version. Use timezone-aware objects to represent datetimes in UTC: datetime.datetime.now(datetime.UTC).
  ts = datetime.utcnow().isoformat() + "Z"
[2026-02-15T20:00:02.224090Z] DRIVER_STARTED interval=600s
[2026-02-15T20:00:02.224410Z] DRIVER_SKIPPED lock held
[2026-02-15T20:00:02.282444Z] DRIVER_SKIPPED lock held
[2026-02-15T20:00:02.289241Z] DRIVER_SKIPPED lock held
[2026-02-15T20:00:02.341997Z] DRIVER_SKIPPED lock held
[2026-02-15T20:00:02.354462Z] DRIVER_SKIPPED lock held
[2026-02-15T20:00:13.503414Z] DRIVER_SKIPPED lock held
[2026-02-15T20:00:15.022705Z] DRIVER_SKIPPED lock held
[2026-02-15T20:00:15.140537Z] DRIVER_SKIPPED lock held
[2026-02-15T20:00:15.874505Z] DRIVER_SKIPPED lock held
[2026-02-15T20:00:16.220425Z] DRIVER_SKIPPED lock held
/home/sparky/.openclaw/workspace/tokenguardian/tg-burnin-driver.py:101: DeprecationWarning: datetime.datetime.utcnow() is deprecated and scheduled for removal in a future version. Use timezone-aware objects to represent datetimes in UTC: datetime.datetime.now(datetime.UTC).
  log(f"DRIVER_PROBE_SENT ts={datetime.utcnow().isoformat()}Z lane={lane_type} nonce={nonce}")
/home/sparky/.openclaw/workspace/tokenguardian/tg-burnin-driver.py:40: DeprecationWarning: datetime.datetime.utcnow() is deprecated and scheduled for removal in a future version. Use timezone-aware objects to represent datetimes in UTC: datetime.datetime.now(datetime.UTC).
  ts = datetime.utcnow().isoformat() + "Z"
[2026-02-15T20:00:18.630479Z] DRIVER_PROBE_SENT ts=2026-02-15T20:00:18.630438Z lane=main nonce=20260215T200002Z_24bb6eff
/home/sparky/.openclaw/workspace/tokenguardian/tg-burnin-driver.py:201: DeprecationWarning: datetime.datetime.utcnow() is deprecated and scheduled for removal in a future version. Use timezone-aware objects to represent datetimes in UTC: datetime.datetime.now(datetime.UTC).
  status["last_run"] = datetime.utcnow().isoformat()
[2026-02-15T20:00:18.631092Z] DRIVER_SUCCESS runs=7 lane=main
/home/sparky/.openclaw/workspace/tokenguardian/tg-burnin-driver.py:82: DeprecationWarning: datetime.datetime.utcnow() is deprecated and scheduled for removal in a future version. Use timezone-aware objects to represent datetimes in UTC: datetime.datetime.now(datetime.UTC).
  nonce = f"{datetime.utcnow().strftime('%Y%m%dT%H%M%SZ')}_{uuid4().hex[:8]}"
[2026-02-15T20:00:37.173514Z] DRIVER_SKIPPED lock held
/home/sparky/.openclaw/workspace/tokenguardian/tg-burnin-driver.py:101: DeprecationWarning: datetime.datetime.utcnow() is deprecated and scheduled for removal in a future version. Use timezone-aware objects to represent datetimes in UTC: datetime.datetime.now(datetime.UTC).
  log(f"DRIVER_PROBE_SENT ts={datetime.utcnow().isoformat()}Z lane={lane_type} nonce={nonce}")
/home/sparky/.openclaw/workspace/tokenguardian/tg-burnin-driver.py:40: DeprecationWarning: datetime.datetime.utcnow() is deprecated and scheduled for removal in a future version. Use timezone-aware objects to represent datetimes in UTC: datetime.datetime.now(datetime.UTC).
  ts = datetime.utcnow().isoformat() + "Z"
[2026-02-15T20:00:37.923270Z] DRIVER_PROBE_SENT ts=2026-02-15T20:00:37.923234Z lane=session nonce=20260215T200024Z_b892a7e1
/home/sparky/.openclaw/workspace/tokenguardian/tg-burnin-driver.py:201: DeprecationWarning: datetime.datetime.utcnow() is deprecated and scheduled for removal in a future version. Use timezone-aware objects to represent datetimes in UTC: datetime.datetime.now(datetime.UTC).
  status["last_run"] = datetime.utcnow().isoformat()
[2026-02-15T20:00:37.923666Z] DRIVER_SUCCESS runs=8 lane=session
/home/sparky/.openclaw/workspace/tokenguardian/tg-burnin-driver.py:82: DeprecationWarning: datetime.datetime.utcnow() is deprecated and scheduled for removal in a future version. Use timezone-aware objects to represent datetimes in UTC: datetime.datetime.now(datetime.UTC).
  nonce = f"{datetime.utcnow().strftime('%Y%m%dT%H%M%SZ')}_{uuid4().hex[:8]}"
/home/sparky/.openclaw/workspace/tokenguardian/tg-burnin-driver.py:101: DeprecationWarning: datetime.datetime.utcnow() is deprecated and scheduled for removal in a future version. Use timezone-aware objects to represent datetimes in UTC: datetime.datetime.now(datetime.UTC).
  log(f"DRIVER_PROBE_SENT ts={datetime.utcnow().isoformat()}Z lane={lane_type} nonce={nonce}")
/home/sparky/.openclaw/workspace/tokenguardian/tg-burnin-driver.py:40: DeprecationWarning: datetime.datetime.utcnow() is deprecated and scheduled for removal in a future version. Use timezone-aware objects to represent datetimes in UTC: datetime.datetime.now(datetime.UTC).
  ts = datetime.utcnow().isoformat() + "Z"
[2026-02-15T20:00:48.770498Z] DRIVER_PROBE_SENT ts=2026-02-15T20:00:48.770469Z lane=main nonce=20260215T200038Z_a5496dd9
/home/sparky/.openclaw/workspace/tokenguardian/tg-burnin-driver.py:201: DeprecationWarning: datetime.datetime.utcnow() is deprecated and scheduled for removal in a future version. Use timezone-aware objects to represent datetimes in UTC: datetime.datetime.now(datetime.UTC).
  status["last_run"] = datetime.utcnow().isoformat()
[2026-02-15T20:00:48.771081Z] DRIVER_SUCCESS runs=9 lane=main
/home/sparky/.openclaw/workspace/tokenguardian/tg-burnin-driver.py:43: DeprecationWarning: datetime.datetime.utcnow() is deprecated and scheduled for removal in a future version. Use timezone-aware objects to represent datetimes in UTC: datetime.datetime.now(datetime.UTC).
  ts = datetime.utcnow().isoformat() + "Z"
[2026-02-15T20:10:01.612880Z] DRIVER_STARTED interval=600s
/home/sparky/.openclaw/workspace/tokenguardian/tg-burnin-driver.py:215: DeprecationWarning: datetime.datetime.utcnow() is deprecated and scheduled for removal in a future version. Use timezone-aware objects to represent datetimes in UTC: datetime.datetime.now(datetime.UTC).
  status["last_run"] = datetime.utcnow().isoformat()
/home/sparky/.openclaw/workspace/tokenguardian/tg-burnin-driver.py:43: DeprecationWarning: datetime.datetime.utcnow() is deprecated and scheduled for removal in a future version. Use timezone-aware objects to represent datetimes in UTC: datetime.datetime.now(datetime.UTC).
  ts = datetime.utcnow().isoformat() + "Z"
[2026-02-15T20:10:01.650090Z] DRIVER_SKIP: stats_stale_or_missing (stats_stale (1863s old))
[2026-02-15T20:10:02.207096Z] DRIVER_SKIPPED lock held
[2026-02-15T20:10:02.225499Z] DRIVER_SKIPPED lock held
/home/sparky/.openclaw/workspace/tokenguardian/tg-burnin-driver.py:215: DeprecationWarning: datetime.datetime.utcnow() is deprecated and scheduled for removal in a future version. Use timezone-aware objects to represent datetimes in UTC: datetime.datetime.now(datetime.UTC).
  status["last_run"] = datetime.utcnow().isoformat()
/home/sparky/.openclaw/workspace/tokenguardian/tg-burnin-driver.py:43: DeprecationWarning: datetime.datetime.utcnow() is deprecated and scheduled for removal in a future version. Use timezone-aware objects to represent datetimes in UTC: datetime.datetime.now(datetime.UTC).
  ts = datetime.utcnow().isoformat() + "Z"
[2026-02-15T20:10:02.228956Z] DRIVER_SKIP: stats_stale_or_missing (stats_stale (1863s old))
[2026-02-15T20:10:02.289695Z] DRIVER_SKIPPED lock held
/home/sparky/.openclaw/workspace/tokenguardian/tg-burnin-driver.py:215: DeprecationWarning: datetime.datetime.utcnow() is deprecated and scheduled for removal in a future version. Use timezone-aware objects to represent datetimes in UTC: datetime.datetime.now(datetime.UTC).
  status["last_run"] = datetime.utcnow().isoformat()
[2026-02-15T20:10:02.349491Z] DRIVER_SKIPPED lock held
/home/sparky/.openclaw/workspace/tokenguardian/tg-burnin-driver.py:43: DeprecationWarning: datetime.datetime.utcnow() is deprecated and scheduled for removal in a future version. Use timezone-aware objects to represent datetimes in UTC: datetime.datetime.now(datetime.UTC).
  ts = datetime.utcnow().isoformat() + "Z"
[2026-02-15T20:10:02.350275Z] DRIVER_HALTED: stats_stale (stats_stale (1863s old))
[2026-02-15T20:10:02.355030Z] DRIVER_HALTED too many failures
[2026-02-15T20:10:13.504119Z] DRIVER_HALTED: driver previously halted
[2026-02-15T20:10:15.024297Z] DRIVER_HALTED too many failures
[2026-02-15T20:10:15.141227Z] DRIVER_HALTED: driver previously halted
[2026-02-15T20:10:15.875262Z] DRIVER_HALTED: driver previously halted
[2026-02-15T20:10:16.221031Z] DRIVER_HALTED: driver previously halted
[2026-02-15T20:10:18.631823Z] DRIVER_HALTED too many failures
[2026-02-15T20:10:37.174065Z] DRIVER_HALTED too many failures
[2026-02-15T20:10:37.924325Z] DRIVER_HALTED too many failures
[2026-02-15T20:10:48.771637Z] DRIVER_HALTED too many failures
/home/sparky/.openclaw/workspace/tokenguardian/tg-burnin-driver.py:43: DeprecationWarning: datetime.datetime.utcnow() is deprecated and scheduled for removal in a future version. Use timezone-aware objects to represent datetimes in UTC: datetime.datetime.now(datetime.UTC).
  ts = datetime.utcnow().isoformat() + "Z"
[2026-02-15T20:20:01.607482Z] DRIVER_STARTED interval=600s
[2026-02-15T20:20:01.607986Z] DRIVER_HALTED: driver previously halted
[2026-02-15T20:20:01.651240Z] DRIVER_HALTED: driver previously halted
[2026-02-15T20:20:02.213293Z] DRIVER_HALTED: driver previously halted
[2026-02-15T20:20:02.226379Z] DRIVER_HALTED: driver previously halted
[2026-02-15T20:20:02.229718Z] DRIVER_HALTED: driver previously halted
[2026-02-15T20:20:02.290451Z] DRIVER_HALTED: driver previously halted
[2026-02-15T20:20:02.350335Z] DRIVER_HALTED: driver previously halted
[2026-02-15T20:20:02.351537Z] DRIVER_HALTED: driver previously halted
[2026-02-15T20:20:02.356976Z] DRIVER_HALTED too many failures
[2026-02-15T20:20:13.504962Z] DRIVER_HALTED: driver previously halted
[2026-02-15T20:20:15.024994Z] DRIVER_HALTED too many failures
[2026-02-15T20:20:15.141915Z] DRIVER_HALTED: driver previously halted
[2026-02-15T20:20:15.876009Z] DRIVER_HALTED: driver previously halted
[2026-02-15T20:20:16.221771Z] DRIVER_HALTED: driver previously halted
[2026-02-15T20:20:18.632475Z] DRIVER_HALTED too many failures
[2026-02-15T20:20:37.174695Z] DRIVER_HALTED too many failures
[2026-02-15T20:20:37.925012Z] DRIVER_HALTED too many failures
[2026-02-15T20:20:48.772377Z] DRIVER_HALTED too many failures
[2026-02-15T20:30:01.609923Z] DRIVER_HALTED: driver previously halted
[2026-02-15T20:30:01.652097Z] DRIVER_HALTED: driver previously halted
/home/sparky/.openclaw/workspace/tokenguardian/tg-burnin-driver.py:43: DeprecationWarning: datetime.datetime.utcnow() is deprecated and scheduled for removal in a future version. Use timezone-aware objects to represent datetimes in UTC: datetime.datetime.now(datetime.UTC).
  ts = datetime.utcnow().isoformat() + "Z"
[2026-02-15T20:30:01.689311Z] DRIVER_STARTED interval=600s
[2026-02-15T20:30:01.689975Z] DRIVER_HALTED: driver previously halted
[2026-02-15T20:30:02.214406Z] DRIVER_HALTED: driver previously halted
[2026-02-15T20:30:02.227688Z] DRIVER_HALTED: driver previously halted
[2026-02-15T20:30:02.231910Z] DRIVER_HALTED: driver previously halted
[2026-02-15T20:30:02.291449Z] DRIVER_HALTED: driver previously halted
[2026-02-15T20:30:02.351612Z] DRIVER_HALTED: driver previously halted
[2026-02-15T20:30:02.352575Z] DRIVER_HALTED: driver previously halted
[2026-02-15T20:30:02.357824Z] DRIVER_HALTED too many failures
[2026-02-15T20:30:13.505795Z] DRIVER_HALTED: driver previously halted
[2026-02-15T20:30:15.025722Z] DRIVER_HALTED too many failures
[2026-02-15T20:30:15.142730Z] DRIVER_HALTED: driver previously halted
[2026-02-15T20:30:15.876865Z] DRIVER_HALTED: driver previously halted
[2026-02-15T20:30:16.222659Z] DRIVER_HALTED: driver previously halted
[2026-02-15T20:30:18.633549Z] DRIVER_HALTED too many failures
[2026-02-15T20:30:37.175354Z] DRIVER_HALTED too many failures
[2026-02-15T20:30:37.925837Z] DRIVER_HALTED too many failures
[2026-02-15T20:30:48.773410Z] DRIVER_HALTED too many failures
/home/sparky/.openclaw/workspace/tokenguardian/tg-burnin-driver.py:43: DeprecationWarning: datetime.datetime.utcnow() is deprecated and scheduled for removal in a future version. Use timezone-aware objects to represent datetimes in UTC: datetime.datetime.now(datetime.UTC).
  ts = datetime.utcnow().isoformat() + "Z"
[2026-02-15T20:40:01.569931Z] DRIVER_STARTED interval=600s
[2026-02-15T20:40:01.570690Z] DRIVER_HALTED: driver previously halted
[2026-02-15T20:40:01.611113Z] DRIVER_HALTED: driver previously halted
[2026-02-15T20:40:01.657325Z] DRIVER_HALTED: driver previously halted
[2026-02-15T20:40:01.691051Z] DRIVER_HALTED: driver previously halted
[2026-02-15T20:40:02.216376Z] DRIVER_HALTED: driver previously halted
[2026-02-15T20:40:02.229065Z] DRIVER_HALTED: driver previously halted
[2026-02-15T20:40:02.232938Z] DRIVER_HALTED: driver previously halted
[2026-02-15T20:40:02.292336Z] DRIVER_HALTED: driver previously halted
[2026-02-15T20:40:02.352574Z] DRIVER_HALTED: driver previously halted
[2026-02-15T20:40:02.353821Z] DRIVER_HALTED: driver previously halted
[2026-02-15T20:40:02.358635Z] DRIVER_HALTED too many failures
[2026-02-15T20:40:13.508559Z] DRIVER_HALTED: driver previously halted
[2026-02-15T20:40:15.026525Z] DRIVER_HALTED too many failures
[2026-02-15T20:40:15.143583Z] DRIVER_HALTED: driver previously halted
[2026-02-15T20:40:15.877855Z] DRIVER_HALTED: driver previously halted
[2026-02-15T20:40:16.223576Z] DRIVER_HALTED: driver previously halted
[2026-02-15T20:40:18.634667Z] DRIVER_HALTED too many failures
[2026-02-15T20:40:37.175993Z] DRIVER_HALTED too many failures
[2026-02-15T20:40:37.926519Z] DRIVER_HALTED too many failures
[2026-02-15T20:40:48.774243Z] DRIVER_HALTED too many failures
[2026-02-15T20:50:01.572580Z] DRIVER_HALTED: driver previously halted
/home/sparky/.openclaw/workspace/tokenguardian/tg-burnin-driver.py:43: DeprecationWarning: datetime.datetime.utcnow() is deprecated and scheduled for removal in a future version. Use timezone-aware objects to represent datetimes in UTC: datetime.datetime.now(datetime.UTC).
  ts = datetime.utcnow().isoformat() + "Z"
[2026-02-15T20:50:01.573986Z] DRIVER_STARTED interval=600s
[2026-02-15T20:50:01.574568Z] DRIVER_HALTED: driver previously halted
[2026-02-15T20:50:01.617449Z] DRIVER_HALTED: driver previously halted
[2026-02-15T20:50:01.658420Z] DRIVER_HALTED: driver previously halted
[2026-02-15T20:50:01.692202Z] DRIVER_HALTED: driver previously halted
[2026-02-15T20:50:02.217228Z] DRIVER_HALTED: driver previously halted
[2026-02-15T20:50:02.230089Z] DRIVER_HALTED: driver previously halted
[2026-02-15T20:50:02.239623Z] DRIVER_HALTED: driver previously halted
[2026-02-15T20:50:02.293574Z] DRIVER_HALTED: driver previously halted
[2026-02-15T20:50:02.355313Z] DRIVER_HALTED: driver previously halted
[2026-02-15T20:50:02.355508Z] DRIVER_SKIPPED lock held
[2026-02-15T20:50:02.359614Z] DRIVER_HALTED too many failures
[2026-02-15T20:50:13.509403Z] DRIVER_HALTED: driver previously halted
[2026-02-15T20:50:15.027126Z] DRIVER_HALTED too many failures
[2026-02-15T20:50:15.144369Z] DRIVER_HALTED: driver previously halted
[2026-02-15T20:50:15.878608Z] DRIVER_HALTED: driver previously halted
[2026-02-15T20:50:16.224144Z] DRIVER_HALTED: driver previously halted
[2026-02-15T20:50:18.635401Z] DRIVER_HALTED too many failures
[2026-02-15T20:50:37.176736Z] DRIVER_HALTED too many failures
[2026-02-15T20:50:37.927267Z] DRIVER_HALTED too many failures
[2026-02-15T20:50:48.774916Z] DRIVER_HALTED too many failures
[2026-02-15T21:00:01.573524Z] DRIVER_HALTED: driver previously halted
[2026-02-15T21:00:01.575566Z] DRIVER_HALTED: driver previously halted
[2026-02-15T21:00:01.619576Z] DRIVER_HALTED: driver previously halted
/home/sparky/.openclaw/workspace/tokenguardian/tg-burnin-driver.py:43: DeprecationWarning: datetime.datetime.utcnow() is deprecated and scheduled for removal in a future version. Use timezone-aware objects to represent datetimes in UTC: datetime.datetime.now(datetime.UTC).
  ts = datetime.utcnow().isoformat() + "Z"
[2026-02-15T21:00:01.651763Z] DRIVER_STARTED interval=600s
[2026-02-15T21:00:01.652251Z] DRIVER_HALTED: driver previously halted
[2026-02-15T21:00:01.659379Z] DRIVER_HALTED: driver previously halted
[2026-02-15T21:00:01.693237Z] DRIVER_HALTED: driver previously halted
[2026-02-15T21:00:02.240564Z] DRIVER_HALTED: driver previously halted
[2026-02-15T21:00:02.246786Z] DRIVER_HALTED: driver previously halted
[2026-02-15T21:00:02.247721Z] DRIVER_HALTED: driver previously halted
[2026-02-15T21:00:02.294753Z] DRIVER_HALTED: driver previously halted
[2026-02-15T21:00:02.356040Z] DRIVER_HALTED: driver previously halted
[2026-02-15T21:00:02.357759Z] DRIVER_HALTED: driver previously halted
[2026-02-15T21:00:02.360803Z] DRIVER_HALTED too many failures
[2026-02-15T21:00:13.510940Z] DRIVER_HALTED: driver previously halted
[2026-02-15T21:00:15.027830Z] DRIVER_HALTED too many failures
[2026-02-15T21:00:15.145125Z] DRIVER_HALTED: driver previously halted
[2026-02-15T21:00:15.879418Z] DRIVER_HALTED: driver previously halted
[2026-02-15T21:00:16.224981Z] DRIVER_HALTED: driver previously halted
[2026-02-15T21:00:18.636262Z] DRIVER_HALTED too many failures
[2026-02-15T21:00:37.177491Z] DRIVER_HALTED too many failures
[2026-02-15T21:00:37.928017Z] DRIVER_HALTED too many failures
[2026-02-15T21:00:48.775673Z] DRIVER_HALTED too many failures
/home/sparky/.openclaw/workspace/tokenguardian/tg-burnin-driver.py:43: DeprecationWarning: datetime.datetime.utcnow() is deprecated and scheduled for removal in a future version. Use timezone-aware objects to represent datetimes in UTC: datetime.datetime.now(datetime.UTC).
  ts = datetime.utcnow().isoformat() + "Z"
[2026-02-15T21:10:01.571821Z] DRIVER_STARTED interval=600s
[2026-02-15T21:10:01.572316Z] DRIVER_HALTED: driver previously halted
[2026-02-15T21:10:01.574588Z] DRIVER_HALTED: driver previously halted
[2026-02-15T21:10:01.576535Z] DRIVER_HALTED: driver previously halted
[2026-02-15T21:10:01.620880Z] DRIVER_HALTED: driver previously halted
[2026-02-15T21:10:01.653492Z] DRIVER_HALTED: driver previously halted
[2026-02-15T21:10:01.660129Z] DRIVER_HALTED: driver previously halted
[2026-02-15T21:10:01.694103Z] DRIVER_HALTED: driver previously halted
[2026-02-15T21:10:02.241712Z] DRIVER_HALTED: driver previously halted
[2026-02-15T21:10:02.248061Z] DRIVER_HALTED: driver previously halted
[2026-02-15T21:10:02.249341Z] DRIVER_HALTED: driver previously halted
[2026-02-15T21:10:02.295701Z] DRIVER_HALTED: driver previously halted
[2026-02-15T21:10:02.356954Z] DRIVER_HALTED: driver previously halted
[2026-02-15T21:10:02.358519Z] DRIVER_HALTED: driver previously halted
[2026-02-15T21:10:02.362039Z] DRIVER_HALTED too many failures
[2026-02-15T21:10:13.511775Z] DRIVER_HALTED: driver previously halted
[2026-02-15T21:10:15.029038Z] DRIVER_HALTED too many failures
[2026-02-15T21:10:15.145896Z] DRIVER_HALTED: driver previously halted
[2026-02-15T21:10:15.880106Z] DRIVER_HALTED: driver previously halted
[2026-02-15T21:10:16.225964Z] DRIVER_HALTED: driver previously halted
[2026-02-15T21:10:18.638478Z] DRIVER_HALTED too many failures
[2026-02-15T21:10:37.178374Z] DRIVER_HALTED too many failures
[2026-02-15T21:10:37.928721Z] DRIVER_HALTED too many failures
[2026-02-15T21:10:48.776456Z] DRIVER_HALTED too many failures
[2026-02-15T21:20:01.573046Z] DRIVER_HALTED: driver previously halted
[2026-02-15T21:20:01.575359Z] DRIVER_HALTED: driver previously halted
[2026-02-15T21:20:01.577260Z] DRIVER_HALTED: driver previously halted
[2026-02-15T21:20:01.622651Z] DRIVER_HALTED: driver previously halted
[2026-02-15T21:20:01.655139Z] DRIVER_HALTED: driver previously halted
[2026-02-15T21:20:01.661672Z] DRIVER_HALTED: driver previously halted
/home/sparky/.openclaw/workspace/tokenguardian/tg-burnin-driver.py:43: DeprecationWarning: datetime.datetime.utcnow() is deprecated and scheduled for removal in a future version. Use timezone-aware objects to represent datetimes in UTC: datetime.datetime.now(datetime.UTC).
  ts = datetime.utcnow().isoformat() + "Z"
[2026-02-15T21:20:01.678079Z] DRIVER_STARTED interval=600s
[2026-02-15T21:20:01.678629Z] DRIVER_HALTED: driver previously halted
[2026-02-15T21:20:01.695042Z] DRIVER_HALTED: driver previously halted
[2026-02-15T21:20:02.242617Z] DRIVER_HALTED: driver previously halted
[2026-02-15T21:20:02.249046Z] DRIVER_HALTED: driver previously halted
[2026-02-15T21:20:02.250300Z] DRIVER_HALTED: driver previously halted
[2026-02-15T21:20:02.296701Z] DRIVER_HALTED: driver previously halted
[2026-02-15T21:20:02.358130Z] DRIVER_HALTED: driver previously halted
[2026-02-15T21:20:02.365352Z] DRIVER_HALTED: driver previously halted
[2026-02-15T21:20:02.366579Z] DRIVER_HALTED too many failures
[2026-02-15T21:20:13.514281Z] DRIVER_HALTED: driver previously halted
[2026-02-15T21:20:15.030981Z] DRIVER_HALTED too many failures
[2026-02-15T21:20:15.147354Z] DRIVER_HALTED: driver previously halted
[2026-02-15T21:20:15.882585Z] DRIVER_HALTED: driver previously halted
[2026-02-15T21:20:16.228650Z] DRIVER_HALTED: driver previously halted
[2026-02-15T21:20:18.639278Z] DRIVER_HALTED too many failures
[2026-02-15T21:20:37.179257Z] DRIVER_HALTED too many failures
[2026-02-15T21:20:37.929352Z] DRIVER_HALTED too many failures
[2026-02-15T21:20:48.777123Z] DRIVER_HALTED too many failures
[2026-02-15T21:30:01.573938Z] DRIVER_HALTED: driver previously halted
[2026-02-15T21:30:01.576315Z] DRIVER_HALTED: driver previously halted
[2026-02-15T21:30:01.578475Z] DRIVER_HALTED: driver previously halted
[2026-02-15T21:30:01.624711Z] DRIVER_HALTED: driver previously halted
/home/sparky/.openclaw/workspace/tokenguardian/tg-burnin-driver.py:43: DeprecationWarning: datetime.datetime.utcnow() is deprecated and scheduled for removal in a future version. Use timezone-aware objects to represent datetimes in UTC: datetime.datetime.now(datetime.UTC).
  ts = datetime.utcnow().isoformat() + "Z"
[2026-02-15T21:30:01.644270Z] DRIVER_STARTED interval=600s
[2026-02-15T21:30:01.644838Z] DRIVER_HALTED: driver previously halted
[2026-02-15T21:30:01.658514Z] DRIVER_HALTED: driver previously halted
[2026-02-15T21:30:01.674398Z] DRIVER_HALTED: driver previously halted
[2026-02-15T21:30:01.693099Z] DRIVER_HALTED: driver previously halted
[2026-02-15T21:30:01.755409Z] DRIVER_HALTED: driver previously halted
[2026-02-15T21:30:02.248787Z] DRIVER_HALTED: driver previously halted
[2026-02-15T21:30:02.250058Z] DRIVER_HALTED: driver previously halted
[2026-02-15T21:30:02.262924Z] DRIVER_HALTED: driver previously halted
[2026-02-15T21:30:02.297452Z] DRIVER_HALTED: driver previously halted
[2026-02-15T21:30:02.359646Z] DRIVER_HALTED: driver previously halted
[2026-02-15T21:30:02.367572Z] DRIVER_HALTED: driver previously halted
[2026-02-15T21:30:02.402485Z] DRIVER_HALTED too many failures
[2026-02-15T21:30:13.517319Z] DRIVER_HALTED: driver previously halted
[2026-02-15T21:30:15.031783Z] DRIVER_HALTED too many failures
[2026-02-15T21:30:15.148508Z] DRIVER_HALTED: driver previously halted
[2026-02-15T21:30:15.883670Z] DRIVER_HALTED: driver previously halted
[2026-02-15T21:30:16.229617Z] DRIVER_HALTED: driver previously halted
[2026-02-15T21:30:18.640088Z] DRIVER_HALTED too many failures
[2026-02-15T21:30:37.180007Z] DRIVER_HALTED too many failures
[2026-02-15T21:30:37.929957Z] DRIVER_HALTED too many failures
[2026-02-15T21:30:48.777924Z] DRIVER_HALTED too many failures
[2026-02-15T21:40:01.576607Z] DRIVER_HALTED: driver previously halted
[2026-02-15T21:40:01.577677Z] DRIVER_HALTED: driver previously halted
[2026-02-15T21:40:01.579370Z] DRIVER_HALTED: driver previously halted
[2026-02-15T21:40:01.625943Z] DRIVER_HALTED: driver previously halted
[2026-02-15T21:40:01.648703Z] DRIVER_HALTED: driver previously halted
[2026-02-15T21:40:01.660787Z] DRIVER_HALTED: driver previously halted
[2026-02-15T21:40:01.684526Z] DRIVER_HALTED: driver previously halted
[2026-02-15T21:40:01.694231Z] DRIVER_HALTED: driver previously halted
[2026-02-15T21:40:01.765849Z] DRIVER_HALTED: driver previously halted
/home/sparky/.openclaw/workspace/tokenguardian/tg-burnin-driver.py:43: DeprecationWarning: datetime.datetime.utcnow() is deprecated and scheduled for removal in a future version. Use timezone-aware objects to represent datetimes in UTC: datetime.datetime.now(datetime.UTC).
  ts = datetime.utcnow().isoformat() + "Z"
[2026-02-15T21:40:01.814405Z] DRIVER_STARTED interval=600s
[2026-02-15T21:40:01.814914Z] DRIVER_HALTED: driver previously halted
[2026-02-15T21:40:02.249703Z] DRIVER_HALTED: driver previously halted
[2026-02-15T21:40:02.263015Z] DRIVER_HALTED: driver previously halted
[2026-02-15T21:40:02.264112Z] DRIVER_HALTED: driver previously halted
[2026-02-15T21:40:02.298337Z] DRIVER_HALTED: driver previously halted
[2026-02-15T21:40:02.360534Z] DRIVER_HALTED: driver previously halted
[2026-02-15T21:40:02.368509Z] DRIVER_HALTED: driver previously halted
[2026-02-15T21:40:02.403365Z] DRIVER_HALTED too many failures
[2026-02-15T21:40:13.518355Z] DRIVER_HALTED: driver previously halted
[2026-02-15T21:40:15.032611Z] DRIVER_HALTED too many failures
[2026-02-15T21:40:15.149372Z] DRIVER_HALTED: driver previously halted
[2026-02-15T21:40:15.884574Z] DRIVER_HALTED: driver previously halted
[2026-02-15T21:40:16.230623Z] DRIVER_HALTED: driver previously halted
[2026-02-15T21:40:18.640953Z] DRIVER_HALTED too many failures
[2026-02-15T21:40:37.189804Z] DRIVER_HALTED too many failures
[2026-02-15T21:40:37.930537Z] DRIVER_HALTED too many failures
[2026-02-15T21:40:48.778593Z] DRIVER_HALTED too many failures
[2026-02-15T21:50:01.577428Z] DRIVER_HALTED: driver previously halted
[2026-02-15T21:50:01.578450Z] DRIVER_HALTED: driver previously halted
[2026-02-15T21:50:01.580022Z] DRIVER_HALTED: driver previously halted
[2026-02-15T21:50:01.628622Z] DRIVER_HALTED: driver previously halted
[2026-02-15T21:50:01.652139Z] DRIVER_HALTED: driver previously halted
[2026-02-15T21:50:01.669660Z] DRIVER_HALTED: driver previously halted
[2026-02-15T21:50:01.689319Z] DRIVER_HALTED: driver previously halted
[2026-02-15T21:50:01.694926Z] DRIVER_HALTED: driver previously halted
[2026-02-15T21:50:01.767025Z] DRIVER_HALTED: driver previously halted
[2026-02-15T21:50:01.836961Z] DRIVER_HALTED: driver previously halted
/home/sparky/.openclaw/workspace/tokenguardian/tg-burnin-driver.py:43: DeprecationWarning: datetime.datetime.utcnow() is deprecated and scheduled for removal in a future version. Use timezone-aware objects to represent datetimes in UTC: datetime.datetime.now(datetime.UTC).
  ts = datetime.utcnow().isoformat() + "Z"
[2026-02-15T21:50:01.841256Z] DRIVER_STARTED interval=600s
[2026-02-15T21:50:01.847699Z] DRIVER_HALTED: driver previously halted
[2026-02-15T21:50:02.250712Z] DRIVER_HALTED: driver previously halted
[2026-02-15T21:50:02.263872Z] DRIVER_HALTED: driver previously halted
[2026-02-15T21:50:02.264833Z] DRIVER_HALTED: driver previously halted
[2026-02-15T21:50:02.299436Z] DRIVER_HALTED: driver previously halted
[2026-02-15T21:50:02.361383Z] DRIVER_HALTED: driver previously halted
[2026-02-15T21:50:02.369418Z] DRIVER_HALTED: driver previously halted
[2026-02-15T21:50:02.406664Z] DRIVER_HALTED too many failures
[2026-02-15T21:50:13.519346Z] DRIVER_HALTED: driver previously halted
[2026-02-15T21:50:15.033385Z] DRIVER_HALTED too many failures
[2026-02-15T21:50:15.150236Z] DRIVER_HALTED: driver previously halted
[2026-02-15T21:50:15.885378Z] DRIVER_HALTED: driver previously halted
[2026-02-15T21:50:16.231448Z] DRIVER_HALTED: driver previously halted
[2026-02-15T21:50:18.641824Z] DRIVER_HALTED too many failures
[2026-02-15T21:50:37.190540Z] DRIVER_HALTED too many failures
[2026-02-15T21:50:37.931414Z] DRIVER_HALTED too many failures
[2026-02-15T21:50:48.779259Z] DRIVER_HALTED too many failures
[2026-02-15T22:00:01.578408Z] DRIVER_HALTED: driver previously halted
[2026-02-15T22:00:01.583927Z] DRIVER_HALTED: driver previously halted
[2026-02-15T22:00:01.595444Z] DRIVER_HALTED: driver previously halted
[2026-02-15T22:00:01.632122Z] DRIVER_HALTED: driver previously halted
[2026-02-15T22:00:01.653828Z] DRIVER_HALTED: driver previously halted
[2026-02-15T22:00:01.671895Z] DRIVER_HALTED: driver previously halted
[2026-02-15T22:00:01.692435Z] DRIVER_HALTED: driver previously halted
[2026-02-15T22:00:01.697572Z] DRIVER_HALTED: driver previously halted
[2026-02-15T22:00:01.768533Z] DRIVER_HALTED: driver previously halted
/home/sparky/.openclaw/workspace/tokenguardian/tg-burnin-driver.py:43: DeprecationWarning: datetime.datetime.utcnow() is deprecated and scheduled for removal in a future version. Use timezone-aware objects to represent datetimes in UTC: datetime.datetime.now(datetime.UTC).
  ts = datetime.utcnow().isoformat() + "Z"
[2026-02-15T22:00:01.781251Z] DRIVER_STARTED interval=600s
[2026-02-15T22:00:01.791381Z] DRIVER_HALTED: driver previously halted
[2026-02-15T22:00:01.837944Z] DRIVER_HALTED: driver previously halted
[2026-02-15T22:00:01.855251Z] DRIVER_HALTED: driver previously halted
[2026-02-15T22:00:02.251840Z] DRIVER_HALTED: driver previously halted
[2026-02-15T22:00:02.264723Z] DRIVER_HALTED: driver previously halted
[2026-02-15T22:00:02.265834Z] DRIVER_HALTED: driver previously halted
[2026-02-15T22:00:02.300284Z] DRIVER_HALTED: driver previously halted
[2026-02-15T22:00:02.363037Z] DRIVER_HALTED: driver previously halted
[2026-02-15T22:00:02.370816Z] DRIVER_HALTED: driver previously halted
[2026-02-15T22:00:02.407627Z] DRIVER_HALTED too many failures
[2026-02-15T22:00:13.520237Z] DRIVER_HALTED: driver previously halted
[2026-02-15T22:00:15.034555Z] DRIVER_HALTED too many failures
[2026-02-15T22:00:15.152339Z] DRIVER_HALTED: driver previously halted
[2026-02-15T22:00:15.886305Z] DRIVER_HALTED: driver previously halted
[2026-02-15T22:00:16.232387Z] DRIVER_HALTED: driver previously halted
[2026-02-15T22:00:18.642770Z] DRIVER_HALTED too many failures
[2026-02-15T22:00:37.191340Z] DRIVER_HALTED too many failures
[2026-02-15T22:00:37.932258Z] DRIVER_HALTED too many failures
[2026-02-15T22:00:48.780001Z] DRIVER_HALTED too many failures
[2026-02-15T22:10:01.579351Z] DRIVER_HALTED: driver previously halted
[2026-02-15T22:10:01.595123Z] DRIVER_HALTED: driver previously halted
[2026-02-15T22:10:01.599859Z] DRIVER_HALTED: driver previously halted
[2026-02-15T22:10:01.633361Z] DRIVER_HALTED: driver previously halted
[2026-02-15T22:10:01.664440Z] DRIVER_HALTED: driver previously halted
[2026-02-15T22:10:01.678549Z] DRIVER_HALTED: driver previously halted
[2026-02-15T22:10:01.693683Z] DRIVER_HALTED: driver previously halted
[2026-02-15T22:10:01.699066Z] DRIVER_HALTED: driver previously halted
[2026-02-15T22:10:01.781397Z] DRIVER_HALTED: driver previously halted
[2026-02-15T22:10:01.795222Z] DRIVER_HALTED: driver previously halted
[2026-02-15T22:10:01.841364Z] DRIVER_HALTED: driver previously halted
[2026-02-15T22:10:01.856423Z] DRIVER_HALTED: driver previously halted
/home/sparky/.openclaw/workspace/tokenguardian/tg-burnin-driver.py:43: DeprecationWarning: datetime.datetime.utcnow() is deprecated and scheduled for removal in a future version. Use timezone-aware objects to represent datetimes in UTC: datetime.datetime.now(datetime.UTC).
  ts = datetime.utcnow().isoformat() + "Z"
[2026-02-15T22:10:01.917105Z] DRIVER_STARTED interval=600s
[2026-02-15T22:10:01.917660Z] DRIVER_HALTED: driver previously halted
[2026-02-15T22:10:02.252829Z] DRIVER_HALTED: driver previously halted
[2026-02-15T22:10:02.265679Z] DRIVER_HALTED: driver previously halted
[2026-02-15T22:10:02.267990Z] DRIVER_HALTED: driver previously halted
[2026-02-15T22:10:02.301124Z] DRIVER_HALTED: driver previously halted
[2026-02-15T22:10:02.363907Z] DRIVER_HALTED: driver previously halted
[2026-02-15T22:10:02.371971Z] DRIVER_HALTED: driver previously halted
[2026-02-15T22:10:02.408651Z] DRIVER_HALTED too many failures
[2026-02-15T22:10:13.521079Z] DRIVER_HALTED: driver previously halted
[2026-02-15T22:10:15.037360Z] DRIVER_HALTED too many failures
[2026-02-15T22:10:15.153425Z] DRIVER_HALTED: driver previously halted
[2026-02-15T22:10:15.887141Z] DRIVER_HALTED: driver previously halted
[2026-02-15T22:10:16.233489Z] DRIVER_HALTED: driver previously halted
[2026-02-15T22:10:18.643555Z] DRIVER_HALTED too many failures
[2026-02-15T22:10:37.192107Z] DRIVER_HALTED too many failures
[2026-02-15T22:10:37.933006Z] DRIVER_HALTED too many failures
[2026-02-15T22:10:48.780700Z] DRIVER_HALTED too many failures
[2026-02-15T22:20:01.585735Z] DRIVER_HALTED: driver previously halted
[2026-02-15T22:20:01.596063Z] DRIVER_HALTED: driver previously halted
[2026-02-15T22:20:01.613137Z] DRIVER_HALTED: driver previously halted
[2026-02-15T22:20:01.634521Z] DRIVER_HALTED: driver previously halted
[2026-02-15T22:20:01.666255Z] DRIVER_HALTED: driver previously halted
[2026-02-15T22:20:01.679521Z] DRIVER_HALTED: driver previously halted
[2026-02-15T22:20:01.694930Z] DRIVER_HALTED: driver previously halted
[2026-02-15T22:20:01.700213Z] DRIVER_HALTED: driver previously halted
[2026-02-15T22:20:01.782727Z] DRIVER_HALTED: driver previously halted
[2026-02-15T22:20:01.800623Z] DRIVER_HALTED: driver previously halted
[2026-02-15T22:20:01.845682Z] DRIVER_HALTED: driver previously halted
[2026-02-15T22:20:01.858809Z] DRIVER_HALTED: driver previously halted
[2026-02-15T22:20:01.920549Z] DRIVER_HALTED: driver previously halted
/home/sparky/.openclaw/workspace/tokenguardian/tg-burnin-driver.py:43: DeprecationWarning: datetime.datetime.utcnow() is deprecated and scheduled for removal in a future version. Use timezone-aware objects to represent datetimes in UTC: datetime.datetime.now(datetime.UTC).
  ts = datetime.utcnow().isoformat() + "Z"
[2026-02-15T22:20:01.936610Z] DRIVER_STARTED interval=600s
[2026-02-15T22:20:01.936983Z] DRIVER_HALTED: driver previously halted
[2026-02-15T22:20:02.253797Z] DRIVER_HALTED: driver previously halted
[2026-02-15T22:20:02.266532Z] DRIVER_HALTED: driver previously halted
[2026-02-15T22:20:02.268991Z] DRIVER_HALTED: driver previously halted
[2026-02-15T22:20:02.302216Z] DRIVER_HALTED: driver previously halted
[2026-02-15T22:20:02.365032Z] DRIVER_HALTED: driver previously halted
[2026-02-15T22:20:02.372857Z] DRIVER_HALTED: driver previously halted
[2026-02-15T22:20:02.409510Z] DRIVER_HALTED too many failures
[2026-02-15T22:20:13.522298Z] DRIVER_HALTED: driver previously halted
[2026-02-15T22:20:15.038132Z] DRIVER_HALTED too many failures
[2026-02-15T22:20:15.154683Z] DRIVER_HALTED: driver previously halted
[2026-02-15T22:20:15.888025Z] DRIVER_HALTED: driver previously halted
[2026-02-15T22:20:16.234428Z] DRIVER_HALTED: driver previously halted
[2026-02-15T22:20:18.644335Z] DRIVER_HALTED too many failures
[2026-02-15T22:20:37.192904Z] DRIVER_HALTED too many failures
[2026-02-15T22:20:37.933711Z] DRIVER_HALTED too many failures
[2026-02-15T22:20:48.781491Z] DRIVER_HALTED too many failures
[2026-02-15T22:30:01.586998Z] DRIVER_HALTED: driver previously halted
[2026-02-15T22:30:01.597143Z] DRIVER_HALTED: driver previously halted
[2026-02-15T22:30:01.614344Z] DRIVER_HALTED: driver previously halted
[2026-02-15T22:30:01.635682Z] DRIVER_HALTED: driver previously halted
[2026-02-15T22:30:01.667098Z] DRIVER_HALTED: driver previously halted
[2026-02-15T22:30:01.680442Z] DRIVER_HALTED: driver previously halted
[2026-02-15T22:30:01.695711Z] DRIVER_HALTED: driver previously halted
[2026-02-15T22:30:01.701487Z] DRIVER_HALTED: driver previously halted
[2026-02-15T22:30:01.784677Z] DRIVER_HALTED: driver previously halted
[2026-02-15T22:30:01.805273Z] DRIVER_HALTED: driver previously halted
[2026-02-15T22:30:01.861485Z] DRIVER_HALTED: driver previously halted
[2026-02-15T22:30:01.873373Z] DRIVER_HALTED: driver previously halted
[2026-02-15T22:30:01.921465Z] DRIVER_HALTED: driver previously halted
[2026-02-15T22:30:01.939516Z] DRIVER_HALTED: driver previously halted
/home/sparky/.openclaw/workspace/tokenguardian/tg-burnin-driver.py:43: DeprecationWarning: datetime.datetime.utcnow() is deprecated and scheduled for removal in a future version. Use timezone-aware objects to represent datetimes in UTC: datetime.datetime.now(datetime.UTC).
  ts = datetime.utcnow().isoformat() + "Z"
[2026-02-15T22:30:01.969903Z] DRIVER_STARTED interval=600s
[2026-02-15T22:30:01.971200Z] DRIVER_HALTED: driver previously halted
[2026-02-15T22:30:02.266032Z] DRIVER_HALTED: driver previously halted
[2026-02-15T22:30:02.280680Z] DRIVER_HALTED: driver previously halted
[2026-02-15T22:30:02.290649Z] DRIVER_HALTED: driver previously halted
[2026-02-15T22:30:02.303235Z] DRIVER_HALTED: driver previously halted
[2026-02-15T22:30:02.366122Z] DRIVER_HALTED: driver previously halted
[2026-02-15T22:30:02.377878Z] DRIVER_HALTED: driver previously halted
[2026-02-15T22:30:02.410772Z] DRIVER_HALTED too many failures
[2026-02-15T22:30:13.523140Z] DRIVER_HALTED: driver previously halted
[2026-02-15T22:30:15.040537Z] DRIVER_HALTED too many failures
[2026-02-15T22:30:15.155688Z] DRIVER_HALTED: driver previously halted
[2026-02-15T22:30:15.888911Z] DRIVER_HALTED: driver previously halted
[2026-02-15T22:30:16.235385Z] DRIVER_HALTED: driver previously halted
[2026-02-15T22:30:18.645135Z] DRIVER_HALTED too many failures
[2026-02-15T22:30:37.193535Z] DRIVER_HALTED too many failures
[2026-02-15T22:30:37.934472Z] DRIVER_HALTED too many failures
[2026-02-15T22:30:48.782377Z] DRIVER_HALTED too many failures
[2026-02-15T22:40:01.587880Z] DRIVER_HALTED: driver previously halted
[2026-02-15T22:40:01.598141Z] DRIVER_HALTED: driver previously halted
[2026-02-15T22:40:01.615502Z] DRIVER_HALTED: driver previously halted
[2026-02-15T22:40:01.638927Z] DRIVER_HALTED: driver previously halted
[2026-02-15T22:40:01.668286Z] DRIVER_HALTED: driver previously halted
[2026-02-15T22:40:01.682732Z] DRIVER_HALTED: driver previously halted
[2026-02-15T22:40:01.696743Z] DRIVER_HALTED: driver previously halted
[2026-02-15T22:40:01.704488Z] DRIVER_HALTED: driver previously halted
[2026-02-15T22:40:01.803558Z] DRIVER_HALTED: driver previously halted
[2026-02-15T22:40:01.806923Z] DRIVER_HALTED: driver previously halted
[2026-02-15T22:40:01.873539Z] DRIVER_HALTED: driver previously halted
[2026-02-15T22:40:01.879239Z] DRIVER_HALTED: driver previously halted
[2026-02-15T22:40:01.930475Z] DRIVER_HALTED: driver previously halted
[2026-02-15T22:40:01.961503Z] DRIVER_HALTED: driver previously halted
[2026-02-15T22:40:01.992815Z] DRIVER_HALTED: driver previously halted
/home/sparky/.openclaw/workspace/tokenguardian/tg-burnin-driver.py:43: DeprecationWarning: datetime.datetime.utcnow() is deprecated and scheduled for removal in a future version. Use timezone-aware objects to represent datetimes in UTC: datetime.datetime.now(datetime.UTC).
  ts = datetime.utcnow().isoformat() + "Z"
[2026-02-15T22:40:01.998986Z] DRIVER_STARTED interval=600s
[2026-02-15T22:40:02.007405Z] DRIVER_HALTED: driver previously halted
[2026-02-15T22:40:02.267094Z] DRIVER_HALTED: driver previously halted
[2026-02-15T22:40:02.281711Z] DRIVER_HALTED: driver previously halted
[2026-02-15T22:40:02.291636Z] DRIVER_HALTED: driver previously halted
[2026-02-15T22:40:02.303968Z] DRIVER_HALTED: driver previously halted
[2026-02-15T22:40:02.374658Z] DRIVER_HALTED: driver previously halted
[2026-02-15T22:40:02.379596Z] DRIVER_HALTED: driver previously halted
[2026-02-15T22:40:02.411632Z] DRIVER_HALTED too many failures
[2026-02-15T22:40:13.524004Z] DRIVER_HALTED: driver previously halted
[2026-02-15T22:40:15.041268Z] DRIVER_HALTED too many failures
[2026-02-15T22:40:15.156584Z] DRIVER_HALTED: driver previously halted
[2026-02-15T22:40:15.889730Z] DRIVER_HALTED: driver previously halted
[2026-02-15T22:40:16.236090Z] DRIVER_HALTED: driver previously halted
[2026-02-15T22:40:18.646135Z] DRIVER_HALTED too many failures
[2026-02-15T22:40:37.194247Z] DRIVER_HALTED too many failures
[2026-02-15T22:40:37.935148Z] DRIVER_HALTED too many failures
[2026-02-15T22:40:48.783092Z] DRIVER_HALTED too many failures
[2026-02-15T22:50:01.588750Z] DRIVER_HALTED: driver previously halted
[2026-02-15T22:50:01.599930Z] DRIVER_HALTED: driver previously halted
[2026-02-15T22:50:01.616740Z] DRIVER_HALTED: driver previously halted
[2026-02-15T22:50:01.640044Z] DRIVER_HALTED: driver previously halted
[2026-02-15T22:50:01.669244Z] DRIVER_HALTED: driver previously halted
[2026-02-15T22:50:01.687373Z] DRIVER_HALTED: driver previously halted
[2026-02-15T22:50:01.697713Z] DRIVER_HALTED: driver previously halted
[2026-02-15T22:50:01.706101Z] DRIVER_HALTED: driver previously halted
[2026-02-15T22:50:01.806823Z] DRIVER_HALTED: driver previously halted
[2026-02-15T22:50:01.807987Z] DRIVER_HALTED: driver previously halted
[2026-02-15T22:50:01.874863Z] DRIVER_HALTED: driver previously halted
[2026-02-15T22:50:01.885444Z] DRIVER_HALTED: driver previously halted
[2026-02-15T22:50:01.932213Z] DRIVER_HALTED: driver previously halted
/home/sparky/.openclaw/workspace/tokenguardian/tg-burnin-driver.py:43: DeprecationWarning: datetime.datetime.utcnow() is deprecated and scheduled for removal in a future version. Use timezone-aware objects to represent datetimes in UTC: datetime.datetime.now(datetime.UTC).
  ts = datetime.utcnow().isoformat() + "Z"
[2026-02-15T22:50:01.952852Z] DRIVER_STARTED interval=600s
[2026-02-15T22:50:01.953400Z] DRIVER_HALTED: driver previously halted
[2026-02-15T22:50:01.977833Z] DRIVER_HALTED: driver previously halted
[2026-02-15T22:50:01.993840Z] DRIVER_HALTED: driver previously halted
[2026-02-15T22:50:02.009997Z] DRIVER_HALTED: driver previously halted
[2026-02-15T22:50:02.268265Z] DRIVER_HALTED: driver previously halted
[2026-02-15T22:50:02.282644Z] DRIVER_HALTED: driver previously halted
[2026-02-15T22:50:02.292567Z] DRIVER_HALTED: driver previously halted
[2026-02-15T22:50:02.304772Z] DRIVER_HALTED: driver previously halted
[2026-02-15T22:50:02.375597Z] DRIVER_HALTED: driver previously halted
[2026-02-15T22:50:02.380910Z] DRIVER_HALTED: driver previously halted
[2026-02-15T22:50:02.412604Z] DRIVER_HALTED too many failures
[2026-02-15T22:50:13.524838Z] DRIVER_HALTED: driver previously halted
[2026-02-15T22:50:15.042022Z] DRIVER_HALTED too many failures
[2026-02-15T22:50:15.157401Z] DRIVER_HALTED: driver previously halted
[2026-02-15T22:50:15.890956Z] DRIVER_HALTED: driver previously halted
[2026-02-15T22:50:16.236824Z] DRIVER_HALTED: driver previously halted
[2026-02-15T22:50:18.647510Z] DRIVER_HALTED too many failures
[2026-02-15T22:50:37.194930Z] DRIVER_HALTED too many failures
[2026-02-15T22:50:37.935879Z] DRIVER_HALTED too many failures
[2026-02-15T22:50:48.783900Z] DRIVER_HALTED too many failures
[2026-02-15T23:00:01.590039Z] DRIVER_HALTED: driver previously halted
[2026-02-15T23:00:01.603032Z] DRIVER_HALTED: driver previously halted
[2026-02-15T23:00:01.622313Z] DRIVER_HALTED: driver previously halted
[2026-02-15T23:00:01.640972Z] DRIVER_HALTED: driver previously halted
[2026-02-15T23:00:01.670505Z] DRIVER_HALTED: driver previously halted
[2026-02-15T23:00:01.688490Z] DRIVER_HALTED: driver previously halted
[2026-02-15T23:00:01.698893Z] DRIVER_HALTED: driver previously halted
[2026-02-15T23:00:01.707425Z] DRIVER_HALTED: driver previously halted
[2026-02-15T23:00:01.816584Z] DRIVER_HALTED: driver previously halted
[2026-02-15T23:00:01.818580Z] DRIVER_HALTED: driver previously halted
[2026-02-15T23:00:01.875637Z] DRIVER_HALTED: driver previously halted
[2026-02-15T23:00:01.887719Z] DRIVER_HALTED: driver previously halted
[2026-02-15T23:00:01.933146Z] DRIVER_HALTED: driver previously halted
[2026-02-15T23:00:01.954721Z] DRIVER_HALTED: driver previously halted
[2026-02-15T23:00:01.979422Z] DRIVER_HALTED: driver previously halted
[2026-02-15T23:00:01.999566Z] DRIVER_HALTED: driver previously halted
[2026-02-15T23:00:02.012565Z] DRIVER_HALTED: driver previously halted
/home/sparky/.openclaw/workspace/tokenguardian/tg-burnin-driver.py:43: DeprecationWarning: datetime.datetime.utcnow() is deprecated and scheduled for removal in a future version. Use timezone-aware objects to represent datetimes in UTC: datetime.datetime.now(datetime.UTC).
  ts = datetime.utcnow().isoformat() + "Z"
[2026-02-15T23:00:02.013425Z] DRIVER_STARTED interval=600s
[2026-02-15T23:00:02.027572Z] DRIVER_HALTED: driver previously halted
[2026-02-15T23:00:02.269994Z] DRIVER_HALTED: driver previously halted
[2026-02-15T23:00:02.295594Z] DRIVER_HALTED: driver previously halted
[2026-02-15T23:00:02.298008Z] DRIVER_HALTED: driver previously halted
[2026-02-15T23:00:02.305599Z] DRIVER_HALTED: driver previously halted
[2026-02-15T23:00:02.376357Z] DRIVER_HALTED: driver previously halted
[2026-02-15T23:00:02.381712Z] DRIVER_HALTED: driver previously halted
[2026-02-15T23:00:02.413339Z] DRIVER_HALTED too many failures
[2026-02-15T23:00:13.525664Z] DRIVER_HALTED: driver previously halted
[2026-02-15T23:00:15.046408Z] DRIVER_HALTED too many failures
[2026-02-15T23:00:15.158463Z] DRIVER_HALTED: driver previously halted
[2026-02-15T23:00:15.892095Z] DRIVER_HALTED: driver previously halted
[2026-02-15T23:00:16.237699Z] DRIVER_HALTED: driver previously halted
[2026-02-15T23:00:18.648387Z] DRIVER_HALTED too many failures
[2026-02-15T23:00:37.195725Z] DRIVER_HALTED too many failures
[2026-02-15T23:00:37.936527Z] DRIVER_HALTED too many failures
[2026-02-15T23:00:48.784653Z] DRIVER_HALTED too many failures
[2026-02-15T23:10:01.591634Z] DRIVER_HALTED: driver previously halted
[2026-02-15T23:10:01.604198Z] DRIVER_HALTED: driver previously halted
/home/sparky/.openclaw/workspace/tokenguardian/tg-burnin-driver.py:43: DeprecationWarning: datetime.datetime.utcnow() is deprecated and scheduled for removal in a future version. Use timezone-aware objects to represent datetimes in UTC: datetime.datetime.now(datetime.UTC).
  ts = datetime.utcnow().isoformat() + "Z"
[2026-02-15T23:10:01.612890Z] DRIVER_STARTED interval=600s
[2026-02-15T23:10:01.613485Z] DRIVER_HALTED: driver previously halted
[2026-02-15T23:10:01.623408Z] DRIVER_HALTED: driver previously halted
[2026-02-15T23:10:01.641965Z] DRIVER_HALTED: driver previously halted
[2026-02-15T23:10:01.671660Z] DRIVER_HALTED: driver previously halted
[2026-02-15T23:10:01.691505Z] DRIVER_HALTED: driver previously halted
[2026-02-15T23:10:01.700010Z] DRIVER_HALTED: driver previously halted
[2026-02-15T23:10:01.708505Z] DRIVER_HALTED: driver previously halted
[2026-02-15T23:10:01.817918Z] DRIVER_HALTED: driver previously halted
[2026-02-15T23:10:01.829689Z] DRIVER_HALTED: driver previously halted
[2026-02-15T23:10:01.876615Z] DRIVER_HALTED: driver previously halted
[2026-02-15T23:10:01.909462Z] DRIVER_HALTED: driver previously halted
[2026-02-15T23:10:01.942380Z] DRIVER_HALTED: driver previously halted
[2026-02-15T23:10:01.957878Z] DRIVER_HALTED: driver previously halted
[2026-02-15T23:10:01.980461Z] DRIVER_HALTED: driver previously halted
[2026-02-15T23:10:02.000424Z] DRIVER_HALTED: driver previously halted
[2026-02-15T23:10:02.013439Z] DRIVER_HALTED: driver previously halted
[2026-02-15T23:10:02.028789Z] DRIVER_HALTED: driver previously halted
[2026-02-15T23:10:02.270826Z] DRIVER_HALTED: driver previously halted
[2026-02-15T23:10:02.296559Z] DRIVER_HALTED: driver previously halted
[2026-02-15T23:10:02.301416Z] DRIVER_HALTED: driver previously halted
[2026-02-15T23:10:02.308111Z] DRIVER_HALTED: driver previously halted
[2026-02-15T23:10:02.377281Z] DRIVER_HALTED: driver previously halted
[2026-02-15T23:10:02.382647Z] DRIVER_HALTED: driver previously halted
[2026-02-15T23:10:02.414127Z] DRIVER_HALTED too many failures
[2026-02-15T23:10:13.526467Z] DRIVER_HALTED: driver previously halted
[2026-02-15T23:10:15.047376Z] DRIVER_HALTED too many failures
[2026-02-15T23:10:15.159474Z] DRIVER_HALTED: driver previously halted
[2026-02-15T23:10:15.892995Z] DRIVER_HALTED: driver previously halted
[2026-02-15T23:10:16.239058Z] DRIVER_HALTED: driver previously halted
[2026-02-15T23:10:18.649218Z] DRIVER_HALTED too many failures
[2026-02-15T23:10:37.196456Z] DRIVER_HALTED too many failures
[2026-02-15T23:10:37.937111Z] DRIVER_HALTED too many failures
[2026-02-15T23:10:48.785347Z] DRIVER_HALTED too many failures
[2026-02-15T23:20:01.592737Z] DRIVER_HALTED: driver previously halted
[2026-02-15T23:20:01.610125Z] DRIVER_HALTED: driver previously halted
[2026-02-15T23:20:01.615702Z] DRIVER_HALTED: driver previously halted
[2026-02-15T23:20:01.627372Z] DRIVER_HALTED: driver previously halted
[2026-02-15T23:20:01.643588Z] DRIVER_HALTED: driver previously halted
/home/sparky/.openclaw/workspace/tokenguardian/tg-burnin-driver.py:43: DeprecationWarning: datetime.datetime.utcnow() is deprecated and scheduled for removal in a future version. Use timezone-aware objects to represent datetimes in UTC: datetime.datetime.now(datetime.UTC).
  ts = datetime.utcnow().isoformat() + "Z"
[2026-02-15T23:20:01.651766Z] DRIVER_STARTED interval=600s
[2026-02-15T23:20:01.652346Z] DRIVER_HALTED: driver previously halted
[2026-02-15T23:20:01.672616Z] DRIVER_HALTED: driver previously halted
[2026-02-15T23:20:01.696591Z] DRIVER_HALTED: driver previously halted
[2026-02-15T23:20:01.702632Z] DRIVER_HALTED: driver previously halted
[2026-02-15T23:20:01.709398Z] DRIVER_HALTED: driver previously halted
[2026-02-15T23:20:01.818668Z] DRIVER_HALTED: driver previously halted
[2026-02-15T23:20:01.831120Z] DRIVER_HALTED: driver previously halted
[2026-02-15T23:20:01.877724Z] DRIVER_HALTED: driver previously halted
[2026-02-15T23:20:01.910547Z] DRIVER_HALTED: driver previously halted
[2026-02-15T23:20:01.943283Z] DRIVER_HALTED: driver previously halted
[2026-02-15T23:20:01.958749Z] DRIVER_HALTED: driver previously halted
[2026-02-15T23:20:01.981341Z] DRIVER_HALTED: driver previously halted
[2026-02-15T23:20:02.001730Z] DRIVER_HALTED: driver previously halted
[2026-02-15T23:20:02.014362Z] DRIVER_HALTED: driver previously halted
[2026-02-15T23:20:02.029788Z] DRIVER_HALTED: driver previously halted
[2026-02-15T23:20:02.271627Z] DRIVER_HALTED: driver previously halted
[2026-02-15T23:20:02.297622Z] DRIVER_HALTED: driver previously halted
[2026-02-15T23:20:02.302477Z] DRIVER_HALTED: driver previously halted
[2026-02-15T23:20:02.309704Z] DRIVER_HALTED: driver previously halted
[2026-02-15T23:20:02.378415Z] DRIVER_HALTED: driver previously halted
[2026-02-15T23:20:02.383629Z] DRIVER_HALTED: driver previously halted
[2026-02-15T23:20:02.415205Z] DRIVER_HALTED too many failures
[2026-02-15T23:20:13.527375Z] DRIVER_HALTED: driver previously halted
[2026-02-15T23:20:15.049234Z] DRIVER_HALTED too many failures
[2026-02-15T23:20:15.160260Z] DRIVER_HALTED: driver previously halted
[2026-02-15T23:20:15.893814Z] DRIVER_HALTED: driver previously halted
[2026-02-15T23:20:16.239920Z] DRIVER_HALTED: driver previously halted
[2026-02-15T23:20:18.649979Z] DRIVER_HALTED too many failures
[2026-02-15T23:20:37.197295Z] DRIVER_HALTED too many failures
[2026-02-15T23:20:37.937718Z] DRIVER_HALTED too many failures
[2026-02-15T23:20:48.786000Z] DRIVER_HALTED too many failures
[2026-02-15T23:30:01.593411Z] DRIVER_HALTED: driver previously halted
[2026-02-15T23:30:01.612059Z] DRIVER_HALTED: driver previously halted
[2026-02-15T23:30:01.616565Z] DRIVER_HALTED: driver previously halted
[2026-02-15T23:30:01.629664Z] DRIVER_HALTED: driver previously halted
[2026-02-15T23:30:01.644291Z] DRIVER_HALTED: driver previously halted
[2026-02-15T23:30:01.654575Z] DRIVER_HALTED: driver previously halted
/home/sparky/.openclaw/workspace/tokenguardian/tg-burnin-driver.py:43: DeprecationWarning: datetime.datetime.utcnow() is deprecated and scheduled for removal in a future version. Use timezone-aware objects to represent datetimes in UTC: datetime.datetime.now(datetime.UTC).
  ts = datetime.utcnow().isoformat() + "Z"
[2026-02-15T23:30:01.657749Z] DRIVER_STARTED interval=600s
[2026-02-15T23:30:01.658315Z] DRIVER_HALTED: driver previously halted
[2026-02-15T23:30:01.685357Z] DRIVER_HALTED: driver previously halted
[2026-02-15T23:30:01.697734Z] DRIVER_HALTED: driver previously halted
[2026-02-15T23:30:01.703507Z] DRIVER_HALTED: driver previously halted
[2026-02-15T23:30:01.710652Z] DRIVER_HALTED: driver previously halted
[2026-02-15T23:30:01.819579Z] DRIVER_HALTED: driver previously halted
[2026-02-15T23:30:01.831917Z] DRIVER_HALTED: driver previously halted
[2026-02-15T23:30:01.903306Z] DRIVER_HALTED: driver previously halted
[2026-02-15T23:30:01.918700Z] DRIVER_HALTED: driver previously halted
[2026-02-15T23:30:01.944091Z] DRIVER_HALTED: driver previously halted
[2026-02-15T23:30:01.959660Z] DRIVER_HALTED: driver previously halted
[2026-02-15T23:30:01.982625Z] DRIVER_HALTED: driver previously halted
[2026-02-15T23:30:02.002609Z] DRIVER_HALTED: driver previously halted
[2026-02-15T23:30:02.016706Z] DRIVER_HALTED: driver previously halted
[2026-02-15T23:30:02.030551Z] DRIVER_HALTED: driver previously halted
[2026-02-15T23:30:02.276611Z] DRIVER_HALTED: driver previously halted
[2026-02-15T23:30:02.298957Z] DRIVER_HALTED: driver previously halted
[2026-02-15T23:30:02.303144Z] DRIVER_HALTED: driver previously halted
[2026-02-15T23:30:02.311659Z] DRIVER_HALTED: driver previously halted
[2026-02-15T23:30:02.381125Z] DRIVER_HALTED: driver previously halted
[2026-02-15T23:30:02.385812Z] DRIVER_HALTED: driver previously halted
[2026-02-15T23:30:02.431344Z] DRIVER_HALTED too many failures
[2026-02-15T23:30:13.528371Z] DRIVER_HALTED: driver previously halted
[2026-02-15T23:30:15.052760Z] DRIVER_HALTED too many failures
[2026-02-15T23:30:15.161080Z] DRIVER_HALTED: driver previously halted
[2026-02-15T23:30:15.894680Z] DRIVER_HALTED: driver previously halted
[2026-02-15T23:30:16.240861Z] DRIVER_HALTED: driver previously halted
[2026-02-15T23:30:18.651114Z] DRIVER_HALTED too many failures
[2026-02-15T23:30:37.197898Z] DRIVER_HALTED too many failures
[2026-02-15T23:30:37.938507Z] DRIVER_HALTED too many failures
[2026-02-15T23:30:48.786755Z] DRIVER_HALTED too many failures
[2026-02-15T23:40:01.594619Z] DRIVER_HALTED: driver previously halted
[2026-02-15T23:40:01.615350Z] DRIVER_HALTED: driver previously halted
[2026-02-15T23:40:01.618627Z] DRIVER_HALTED: driver previously halted
[2026-02-15T23:40:01.630654Z] DRIVER_HALTED: driver previously halted
[2026-02-15T23:40:01.650260Z] DRIVER_HALTED: driver previously halted
[2026-02-15T23:40:01.660540Z] DRIVER_HALTED: driver previously halted
[2026-02-15T23:40:01.663307Z] DRIVER_HALTED: driver previously halted
[2026-02-15T23:40:01.686425Z] DRIVER_HALTED: driver previously halted
[2026-02-15T23:40:01.698711Z] DRIVER_HALTED: driver previously halted
[2026-02-15T23:40:01.704626Z] DRIVER_HALTED: driver previously halted
[2026-02-15T23:40:01.711593Z] DRIVER_HALTED: driver previously halted
/home/sparky/.openclaw/workspace/tokenguardian/tg-burnin-driver.py:43: DeprecationWarning: datetime.datetime.utcnow() is deprecated and scheduled for removal in a future version. Use timezone-aware objects to represent datetimes in UTC: datetime.datetime.now(datetime.UTC).
  ts = datetime.utcnow().isoformat() + "Z"
[2026-02-15T23:40:01.765519Z] DRIVER_STARTED interval=600s
[2026-02-15T23:40:01.766084Z] DRIVER_HALTED: driver previously halted
[2026-02-15T23:40:01.820422Z] DRIVER_HALTED: driver previously halted
[2026-02-15T23:40:01.832698Z] DRIVER_HALTED: driver previously halted
[2026-02-15T23:40:01.904258Z] DRIVER_HALTED: driver previously halted
[2026-02-15T23:40:01.919785Z] DRIVER_HALTED: driver previously halted
[2026-02-15T23:40:01.945029Z] DRIVER_HALTED: driver previously halted
[2026-02-15T23:40:01.960533Z] DRIVER_HALTED: driver previously halted
[2026-02-15T23:40:01.983745Z] DRIVER_HALTED: driver previously halted
[2026-02-15T23:40:02.003702Z] DRIVER_HALTED: driver previously halted
[2026-02-15T23:40:02.017707Z] DRIVER_HALTED: driver previously halted
[2026-02-15T23:40:02.031647Z] DRIVER_HALTED: driver previously halted
[2026-02-15T23:40:02.277632Z] DRIVER_HALTED: driver previously halted
[2026-02-15T23:40:02.299885Z] DRIVER_HALTED: driver previously halted
[2026-02-15T23:40:02.304288Z] DRIVER_HALTED: driver previously halted
[2026-02-15T23:40:02.312478Z] DRIVER_HALTED: driver previously halted
[2026-02-15T23:40:02.382295Z] DRIVER_HALTED: driver previously halted
[2026-02-15T23:40:02.386897Z] DRIVER_HALTED: driver previously halted
[2026-02-15T23:40:02.432472Z] DRIVER_HALTED too many failures
[2026-02-15T23:40:13.531117Z] DRIVER_HALTED: driver previously halted
[2026-02-15T23:40:15.053584Z] DRIVER_HALTED too many failures
[2026-02-15T23:40:15.161939Z] DRIVER_HALTED: driver previously halted
[2026-02-15T23:40:15.896148Z] DRIVER_HALTED: driver previously halted
[2026-02-15T23:40:16.241799Z] DRIVER_HALTED: driver previously halted
[2026-02-15T23:40:18.652081Z] DRIVER_HALTED too many failures
[2026-02-15T23:40:37.198639Z] DRIVER_HALTED too many failures
[2026-02-15T23:40:37.939244Z] DRIVER_HALTED too many failures
[2026-02-15T23:40:48.787457Z] DRIVER_HALTED too many failures
[2026-02-15T23:50:01.595555Z] DRIVER_HALTED: driver previously halted
[2026-02-15T23:50:01.625886Z] DRIVER_HALTED: driver previously halted
[2026-02-15T23:50:01.631245Z] DRIVER_HALTED: driver previously halted
[2026-02-15T23:50:01.632220Z] DRIVER_HALTED: driver previously halted
[2026-02-15T23:50:01.657991Z] DRIVER_HALTED: driver previously halted
[2026-02-15T23:50:01.670256Z] DRIVER_HALTED: driver previously halted
[2026-02-15T23:50:01.679717Z] DRIVER_HALTED: driver previously halted
[2026-02-15T23:50:01.687859Z] DRIVER_HALTED: driver previously halted
[2026-02-15T23:50:01.701607Z] DRIVER_HALTED: driver previously halted
[2026-02-15T23:50:01.706548Z] DRIVER_HALTED: driver previously halted
[2026-02-15T23:50:01.712549Z] DRIVER_HALTED: driver previously halted
[2026-02-15T23:50:01.789805Z] DRIVER_HALTED: driver previously halted
/home/sparky/.openclaw/workspace/tokenguardian/tg-burnin-driver.py:43: DeprecationWarning: datetime.datetime.utcnow() is deprecated and scheduled for removal in a future version. Use timezone-aware objects to represent datetimes in UTC: datetime.datetime.now(datetime.UTC).
  ts = datetime.utcnow().isoformat() + "Z"
[2026-02-15T23:50:01.809702Z] DRIVER_STARTED interval=600s
[2026-02-15T23:50:01.810277Z] DRIVER_HALTED: driver previously halted
[2026-02-15T23:50:01.821346Z] DRIVER_HALTED: driver previously halted
[2026-02-15T23:50:01.833807Z] DRIVER_HALTED: driver previously halted
[2026-02-15T23:50:01.905410Z] DRIVER_HALTED: driver previously halted
[2026-02-15T23:50:01.920823Z] DRIVER_HALTED: driver previously halted
[2026-02-15T23:50:01.946054Z] DRIVER_HALTED: driver previously halted
[2026-02-15T23:50:01.961558Z] DRIVER_HALTED: driver previously halted
[2026-02-15T23:50:01.984806Z] DRIVER_HALTED: driver previously halted
[2026-02-15T23:50:02.005443Z] DRIVER_HALTED: driver previously halted
[2026-02-15T23:50:02.018673Z] DRIVER_HALTED: driver previously halted
[2026-02-15T23:50:02.032555Z] DRIVER_HALTED: driver previously halted
[2026-02-15T23:50:02.278693Z] DRIVER_HALTED: driver previously halted
[2026-02-15T23:50:02.301001Z] DRIVER_HALTED: driver previously halted
[2026-02-15T23:50:02.305428Z] DRIVER_HALTED: driver previously halted
[2026-02-15T23:50:02.313557Z] DRIVER_HALTED: driver previously halted
[2026-02-15T23:50:02.383234Z] DRIVER_HALTED: driver previously halted
[2026-02-15T23:50:02.387706Z] DRIVER_HALTED: driver previously halted
[2026-02-15T23:50:02.433437Z] DRIVER_HALTED too many failures
[2026-02-15T23:50:13.532349Z] DRIVER_HALTED: driver previously halted
[2026-02-15T23:50:15.056640Z] DRIVER_HALTED too many failures
[2026-02-15T23:50:15.162733Z] DRIVER_HALTED: driver previously halted
[2026-02-15T23:50:15.897216Z] DRIVER_HALTED: driver previously halted
[2026-02-15T23:50:16.243294Z] DRIVER_HALTED: driver previously halted
[2026-02-15T23:50:18.652976Z] DRIVER_HALTED too many failures
[2026-02-15T23:50:37.199320Z] DRIVER_HALTED too many failures
[2026-02-15T23:50:37.939892Z] DRIVER_HALTED too many failures
[2026-02-15T23:50:48.788214Z] DRIVER_HALTED too many failures
[2026-02-16T00:00:01.596409Z] DRIVER_HALTED: driver previously halted
[2026-02-16T00:00:01.631597Z] DRIVER_HALTED: driver previously halted
[2026-02-16T00:00:01.633424Z] DRIVER_HALTED: driver previously halted
[2026-02-16T00:00:01.634583Z] DRIVER_HALTED: driver previously halted
[2026-02-16T00:00:01.660553Z] DRIVER_HALTED: driver previously halted
[2026-02-16T00:00:01.676621Z] DRIVER_HALTED: driver previously halted
[2026-02-16T00:00:01.692360Z] DRIVER_HALTED: driver previously halted
[2026-02-16T00:00:01.693687Z] DRIVER_HALTED: driver previously halted
[2026-02-16T00:00:01.703044Z] DRIVER_HALTED: driver previously halted
[2026-02-16T00:00:01.713970Z] DRIVER_HALTED: driver previously halted
[2026-02-16T00:00:01.732332Z] DRIVER_HALTED: driver previously halted
[2026-02-16T00:00:01.796672Z] DRIVER_HALTED: driver previously halted
[2026-02-16T00:00:01.834844Z] DRIVER_SKIPPED lock held
[2026-02-16T00:00:01.820033Z] DRIVER_HALTED: driver previously halted
[2026-02-16T00:00:01.845677Z] DRIVER_HALTED: driver previously halted
[2026-02-16T00:00:01.909034Z] DRIVER_HALTED: driver previously halted
[2026-02-16T00:00:01.923524Z] DRIVER_HALTED: driver previously halted
[2026-02-16T00:00:01.955586Z] DRIVER_HALTED: driver previously halted
[2026-02-16T00:00:01.963614Z] DRIVER_HALTED: driver previously halted
[2026-02-16T00:00:02.030580Z] DRIVER_HALTED: driver previously halted
[2026-02-16T00:00:02.044545Z] DRIVER_HALTED: driver previously halted
[2026-02-16T00:00:02.045554Z] DRIVER_HALTED: driver previously halted
[2026-02-16T00:00:02.046140Z] DRIVER_HALTED: driver previously halted
/home/sparky/.openclaw/workspace/tokenguardian/tg-burnin-driver.py:43: DeprecationWarning: datetime.datetime.utcnow() is deprecated and scheduled for removal in a future version. Use timezone-aware objects to represent datetimes in UTC: datetime.datetime.now(datetime.UTC).
  ts = datetime.utcnow().isoformat() + "Z"
[2026-02-16T00:00:02.092053Z] DRIVER_STARTED interval=600s
[2026-02-16T00:00:02.102701Z] DRIVER_HALTED: driver previously halted
[2026-02-16T00:00:02.279593Z] DRIVER_HALTED: driver previously halted
[2026-02-16T00:00:02.339539Z] DRIVER_HALTED: driver previously halted
[2026-02-16T00:00:02.382671Z] DRIVER_HALTED: driver previously halted
[2026-02-16T00:00:02.387111Z] DRIVER_HALTED: driver previously halted
[2026-02-16T00:00:02.396584Z] DRIVER_HALTED: driver previously halted
[2026-02-16T00:00:02.398435Z] DRIVER_HALTED: driver previously halted
[2026-02-16T00:00:02.455986Z] DRIVER_HALTED too many failures
[2026-02-16T00:00:13.533140Z] DRIVER_HALTED: driver previously halted
[2026-02-16T00:00:15.057591Z] DRIVER_HALTED too many failures
[2026-02-16T00:00:15.164451Z] DRIVER_HALTED: driver previously halted
[2026-02-16T00:00:15.898065Z] DRIVER_HALTED: driver previously halted
[2026-02-16T00:00:16.245079Z] DRIVER_HALTED: driver previously halted
[2026-02-16T00:00:18.653737Z] DRIVER_HALTED too many failures
[2026-02-16T00:00:37.200048Z] DRIVER_HALTED too many failures
[2026-02-16T00:00:37.940702Z] DRIVER_HALTED too many failures
[2026-02-16T00:00:48.788957Z] DRIVER_HALTED too many failures
[2026-02-16T00:10:01.597508Z] DRIVER_HALTED: driver previously halted
/home/sparky/.openclaw/workspace/tokenguardian/tg-burnin-driver.py:43: DeprecationWarning: datetime.datetime.utcnow() is deprecated and scheduled for removal in a future version. Use timezone-aware objects to represent datetimes in UTC: datetime.datetime.now(datetime.UTC).
  ts = datetime.utcnow().isoformat() + "Z"
[2026-02-16T00:10:01.628942Z] DRIVER_STARTED interval=600s
[2026-02-16T00:10:01.629478Z] DRIVER_HALTED: driver previously halted
[2026-02-16T00:10:01.638973Z] DRIVER_HALTED: driver previously halted
[2026-02-16T00:10:01.640043Z] DRIVER_HALTED: driver previously halted
[2026-02-16T00:10:01.646741Z] DRIVER_HALTED: driver previously halted
[2026-02-16T00:10:01.667013Z] DRIVER_HALTED: driver previously halted
[2026-02-16T00:10:01.685885Z] DRIVER_HALTED: driver previously halted
[2026-02-16T00:10:01.693479Z] DRIVER_HALTED: driver previously halted
[2026-02-16T00:10:01.694567Z] DRIVER_HALTED: driver previously halted
[2026-02-16T00:10:01.706017Z] DRIVER_HALTED: driver previously halted
[2026-02-16T00:10:01.715043Z] DRIVER_HALTED: driver previously halted
[2026-02-16T00:10:01.733089Z] DRIVER_HALTED: driver previously halted
[2026-02-16T00:10:01.797789Z] DRIVER_HALTED: driver previously halted
[2026-02-16T00:10:01.835692Z] DRIVER_HALTED: driver previously halted
[2026-02-16T00:10:01.846062Z] DRIVER_SKIPPED lock held
[2026-02-16T00:10:01.846350Z] DRIVER_HALTED: driver previously halted
[2026-02-16T00:10:01.909885Z] DRIVER_HALTED: driver previously halted
[2026-02-16T00:10:01.924324Z] DRIVER_HALTED: driver previously halted
[2026-02-16T00:10:01.956670Z] DRIVER_HALTED: driver previously halted
[2026-02-16T00:10:01.964509Z] DRIVER_HALTED: driver previously halted
[2026-02-16T00:10:02.045603Z] DRIVER_HALTED: driver previously halted
[2026-02-16T00:10:02.047985Z] DRIVER_HALTED: driver previously halted
[2026-02-16T00:10:02.051087Z] DRIVER_HALTED: driver previously halted
[2026-02-16T00:10:02.070664Z] DRIVER_HALTED: driver previously halted
[2026-02-16T00:10:02.103605Z] DRIVER_HALTED: driver previously halted
[2026-02-16T00:10:02.293343Z] DRIVER_HALTED: driver previously halted
[2026-02-16T00:10:02.340368Z] DRIVER_HALTED: driver previously halted
[2026-02-16T00:10:02.383507Z] DRIVER_HALTED: driver previously halted
[2026-02-16T00:10:02.387935Z] DRIVER_HALTED: driver previously halted
[2026-02-16T00:10:02.397519Z] DRIVER_HALTED: driver previously halted
[2026-02-16T00:10:02.399330Z] DRIVER_HALTED: driver previously halted
[2026-02-16T00:10:02.477650Z] DRIVER_HALTED too many failures
[2026-02-16T00:10:13.534031Z] DRIVER_HALTED: driver previously halted
[2026-02-16T00:10:15.058345Z] DRIVER_HALTED too many failures
[2026-02-16T00:10:15.165272Z] DRIVER_HALTED: driver previously halted
[2026-02-16T00:10:15.898770Z] DRIVER_HALTED: driver previously halted
[2026-02-16T00:10:16.245987Z] DRIVER_HALTED: driver previously halted
[2026-02-16T00:10:18.654618Z] DRIVER_HALTED too many failures
[2026-02-16T00:10:37.200864Z] DRIVER_HALTED too many failures
[2026-02-16T00:10:37.941735Z] DRIVER_HALTED too many failures
[2026-02-16T00:10:48.789753Z] DRIVER_HALTED too many failures
[2026-02-16T00:20:01.615236Z] DRIVER_HALTED: driver previously halted
[2026-02-16T00:20:01.632285Z] DRIVER_HALTED: driver previously halted
[2026-02-16T00:20:01.639798Z] DRIVER_HALTED: driver previously halted
[2026-02-16T00:20:01.640772Z] DRIVER_HALTED: driver previously halted
[2026-02-16T00:20:01.650549Z] DRIVER_HALTED: driver previously halted
[2026-02-16T00:20:01.685718Z] DRIVER_HALTED: driver previously halted
[2026-02-16T00:20:01.689562Z] DRIVER_HALTED: driver previously halted
[2026-02-16T00:20:01.704520Z] DRIVER_HALTED: driver previously halted
[2026-02-16T00:20:01.705265Z] DRIVER_HALTED: driver previously halted
[2026-02-16T00:20:01.715104Z] DRIVER_HALTED: driver previously halted
[2026-02-16T00:20:01.719648Z] DRIVER_HALTED: driver previously halted
[2026-02-16T00:20:01.734708Z] DRIVER_HALTED: driver previously halted
[2026-02-16T00:20:01.798574Z] DRIVER_HALTED: driver previously halted
/home/sparky/.openclaw/workspace/tokenguardian/tg-burnin-driver.py:43: DeprecationWarning: datetime.datetime.utcnow() is deprecated and scheduled for removal in a future version. Use timezone-aware objects to represent datetimes in UTC: datetime.datetime.now(datetime.UTC).
  ts = datetime.utcnow().isoformat() + "Z"
[2026-02-16T00:20:01.825214Z] DRIVER_STARTED interval=600s
[2026-02-16T00:20:01.825738Z] DRIVER_HALTED: driver previously halted
[2026-02-16T00:20:01.836680Z] DRIVER_HALTED: driver previously halted
[2026-02-16T00:20:01.847299Z] DRIVER_HALTED: driver previously halted
[2026-02-16T00:20:01.860788Z] DRIVER_HALTED: driver previously halted
[2026-02-16T00:20:01.911274Z] DRIVER_HALTED: driver previously halted
[2026-02-16T00:20:01.925455Z] DRIVER_HALTED: driver previously halted
[2026-02-16T00:20:01.957622Z] DRIVER_HALTED: driver previously halted
[2026-02-16T00:20:01.965597Z] DRIVER_HALTED: driver previously halted
[2026-02-16T00:20:02.047690Z] DRIVER_HALTED: driver previously halted
[2026-02-16T00:20:02.048979Z] DRIVER_HALTED: driver previously halted
[2026-02-16T00:20:02.052008Z] DRIVER_HALTED: driver previously halted
[2026-02-16T00:20:02.071660Z] DRIVER_HALTED: driver previously halted
[2026-02-16T00:20:02.104722Z] DRIVER_HALTED: driver previously halted
[2026-02-16T00:20:02.294390Z] DRIVER_HALTED: driver previously halted
[2026-02-16T00:20:02.341315Z] DRIVER_HALTED: driver previously halted
[2026-02-16T00:20:02.384393Z] DRIVER_HALTED: driver previously halted
[2026-02-16T00:20:02.388762Z] DRIVER_HALTED: driver previously halted
[2026-02-16T00:20:02.398444Z] DRIVER_HALTED: driver previously halted
[2026-02-16T00:20:02.400007Z] DRIVER_HALTED: driver previously halted
[2026-02-16T00:20:02.478673Z] DRIVER_HALTED too many failures
[2026-02-16T00:20:13.534912Z] DRIVER_HALTED: driver previously halted
[2026-02-16T00:20:15.058944Z] DRIVER_HALTED too many failures
[2026-02-16T00:20:15.166046Z] DRIVER_HALTED: driver previously halted
[2026-02-16T00:20:15.899449Z] DRIVER_HALTED: driver previously halted
[2026-02-16T00:20:16.247049Z] DRIVER_HALTED: driver previously halted
[2026-02-16T00:20:18.655467Z] DRIVER_HALTED too many failures
[2026-02-16T00:20:37.201573Z] DRIVER_HALTED too many failures
[2026-02-16T00:20:37.942459Z] DRIVER_HALTED too many failures
[2026-02-16T00:20:48.790494Z] DRIVER_HALTED too many failures
[2026-02-16T00:30:01.616121Z] DRIVER_HALTED: driver previously halted
[2026-02-16T00:30:01.633095Z] DRIVER_HALTED: driver previously halted
[2026-02-16T00:30:01.640650Z] DRIVER_HALTED: driver previously halted
[2026-02-16T00:30:01.642896Z] DRIVER_HALTED: driver previously halted
[2026-02-16T00:30:01.651250Z] DRIVER_HALTED: driver previously halted
[2026-02-16T00:30:01.686420Z] DRIVER_HALTED: driver previously halted
[2026-02-16T00:30:01.691558Z] DRIVER_HALTED: driver previously halted
[2026-02-16T00:30:01.707672Z] DRIVER_HALTED: driver previously halted
[2026-02-16T00:30:01.708865Z] DRIVER_HALTED: driver previously halted
[2026-02-16T00:30:01.717104Z] DRIVER_HALTED: driver previously halted
[2026-02-16T00:30:01.722243Z] DRIVER_HALTED: driver previously halted
[2026-02-16T00:30:01.736689Z] DRIVER_HALTED: driver previously halted
/home/sparky/.openclaw/workspace/tokenguardian/tg-burnin-driver.py:43: DeprecationWarning: datetime.datetime.utcnow() is deprecated and scheduled for removal in a future version. Use timezone-aware objects to represent datetimes in UTC: datetime.datetime.now(datetime.UTC).
  ts = datetime.utcnow().isoformat() + "Z"
[2026-02-16T00:30:01.794040Z] DRIVER_STARTED interval=600s
[2026-02-16T00:30:01.794859Z] DRIVER_HALTED: driver previously halted
[2026-02-16T00:30:01.801687Z] DRIVER_HALTED: driver previously halted
[2026-02-16T00:30:01.826680Z] DRIVER_HALTED: driver previously halted
[2026-02-16T00:30:01.841979Z] DRIVER_HALTED: driver previously halted
[2026-02-16T00:30:01.851002Z] DRIVER_HALTED: driver previously halted
[2026-02-16T00:30:01.862088Z] DRIVER_HALTED: driver previously halted
[2026-02-16T00:30:01.916455Z] DRIVER_HALTED: driver previously halted
[2026-02-16T00:30:01.926699Z] DRIVER_HALTED: driver previously halted
[2026-02-16T00:30:01.959005Z] DRIVER_HALTED: driver previously halted
[2026-02-16T00:30:01.973987Z] DRIVER_HALTED: driver previously halted
[2026-02-16T00:30:02.048417Z] DRIVER_HALTED: driver previously halted
[2026-02-16T00:30:02.050670Z] DRIVER_HALTED: driver previously halted
[2026-02-16T00:30:02.053228Z] DRIVER_HALTED: driver previously halted
[2026-02-16T00:30:02.072686Z] DRIVER_HALTED: driver previously halted
[2026-02-16T00:30:02.105502Z] DRIVER_HALTED: driver previously halted
[2026-02-16T00:30:02.295230Z] DRIVER_HALTED: driver previously halted
[2026-02-16T00:30:02.342020Z] DRIVER_HALTED: driver previously halted
[2026-02-16T00:30:02.385574Z] DRIVER_HALTED: driver previously halted
[2026-02-16T00:30:02.389587Z] DRIVER_HALTED: driver previously halted
[2026-02-16T00:30:02.400818Z] DRIVER_HALTED: driver previously halted
[2026-02-16T00:30:02.413588Z] DRIVER_HALTED: driver previously halted
[2026-02-16T00:30:02.479373Z] DRIVER_HALTED too many failures
[2026-02-16T00:30:13.535691Z] DRIVER_HALTED: driver previously halted
[2026-02-16T00:30:15.059623Z] DRIVER_HALTED too many failures
[2026-02-16T00:30:15.166977Z] DRIVER_HALTED: driver previously halted
[2026-02-16T00:30:15.900300Z] DRIVER_HALTED: driver previously halted
[2026-02-16T00:30:16.247878Z] DRIVER_HALTED: driver previously halted
[2026-02-16T00:30:18.656075Z] DRIVER_HALTED too many failures
[2026-02-16T00:30:37.202366Z] DRIVER_HALTED too many failures
[2026-02-16T00:30:37.943001Z] DRIVER_HALTED too many failures
[2026-02-16T00:30:48.791109Z] DRIVER_HALTED too many failures
[2026-02-16T00:40:01.617077Z] DRIVER_HALTED: driver previously halted
[2026-02-16T00:40:01.634136Z] DRIVER_HALTED: driver previously halted
[2026-02-16T00:40:01.641523Z] DRIVER_HALTED: driver previously halted
[2026-02-16T00:40:01.644632Z] DRIVER_HALTED: driver previously halted
[2026-02-16T00:40:01.652472Z] DRIVER_HALTED: driver previously halted
[2026-02-16T00:40:01.687501Z] DRIVER_HALTED: driver previously halted
[2026-02-16T00:40:01.692581Z] DRIVER_HALTED: driver previously halted
[2026-02-16T00:40:01.709047Z] DRIVER_HALTED: driver previously halted
[2026-02-16T00:40:01.709381Z] DRIVER_SKIPPED lock held
[2026-02-16T00:40:01.718245Z] DRIVER_HALTED: driver previously halted
[2026-02-16T00:40:01.726507Z] DRIVER_HALTED: driver previously halted
[2026-02-16T00:40:01.737853Z] DRIVER_HALTED: driver previously halted
[2026-02-16T00:40:01.796689Z] DRIVER_HALTED: driver previously halted
[2026-02-16T00:40:01.803587Z] DRIVER_HALTED: driver previously halted
[2026-02-16T00:40:01.828614Z] DRIVER_HALTED: driver previously halted
[2026-02-16T00:40:01.843607Z] DRIVER_HALTED: driver previously halted
[2026-02-16T00:40:01.852553Z] DRIVER_HALTED: driver previously halted
/home/sparky/.openclaw/workspace/tokenguardian/tg-burnin-driver.py:43: DeprecationWarning: datetime.datetime.utcnow() is deprecated and scheduled for removal in a future version. Use timezone-aware objects to represent datetimes in UTC: datetime.datetime.now(datetime.UTC).
  ts = datetime.utcnow().isoformat() + "Z"
[2026-02-16T00:40:01.853573Z] DRIVER_STARTED interval=600s
[2026-02-16T00:40:01.854060Z] DRIVER_HALTED: driver previously halted
[2026-02-16T00:40:01.863323Z] DRIVER_HALTED: driver previously halted
[2026-02-16T00:40:01.917405Z] DRIVER_HALTED: driver previously halted
[2026-02-16T00:40:01.927561Z] DRIVER_HALTED: driver previously halted
[2026-02-16T00:40:01.960067Z] DRIVER_HALTED: driver previously halted
[2026-02-16T00:40:01.975067Z] DRIVER_HALTED: driver previously halted
[2026-02-16T00:40:02.049631Z] DRIVER_HALTED: driver previously halted
[2026-02-16T00:40:02.051466Z] DRIVER_HALTED: driver previously halted
[2026-02-16T00:40:02.053976Z] DRIVER_HALTED: driver previously halted
[2026-02-16T00:40:02.073831Z] DRIVER_HALTED: driver previously halted
[2026-02-16T00:40:02.106530Z] DRIVER_HALTED: driver previously halted
[2026-02-16T00:40:02.296132Z] DRIVER_HALTED: driver previously halted
[2026-02-16T00:40:02.351132Z] DRIVER_HALTED: driver previously halted
[2026-02-16T00:40:02.386457Z] DRIVER_HALTED: driver previously halted
[2026-02-16T00:40:02.390510Z] DRIVER_HALTED: driver previously halted
[2026-02-16T00:40:02.401938Z] DRIVER_HALTED: driver previously halted
[2026-02-16T00:40:02.414694Z] DRIVER_HALTED: driver previously halted
[2026-02-16T00:40:02.480139Z] DRIVER_HALTED too many failures
[2026-02-16T00:40:13.536646Z] DRIVER_HALTED: driver previously halted
[2026-02-16T00:40:15.060437Z] DRIVER_HALTED too many failures
[2026-02-16T00:40:15.167704Z] DRIVER_HALTED: driver previously halted
[2026-02-16T00:40:15.903090Z] DRIVER_HALTED: driver previously halted
[2026-02-16T00:40:16.248540Z] DRIVER_HALTED: driver previously halted
[2026-02-16T00:40:18.656824Z] DRIVER_HALTED too many failures
[2026-02-16T00:40:37.202977Z] DRIVER_HALTED too many failures
[2026-02-16T00:40:37.943675Z] DRIVER_HALTED too many failures
[2026-02-16T00:40:48.791824Z] DRIVER_HALTED too many failures
[2026-02-16T00:50:01.618024Z] DRIVER_HALTED: driver previously halted
[2026-02-16T00:50:01.635061Z] DRIVER_HALTED: driver previously halted
[2026-02-16T00:50:01.646454Z] DRIVER_HALTED: driver previously halted
[2026-02-16T00:50:01.647198Z] DRIVER_HALTED: driver previously halted
[2026-02-16T00:50:01.654385Z] DRIVER_HALTED: driver previously halted
[2026-02-16T00:50:01.688349Z] DRIVER_HALTED: driver previously halted
[2026-02-16T00:50:01.693486Z] DRIVER_HALTED: driver previously halted
[2026-02-16T00:50:01.710126Z] DRIVER_HALTED: driver previously halted
[2026-02-16T00:50:01.711316Z] DRIVER_HALTED: driver previously halted
[2026-02-16T00:50:01.727670Z] DRIVER_HALTED: driver previously halted
[2026-02-16T00:50:01.734885Z] DRIVER_HALTED: driver previously halted
[2026-02-16T00:50:01.752546Z] DRIVER_HALTED: driver previously halted
[2026-02-16T00:50:01.804058Z] DRIVER_HALTED: driver previously halted
[2026-02-16T00:50:01.829268Z] DRIVER_SKIPPED lock held
[2026-02-16T00:50:01.829548Z] DRIVER_HALTED: driver previously halted
[2026-02-16T00:50:01.844617Z] DRIVER_HALTED: driver previously halted
[2026-02-16T00:50:01.855891Z] DRIVER_SKIPPED lock held
[2026-02-16T00:50:01.864432Z] DRIVER_SKIPPED lock held
[2026-02-16T00:50:01.866232Z] DRIVER_HALTED: driver previously halted
[2026-02-16T00:50:01.918099Z] DRIVER_HALTED: driver previously halted
[2026-02-16T00:50:01.937600Z] DRIVER_HALTED: driver previously halted
/home/sparky/.openclaw/workspace/tokenguardian/tg-burnin-driver.py:43: DeprecationWarning: datetime.datetime.utcnow() is deprecated and scheduled for removal in a future version. Use timezone-aware objects to represent datetimes in UTC: datetime.datetime.now(datetime.UTC).
  ts = datetime.utcnow().isoformat() + "Z"
[2026-02-16T00:50:01.940795Z] DRIVER_STARTED interval=600s
[2026-02-16T00:50:01.941316Z] DRIVER_HALTED: driver previously halted
[2026-02-16T00:50:01.960903Z] DRIVER_HALTED: driver previously halted
[2026-02-16T00:50:01.975946Z] DRIVER_HALTED: driver previously halted
[2026-02-16T00:50:02.050520Z] DRIVER_HALTED: driver previously halted
[2026-02-16T00:50:02.052228Z] DRIVER_HALTED: driver previously halted
[2026-02-16T00:50:02.054797Z] DRIVER_HALTED: driver previously halted
[2026-02-16T00:50:02.074830Z] DRIVER_HALTED: driver previously halted
[2026-02-16T00:50:02.108327Z] DRIVER_HALTED: driver previously halted
[2026-02-16T00:50:02.297133Z] DRIVER_HALTED: driver previously halted
[2026-02-16T00:50:02.352027Z] DRIVER_HALTED: driver previously halted
[2026-02-16T00:50:02.387576Z] DRIVER_HALTED: driver previously halted
[2026-02-16T00:50:02.391613Z] DRIVER_HALTED: driver previously halted
[2026-02-16T00:50:02.404146Z] DRIVER_HALTED: driver previously halted
[2026-02-16T00:50:02.415573Z] DRIVER_HALTED: driver previously halted
[2026-02-16T00:50:02.481251Z] DRIVER_HALTED too many failures
[2026-02-16T00:50:13.537467Z] DRIVER_HALTED: driver previously halted
[2026-02-16T00:50:15.061133Z] DRIVER_HALTED too many failures
[2026-02-16T00:50:15.168378Z] DRIVER_HALTED: driver previously halted
[2026-02-16T00:50:15.904832Z] DRIVER_HALTED: driver previously halted
[2026-02-16T00:50:16.249192Z] DRIVER_HALTED: driver previously halted
[2026-02-16T00:50:18.657499Z] DRIVER_HALTED too many failures
[2026-02-16T00:50:37.203789Z] DRIVER_HALTED too many failures
[2026-02-16T00:50:37.944382Z] DRIVER_HALTED too many failures
[2026-02-16T00:50:48.792552Z] DRIVER_HALTED too many failures
[2026-02-16T01:00:01.619302Z] DRIVER_HALTED: driver previously halted
[2026-02-16T01:00:01.636622Z] DRIVER_HALTED: driver previously halted
[2026-02-16T01:00:01.647474Z] DRIVER_HALTED: driver previously halted
[2026-02-16T01:00:01.648632Z] DRIVER_HALTED: driver previously halted
[2026-02-16T01:00:01.655319Z] DRIVER_HALTED: driver previously halted
[2026-02-16T01:00:01.689275Z] DRIVER_HALTED: driver previously halted
[2026-02-16T01:00:01.694366Z] DRIVER_HALTED: driver previously halted
[2026-02-16T01:00:01.711223Z] DRIVER_HALTED: driver previously halted
[2026-02-16T01:00:01.712197Z] DRIVER_HALTED: driver previously halted
[2026-02-16T01:00:01.728658Z] DRIVER_HALTED: driver previously halted
[2026-02-16T01:00:01.736238Z] DRIVER_HALTED: driver previously halted
[2026-02-16T01:00:01.759622Z] DRIVER_HALTED: driver previously halted
[2026-02-16T01:00:01.806607Z] DRIVER_HALTED: driver previously halted
[2026-02-16T01:00:01.829853Z] DRIVER_HALTED: driver previously halted
[2026-02-16T01:00:01.866510Z] DRIVER_SKIPPED lock held
[2026-02-16T01:00:01.868435Z] DRIVER_SKIPPED lock held
[2026-02-16T01:00:01.870812Z] DRIVER_SKIPPED lock held
[2026-02-16T01:00:01.871056Z] DRIVER_SKIPPED lock held
[2026-02-16T01:00:01.875753Z] DRIVER_HALTED: driver previously halted
/home/sparky/.openclaw/workspace/tokenguardian/tg-burnin-driver.py:43: DeprecationWarning: datetime.datetime.utcnow() is deprecated and scheduled for removal in a future version. Use timezone-aware objects to represent datetimes in UTC: datetime.datetime.now(datetime.UTC).
  ts = datetime.utcnow().isoformat() + "Z"
[2026-02-16T01:00:01.893351Z] DRIVER_STARTED interval=600s
[2026-02-16T01:00:01.893879Z] DRIVER_HALTED: driver previously halted
[2026-02-16T01:00:01.920669Z] DRIVER_HALTED: driver previously halted
[2026-02-16T01:00:01.938562Z] DRIVER_HALTED: driver previously halted
[2026-02-16T01:00:01.943109Z] DRIVER_HALTED: driver previously halted
[2026-02-16T01:00:01.961597Z] DRIVER_HALTED: driver previously halted
[2026-02-16T01:00:01.977562Z] DRIVER_HALTED: driver previously halted
[2026-02-16T01:00:02.054791Z] DRIVER_HALTED: driver previously halted
[2026-02-16T01:00:02.055739Z] DRIVER_HALTED: driver previously halted
[2026-02-16T01:00:02.056565Z] DRIVER_HALTED: driver previously halted
[2026-02-16T01:00:02.075704Z] DRIVER_HALTED: driver previously halted
[2026-02-16T01:00:02.109127Z] DRIVER_HALTED: driver previously halted
[2026-02-16T01:00:02.298539Z] DRIVER_HALTED: driver previously halted
[2026-02-16T01:00:02.353019Z] DRIVER_HALTED: driver previously halted
[2026-02-16T01:00:02.388590Z] DRIVER_HALTED: driver previously halted
[2026-02-16T01:00:02.392302Z] DRIVER_HALTED: driver previously halted
[2026-02-16T01:00:02.405622Z] DRIVER_HALTED: driver previously halted
[2026-02-16T01:00:02.426650Z] DRIVER_HALTED: driver previously halted
[2026-02-16T01:00:02.482227Z] DRIVER_HALTED too many failures
[2026-02-16T01:00:13.538470Z] DRIVER_HALTED: driver previously halted
[2026-02-16T01:00:15.061935Z] DRIVER_HALTED too many failures
[2026-02-16T01:00:15.169217Z] DRIVER_HALTED: driver previously halted
[2026-02-16T01:00:15.906768Z] DRIVER_HALTED: driver previously halted
[2026-02-16T01:00:16.249977Z] DRIVER_HALTED: driver previously halted
[2026-02-16T01:00:18.658414Z] DRIVER_HALTED too many failures
[2026-02-16T01:00:37.204458Z] DRIVER_HALTED too many failures
[2026-02-16T01:00:37.945098Z] DRIVER_HALTED too many failures
[2026-02-16T01:00:48.793147Z] DRIVER_HALTED too many failures
[2026-02-16T01:10:01.620470Z] DRIVER_HALTED: driver previously halted
[2026-02-16T01:10:01.637601Z] DRIVER_HALTED: driver previously halted
[2026-02-16T01:10:01.648758Z] DRIVER_HALTED: driver previously halted
[2026-02-16T01:10:01.650506Z] DRIVER_HALTED: driver previously halted
[2026-02-16T01:10:01.658295Z] DRIVER_HALTED: driver previously halted
[2026-02-16T01:10:01.690531Z] DRIVER_HALTED: driver previously halted
[2026-02-16T01:10:01.695360Z] DRIVER_HALTED: driver previously halted
[2026-02-16T01:10:01.715067Z] DRIVER_HALTED: driver previously halted
[2026-02-16T01:10:01.730129Z] DRIVER_HALTED: driver previously halted
[2026-02-16T01:10:01.731233Z] DRIVER_HALTED: driver previously halted
[2026-02-16T01:10:01.745148Z] DRIVER_HALTED: driver previously halted
[2026-02-16T01:10:01.762961Z] DRIVER_HALTED: driver previously halted
[2026-02-16T01:10:01.807414Z] DRIVER_HALTED: driver previously halted
[2026-02-16T01:10:01.831726Z] DRIVER_HALTED: driver previously halted
[2026-02-16T01:10:01.867036Z] DRIVER_HALTED: driver previously halted
[2026-02-16T01:10:01.885077Z] DRIVER_HALTED: driver previously halted
[2026-02-16T01:10:01.921914Z] DRIVER_HALTED: driver previously halted
[2026-02-16T01:10:01.922357Z] DRIVER_HALTED: driver previously halted
[2026-02-16T01:10:01.922708Z] DRIVER_HALTED: driver previously halted
[2026-02-16T01:10:01.923713Z] DRIVER_HALTED: driver previously halted
[2026-02-16T01:10:01.924519Z] DRIVER_HALTED: driver previously halted
/home/sparky/.openclaw/workspace/tokenguardian/tg-burnin-driver.py:43: DeprecationWarning: datetime.datetime.utcnow() is deprecated and scheduled for removal in a future version. Use timezone-aware objects to represent datetimes in UTC: datetime.datetime.now(datetime.UTC).
  ts = datetime.utcnow().isoformat() + "Z"
[2026-02-16T01:10:01.934596Z] DRIVER_STARTED interval=600s
[2026-02-16T01:10:01.935190Z] DRIVER_HALTED: driver previously halted
[2026-02-16T01:10:01.944715Z] DRIVER_HALTED: driver previously halted
[2026-02-16T01:10:01.945894Z] DRIVER_HALTED: driver previously halted
[2026-02-16T01:10:01.962729Z] DRIVER_HALTED: driver previously halted
[2026-02-16T01:10:01.978417Z] DRIVER_HALTED: driver previously halted
[2026-02-16T01:10:02.055852Z] DRIVER_HALTED: driver previously halted
[2026-02-16T01:10:02.056819Z] DRIVER_HALTED: driver previously halted
[2026-02-16T01:10:02.057863Z] DRIVER_HALTED: driver previously halted
[2026-02-16T01:10:02.076746Z] DRIVER_HALTED: driver previously halted
[2026-02-16T01:10:02.109961Z] DRIVER_HALTED: driver previously halted
[2026-02-16T01:10:02.299475Z] DRIVER_HALTED: driver previously halted
[2026-02-16T01:10:02.362793Z] DRIVER_HALTED: driver previously halted
[2026-02-16T01:10:02.389902Z] DRIVER_HALTED: driver previously halted
[2026-02-16T01:10:02.393135Z] DRIVER_HALTED: driver previously halted
[2026-02-16T01:10:02.406743Z] DRIVER_HALTED: driver previously halted
[2026-02-16T01:10:02.427523Z] DRIVER_HALTED: driver previously halted
[2026-02-16T01:10:02.483005Z] DRIVER_HALTED too many failures
[2026-02-16T01:10:13.539360Z] DRIVER_HALTED: driver previously halted
[2026-02-16T01:10:15.062800Z] DRIVER_HALTED too many failures
[2026-02-16T01:10:15.169949Z] DRIVER_HALTED: driver previously halted
[2026-02-16T01:10:15.917927Z] DRIVER_HALTED: driver previously halted
[2026-02-16T01:10:16.250922Z] DRIVER_HALTED: driver previously halted
[2026-02-16T01:10:18.659409Z] DRIVER_HALTED too many failures
[2026-02-16T01:10:37.205124Z] DRIVER_HALTED too many failures
[2026-02-16T01:10:37.945784Z] DRIVER_HALTED too many failures
[2026-02-16T01:10:48.793781Z] DRIVER_HALTED too many failures
[2026-02-16T01:20:01.621642Z] DRIVER_HALTED: driver previously halted
[2026-02-16T01:20:01.638953Z] DRIVER_HALTED: driver previously halted
[2026-02-16T01:20:01.649869Z] DRIVER_HALTED: driver previously halted
[2026-02-16T01:20:01.651352Z] DRIVER_HALTED: driver previously halted
[2026-02-16T01:20:01.659390Z] DRIVER_HALTED: driver previously halted
[2026-02-16T01:20:01.691916Z] DRIVER_HALTED: driver previously halted
[2026-02-16T01:20:01.696366Z] DRIVER_HALTED: driver previously halted
[2026-02-16T01:20:01.716598Z] DRIVER_HALTED: driver previously halted
[2026-02-16T01:20:01.731033Z] DRIVER_HALTED: driver previously halted
[2026-02-16T01:20:01.733054Z] DRIVER_HALTED: driver previously halted
[2026-02-16T01:20:01.745973Z] DRIVER_HALTED: driver previously halted
[2026-02-16T01:20:01.764036Z] DRIVER_HALTED: driver previously halted
[2026-02-16T01:20:01.810553Z] DRIVER_HALTED: driver previously halted
[2026-02-16T01:20:01.833467Z] DRIVER_HALTED: driver previously halted
[2026-02-16T01:20:01.867965Z] DRIVER_HALTED: driver previously halted
[2026-02-16T01:20:01.886035Z] DRIVER_HALTED: driver previously halted
/home/sparky/.openclaw/workspace/tokenguardian/tg-burnin-driver.py:43: DeprecationWarning: datetime.datetime.utcnow() is deprecated and scheduled for removal in a future version. Use timezone-aware objects to represent datetimes in UTC: datetime.datetime.now(datetime.UTC).
  ts = datetime.utcnow().isoformat() + "Z"
[2026-02-16T01:20:01.891606Z] DRIVER_STARTED interval=600s
[2026-02-16T01:20:01.892094Z] DRIVER_HALTED: driver previously halted
[2026-02-16T01:20:01.922668Z] DRIVER_HALTED: driver previously halted
[2026-02-16T01:20:01.923002Z] DRIVER_HALTED: driver previously halted
[2026-02-16T01:20:01.923809Z] DRIVER_HALTED: driver previously halted
[2026-02-16T01:20:01.924704Z] DRIVER_HALTED: driver previously halted
[2026-02-16T01:20:01.925705Z] DRIVER_HALTED: driver previously halted
[2026-02-16T01:20:01.936053Z] DRIVER_HALTED: driver previously halted
[2026-02-16T01:20:01.946208Z] DRIVER_HALTED: driver previously halted
[2026-02-16T01:20:01.947099Z] DRIVER_HALTED: driver previously halted
[2026-02-16T01:20:01.963743Z] DRIVER_HALTED: driver previously halted
[2026-02-16T01:20:01.979252Z] DRIVER_HALTED: driver previously halted
[2026-02-16T01:20:02.056717Z] DRIVER_HALTED: driver previously halted
[2026-02-16T01:20:02.057953Z] DRIVER_HALTED: driver previously halted
[2026-02-16T01:20:02.058911Z] DRIVER_HALTED: driver previously halted
[2026-02-16T01:20:02.078046Z] DRIVER_HALTED: driver previously halted
[2026-02-16T01:20:02.111080Z] DRIVER_HALTED: driver previously halted
[2026-02-16T01:20:02.300660Z] DRIVER_HALTED: driver previously halted
[2026-02-16T01:20:02.363946Z] DRIVER_HALTED: driver previously halted
[2026-02-16T01:20:02.391238Z] DRIVER_HALTED: driver previously halted
[2026-02-16T01:20:02.394402Z] DRIVER_HALTED: driver previously halted
[2026-02-16T01:20:02.407986Z] DRIVER_HALTED: driver previously halted
[2026-02-16T01:20:02.428575Z] DRIVER_HALTED: driver previously halted
[2026-02-16T01:20:02.484022Z] DRIVER_HALTED too many failures
[2026-02-16T01:20:13.540066Z] DRIVER_HALTED: driver previously halted
[2026-02-16T01:20:15.063498Z] DRIVER_HALTED too many failures
[2026-02-16T01:20:15.170846Z] DRIVER_HALTED: driver previously halted
[2026-02-16T01:20:15.918658Z] DRIVER_HALTED: driver previously halted
[2026-02-16T01:20:16.251722Z] DRIVER_HALTED: driver previously halted
[2026-02-16T01:20:18.660276Z] DRIVER_HALTED too many failures
[2026-02-16T01:20:37.205723Z] DRIVER_HALTED too many failures
[2026-02-16T01:20:37.946540Z] DRIVER_HALTED too many failures
[2026-02-16T01:20:48.794450Z] DRIVER_HALTED too many failures
[2026-02-16T01:30:01.622705Z] DRIVER_HALTED: driver previously halted
[2026-02-16T01:30:01.640055Z] DRIVER_HALTED: driver previously halted
[2026-02-16T01:30:01.650715Z] DRIVER_HALTED: driver previously halted
[2026-02-16T01:30:01.662417Z] DRIVER_HALTED: driver previously halted
[2026-02-16T01:30:01.663940Z] DRIVER_HALTED: driver previously halted
[2026-02-16T01:30:01.692734Z] DRIVER_HALTED: driver previously halted
[2026-02-16T01:30:01.697351Z] DRIVER_HALTED: driver previously halted
[2026-02-16T01:30:01.730375Z] DRIVER_HALTED: driver previously halted
[2026-02-16T01:30:01.731820Z] DRIVER_HALTED: driver previously halted
[2026-02-16T01:30:01.734537Z] DRIVER_HALTED: driver previously halted
[2026-02-16T01:30:01.747602Z] DRIVER_HALTED: driver previously halted
[2026-02-16T01:30:01.774569Z] DRIVER_HALTED: driver previously halted
[2026-02-16T01:30:01.811730Z] DRIVER_HALTED: driver previously halted
[2026-02-16T01:30:01.840522Z] DRIVER_HALTED: driver previously halted
[2026-02-16T01:30:01.870111Z] DRIVER_HALTED: driver previously halted
/home/sparky/.openclaw/workspace/tokenguardian/tg-burnin-driver.py:43: DeprecationWarning: datetime.datetime.utcnow() is deprecated and scheduled for removal in a future version. Use timezone-aware objects to represent datetimes in UTC: datetime.datetime.now(datetime.UTC).
  ts = datetime.utcnow().isoformat() + "Z"
[2026-02-16T01:30:01.884956Z] DRIVER_STARTED interval=600s
[2026-02-16T01:30:01.885471Z] DRIVER_HALTED: driver previously halted
[2026-02-16T01:30:01.886782Z] DRIVER_HALTED: driver previously halted
[2026-02-16T01:30:01.894565Z] DRIVER_HALTED: driver previously halted
[2026-02-16T01:30:01.924495Z] DRIVER_HALTED: driver previously halted
[2026-02-16T01:30:01.951460Z] DRIVER_HALTED: driver previously halted
[2026-02-16T01:30:01.952820Z] DRIVER_HALTED: driver previously halted
[2026-02-16T01:30:01.954445Z] DRIVER_HALTED: driver previously halted
[2026-02-16T01:30:01.976771Z] DRIVER_HALTED: driver previously halted
[2026-02-16T01:30:01.977781Z] DRIVER_HALTED: driver previously halted
[2026-02-16T01:30:01.979547Z] DRIVER_SKIPPED lock held
[2026-02-16T01:30:01.978145Z] DRIVER_HALTED: driver previously halted
[2026-02-16T01:30:01.983462Z] DRIVER_HALTED: driver previously halted
[2026-02-16T01:30:01.984372Z] DRIVER_HALTED: driver previously halted
[2026-02-16T01:30:02.059420Z] DRIVER_SKIPPED lock held
[2026-02-16T01:30:02.059770Z] DRIVER_SKIPPED lock held
[2026-02-16T01:30:02.059074Z] DRIVER_HALTED: driver previously halted
[2026-02-16T01:30:02.082566Z] DRIVER_HALTED: driver previously halted
[2026-02-16T01:30:02.112594Z] DRIVER_HALTED: driver previously halted
[2026-02-16T01:30:02.301960Z] DRIVER_HALTED: driver previously halted
[2026-02-16T01:30:02.366632Z] DRIVER_HALTED: driver previously halted
[2026-02-16T01:30:02.392967Z] DRIVER_HALTED: driver previously halted
[2026-02-16T01:30:02.395666Z] DRIVER_HALTED: driver previously halted
[2026-02-16T01:30:02.410141Z] DRIVER_HALTED: driver previously halted
[2026-02-16T01:30:02.429653Z] DRIVER_HALTED: driver previously halted
[2026-02-16T01:30:02.486963Z] DRIVER_HALTED too many failures
[2026-02-16T01:30:13.540824Z] DRIVER_HALTED: driver previously halted
[2026-02-16T01:30:15.064067Z] DRIVER_HALTED too many failures
[2026-02-16T01:30:15.171696Z] DRIVER_HALTED: driver previously halted
[2026-02-16T01:30:15.919405Z] DRIVER_HALTED: driver previously halted
[2026-02-16T01:30:16.252614Z] DRIVER_HALTED: driver previously halted
[2026-02-16T01:30:18.660877Z] DRIVER_HALTED too many failures
[2026-02-16T01:30:37.206365Z] DRIVER_HALTED too many failures
[2026-02-16T01:30:37.947225Z] DRIVER_HALTED too many failures
[2026-02-16T01:30:48.795080Z] DRIVER_HALTED too many failures
[2026-02-16T01:40:01.623635Z] DRIVER_HALTED: driver previously halted
[2026-02-16T01:40:01.641237Z] DRIVER_HALTED: driver previously halted
[2026-02-16T01:40:01.651742Z] DRIVER_HALTED: driver previously halted
[2026-02-16T01:40:01.663560Z] DRIVER_HALTED: driver previously halted
[2026-02-16T01:40:01.664991Z] DRIVER_HALTED: driver previously halted
[2026-02-16T01:40:01.699930Z] DRIVER_HALTED: driver previously halted
[2026-02-16T01:40:01.700981Z] DRIVER_HALTED: driver previously halted
[2026-02-16T01:40:01.733621Z] DRIVER_HALTED: driver previously halted
[2026-02-16T01:40:01.737788Z] DRIVER_HALTED: driver previously halted
[2026-02-16T01:40:01.739572Z] DRIVER_HALTED: driver previously halted
[2026-02-16T01:40:01.749276Z] DRIVER_HALTED: driver previously halted
[2026-02-16T01:40:01.776439Z] DRIVER_HALTED: driver previously halted
[2026-02-16T01:40:01.814310Z] DRIVER_HALTED: driver previously halted
[2026-02-16T01:40:01.853952Z] DRIVER_HALTED: driver previously halted
/home/sparky/.openclaw/workspace/tokenguardian/tg-burnin-driver.py:43: DeprecationWarning: datetime.datetime.utcnow() is deprecated and scheduled for removal in a future version. Use timezone-aware objects to represent datetimes in UTC: datetime.datetime.now(datetime.UTC).
  ts = datetime.utcnow().isoformat() + "Z"
[2026-02-16T01:40:01.866251Z] DRIVER_STARTED interval=600s
[2026-02-16T01:40:01.866813Z] DRIVER_HALTED: driver previously halted
[2026-02-16T01:40:01.881870Z] DRIVER_HALTED: driver previously halted
[2026-02-16T01:40:01.889886Z] DRIVER_HALTED: driver previously halted
[2026-02-16T01:40:01.891765Z] DRIVER_HALTED: driver previously halted
[2026-02-16T01:40:01.897820Z] DRIVER_HALTED: driver previously halted
[2026-02-16T01:40:01.951927Z] DRIVER_HALTED: driver previously halted
[2026-02-16T01:40:01.953380Z] DRIVER_HALTED: driver previously halted
[2026-02-16T01:40:01.963692Z] DRIVER_HALTED: driver previously halted
[2026-02-16T01:40:01.964922Z] DRIVER_HALTED: driver previously halted
[2026-02-16T01:40:01.977668Z] DRIVER_HALTED: driver previously halted
[2026-02-16T01:40:01.978870Z] DRIVER_HALTED: driver previously halted
[2026-02-16T01:40:01.980054Z] DRIVER_HALTED: driver previously halted
[2026-02-16T01:40:01.984035Z] DRIVER_HALTED: driver previously halted
[2026-02-16T01:40:01.985888Z] DRIVER_HALTED: driver previously halted
[2026-02-16T01:40:01.986421Z] DRIVER_HALTED: driver previously halted
[2026-02-16T01:40:02.060643Z] DRIVER_SKIPPED lock held
[2026-02-16T01:40:02.060873Z] DRIVER_SKIPPED lock held
[2026-02-16T01:40:02.061330Z] DRIVER_HALTED: driver previously halted
[2026-02-16T01:40:02.083502Z] DRIVER_HALTED: driver previously halted
[2026-02-16T01:40:02.113660Z] DRIVER_HALTED: driver previously halted
[2026-02-16T01:40:02.302958Z] DRIVER_HALTED: driver previously halted
[2026-02-16T01:40:02.367649Z] DRIVER_HALTED: driver previously halted
[2026-02-16T01:40:02.393841Z] DRIVER_HALTED: driver previously halted
[2026-02-16T01:40:02.396501Z] DRIVER_HALTED: driver previously halted
[2026-02-16T01:40:02.414985Z] DRIVER_HALTED: driver previously halted
[2026-02-16T01:40:02.430676Z] DRIVER_HALTED: driver previously halted
[2026-02-16T01:40:02.487910Z] DRIVER_HALTED too many failures
[2026-02-16T01:40:13.541676Z] DRIVER_HALTED: driver previously halted
[2026-02-16T01:40:15.064819Z] DRIVER_HALTED too many failures
[2026-02-16T01:40:15.172434Z] DRIVER_HALTED: driver previously halted
[2026-02-16T01:40:15.921876Z] DRIVER_HALTED: driver previously halted
[2026-02-16T01:40:16.253562Z] DRIVER_HALTED: driver previously halted
[2026-02-16T01:40:18.661573Z] DRIVER_HALTED too many failures
[2026-02-16T01:40:37.206959Z] DRIVER_HALTED too many failures
[2026-02-16T01:40:37.947831Z] DRIVER_HALTED too many failures
[2026-02-16T01:40:48.795773Z] DRIVER_HALTED too many failures
[2026-02-16T01:50:01.629028Z] DRIVER_HALTED: driver previously halted
[2026-02-16T01:50:01.642149Z] DRIVER_HALTED: driver previously halted
[2026-02-16T01:50:01.652571Z] DRIVER_HALTED: driver previously halted
[2026-02-16T01:50:01.665436Z] DRIVER_HALTED: driver previously halted
[2026-02-16T01:50:01.666698Z] DRIVER_HALTED: driver previously halted
[2026-02-16T01:50:01.700991Z] DRIVER_HALTED: driver previously halted
[2026-02-16T01:50:01.705019Z] DRIVER_HALTED: driver previously halted
[2026-02-16T01:50:01.734716Z] DRIVER_HALTED: driver previously halted
[2026-02-16T01:50:01.740451Z] DRIVER_SKIPPED lock held
[2026-02-16T01:50:01.741020Z] DRIVER_HALTED: driver previously halted
[2026-02-16T01:50:01.750290Z] DRIVER_HALTED: driver previously halted
[2026-02-16T01:50:01.777667Z] DRIVER_HALTED: driver previously halted
[2026-02-16T01:50:01.815325Z] DRIVER_HALTED: driver previously halted
[2026-02-16T01:50:01.855093Z] DRIVER_HALTED: driver previously halted
/home/sparky/.openclaw/workspace/tokenguardian/tg-burnin-driver.py:43: DeprecationWarning: datetime.datetime.utcnow() is deprecated and scheduled for removal in a future version. Use timezone-aware objects to represent datetimes in UTC: datetime.datetime.now(datetime.UTC).
  ts = datetime.utcnow().isoformat() + "Z"
[2026-02-16T01:50:01.863483Z] DRIVER_STARTED interval=600s
[2026-02-16T01:50:01.877922Z] DRIVER_HALTED: driver previously halted
[2026-02-16T01:50:01.878940Z] DRIVER_HALTED: driver previously halted
[2026-02-16T01:50:01.883345Z] DRIVER_HALTED: driver previously halted
[2026-02-16T01:50:01.890874Z] DRIVER_HALTED: driver previously halted
[2026-02-16T01:50:01.892559Z] DRIVER_HALTED: driver previously halted
[2026-02-16T01:50:01.899304Z] DRIVER_HALTED: driver previously halted
[2026-02-16T01:50:01.953022Z] DRIVER_HALTED: driver previously halted
[2026-02-16T01:50:01.963651Z] DRIVER_HALTED: driver previously halted
[2026-02-16T01:50:01.964793Z] DRIVER_HALTED: driver previously halted
[2026-02-16T01:50:01.965762Z] DRIVER_HALTED: driver previously halted
[2026-02-16T01:50:01.978693Z] DRIVER_HALTED: driver previously halted
[2026-02-16T01:50:01.979728Z] DRIVER_HALTED: driver previously halted
[2026-02-16T01:50:01.980813Z] DRIVER_HALTED: driver previously halted
[2026-02-16T01:50:01.985094Z] DRIVER_HALTED: driver previously halted
[2026-02-16T01:50:01.986585Z] DRIVER_HALTED: driver previously halted
[2026-02-16T01:50:01.987556Z] DRIVER_HALTED: driver previously halted
[2026-02-16T01:50:02.061415Z] DRIVER_HALTED: driver previously halted
[2026-02-16T01:50:02.067608Z] DRIVER_HALTED: driver previously halted
[2026-02-16T01:50:02.067912Z] DRIVER_SKIPPED lock held
[2026-02-16T01:50:02.084511Z] DRIVER_HALTED: driver previously halted
[2026-02-16T01:50:02.114775Z] DRIVER_HALTED: driver previously halted
[2026-02-16T01:50:02.304027Z] DRIVER_HALTED: driver previously halted
[2026-02-16T01:50:02.368630Z] DRIVER_HALTED: driver previously halted
[2026-02-16T01:50:02.394915Z] DRIVER_HALTED: driver previously halted
[2026-02-16T01:50:02.397526Z] DRIVER_HALTED: driver previously halted
[2026-02-16T01:50:02.417592Z] DRIVER_HALTED: driver previously halted
[2026-02-16T01:50:02.431710Z] DRIVER_HALTED: driver previously halted
[2026-02-16T01:50:02.488826Z] DRIVER_HALTED too many failures
[2026-02-16T01:50:13.542425Z] DRIVER_HALTED: driver previously halted
[2026-02-16T01:50:15.065492Z] DRIVER_HALTED too many failures
[2026-02-16T01:50:15.173218Z] DRIVER_HALTED: driver previously halted
[2026-02-16T01:50:15.923456Z] DRIVER_HALTED: driver previously halted
[2026-02-16T01:50:16.254336Z] DRIVER_HALTED: driver previously halted
[2026-02-16T01:50:18.662450Z] DRIVER_HALTED too many failures
[2026-02-16T01:50:37.207607Z] DRIVER_HALTED too many failures
[2026-02-16T01:50:37.948437Z] DRIVER_HALTED too many failures
[2026-02-16T01:50:48.796524Z] DRIVER_HALTED too many failures
[2026-02-16T02:00:01.629842Z] DRIVER_HALTED: driver previously halted
[2026-02-16T02:00:01.643055Z] DRIVER_HALTED: driver previously halted
[2026-02-16T02:00:01.654039Z] DRIVER_HALTED: driver previously halted
[2026-02-16T02:00:01.666338Z] DRIVER_HALTED: driver previously halted
[2026-02-16T02:00:01.667562Z] DRIVER_HALTED: driver previously halted
[2026-02-16T02:00:01.702380Z] DRIVER_HALTED: driver previously halted
[2026-02-16T02:00:01.706454Z] DRIVER_HALTED: driver previously halted
[2026-02-16T02:00:01.738592Z] DRIVER_HALTED: driver previously halted
[2026-02-16T02:00:01.742486Z] DRIVER_HALTED: driver previously halted
[2026-02-16T02:00:01.743670Z] DRIVER_HALTED: driver previously halted
[2026-02-16T02:00:01.761773Z] DRIVER_HALTED: driver previously halted
[2026-02-16T02:00:01.780662Z] DRIVER_HALTED: driver previously halted
[2026-02-16T02:00:01.817583Z] DRIVER_HALTED: driver previously halted
[2026-02-16T02:00:01.857631Z] DRIVER_HALTED: driver previously halted
[2026-02-16T02:00:01.879595Z] DRIVER_HALTED: driver previously halted
[2026-02-16T02:00:01.897537Z] DRIVER_SKIPPED lock held
[2026-02-16T02:00:01.897104Z] DRIVER_HALTED: driver previously halted
[2026-02-16T02:00:01.899626Z] DRIVER_HALTED: driver previously halted
[2026-02-16T02:00:01.912357Z] DRIVER_HALTED: driver previously halted
[2026-02-16T02:00:01.913145Z] DRIVER_SKIPPED lock held
/home/sparky/.openclaw/workspace/tokenguardian/tg-burnin-driver.py:43: DeprecationWarning: datetime.datetime.utcnow() is deprecated and scheduled for removal in a future version. Use timezone-aware objects to represent datetimes in UTC: datetime.datetime.now(datetime.UTC).
  ts = datetime.utcnow().isoformat() + "Z"
[2026-02-16T02:00:01.946848Z] DRIVER_STARTED interval=600s
[2026-02-16T02:00:01.947430Z] DRIVER_HALTED: driver previously halted
[2026-02-16T02:00:01.954941Z] DRIVER_HALTED: driver previously halted
[2026-02-16T02:00:01.964582Z] DRIVER_HALTED: driver previously halted
[2026-02-16T02:00:01.965640Z] DRIVER_HALTED: driver previously halted
[2026-02-16T02:00:01.966473Z] DRIVER_HALTED: driver previously halted
[2026-02-16T02:00:01.981481Z] DRIVER_HALTED: driver previously halted
[2026-02-16T02:00:01.981942Z] DRIVER_HALTED: driver previously halted
[2026-02-16T02:00:01.982906Z] DRIVER_HALTED: driver previously halted
[2026-02-16T02:00:01.986627Z] DRIVER_HALTED: driver previously halted
[2026-02-16T02:00:01.987670Z] DRIVER_HALTED: driver previously halted
[2026-02-16T02:00:01.988723Z] DRIVER_HALTED: driver previously halted
[2026-02-16T02:00:02.062077Z] DRIVER_HALTED: driver previously halted
[2026-02-16T02:00:02.068255Z] DRIVER_HALTED: driver previously halted
[2026-02-16T02:00:02.069272Z] DRIVER_HALTED: driver previously halted
[2026-02-16T02:00:02.086922Z] DRIVER_HALTED: driver previously halted
[2026-02-16T02:00:02.115586Z] DRIVER_HALTED: driver previously halted
[2026-02-16T02:00:02.305074Z] DRIVER_HALTED: driver previously halted
[2026-02-16T02:00:02.369621Z] DRIVER_HALTED: driver previously halted
[2026-02-16T02:00:02.397591Z] DRIVER_HALTED: driver previously halted
[2026-02-16T02:00:02.401905Z] DRIVER_HALTED: driver previously halted
[2026-02-16T02:00:02.422701Z] DRIVER_HALTED: driver previously halted
[2026-02-16T02:00:02.434628Z] DRIVER_HALTED: driver previously halted
[2026-02-16T02:00:02.489638Z] DRIVER_HALTED too many failures
[2026-02-16T02:00:13.543274Z] DRIVER_HALTED: driver previously halted
[2026-02-16T02:00:15.071456Z] DRIVER_HALTED too many failures
[2026-02-16T02:00:15.174028Z] DRIVER_HALTED: driver previously halted
[2026-02-16T02:00:15.924382Z] DRIVER_HALTED: driver previously halted
[2026-02-16T02:00:16.255096Z] DRIVER_HALTED: driver previously halted
[2026-02-16T02:00:18.663114Z] DRIVER_HALTED too many failures
[2026-02-16T02:00:37.208335Z] DRIVER_HALTED too many failures
[2026-02-16T02:00:37.949084Z] DRIVER_HALTED too many failures
[2026-02-16T02:00:48.797266Z] DRIVER_HALTED too many failures
[2026-02-16T02:10:01.630694Z] DRIVER_HALTED: driver previously halted
[2026-02-16T02:10:01.643970Z] DRIVER_HALTED: driver previously halted
[2026-02-16T02:10:01.655074Z] DRIVER_HALTED: driver previously halted
[2026-02-16T02:10:01.667401Z] DRIVER_HALTED: driver previously halted
[2026-02-16T02:10:01.669740Z] DRIVER_HALTED: driver previously halted
[2026-02-16T02:10:01.703449Z] DRIVER_HALTED: driver previously halted
[2026-02-16T02:10:01.707696Z] DRIVER_HALTED: driver previously halted
[2026-02-16T02:10:01.741234Z] DRIVER_HALTED: driver previously halted
[2026-02-16T02:10:01.743412Z] DRIVER_HALTED: driver previously halted
[2026-02-16T02:10:01.744562Z] DRIVER_HALTED: driver previously halted
[2026-02-16T02:10:01.762765Z] DRIVER_HALTED: driver previously halted
[2026-02-16T02:10:01.781712Z] DRIVER_HALTED: driver previously halted
[2026-02-16T02:10:01.868521Z] DRIVER_HALTED: driver previously halted
[2026-02-16T02:10:01.869508Z] DRIVER_HALTED: driver previously halted
[2026-02-16T02:10:01.896187Z] DRIVER_HALTED: driver previously halted
[2026-02-16T02:10:01.899325Z] DRIVER_HALTED: driver previously halted
[2026-02-16T02:10:01.905033Z] DRIVER_SKIPPED lock held
[2026-02-16T02:10:01.908563Z] DRIVER_HALTED: driver previously halted
[2026-02-16T02:10:01.916654Z] DRIVER_SKIPPED lock held
[2026-02-16T02:10:01.920509Z] DRIVER_HALTED: driver previously halted
[2026-02-16T02:10:01.955332Z] DRIVER_HALTED: driver previously halted
[2026-02-16T02:10:01.956645Z] DRIVER_HALTED: driver previously halted
[2026-02-16T02:10:01.966205Z] DRIVER_HALTED: driver previously halted
[2026-02-16T02:10:01.969602Z] DRIVER_HALTED: driver previously halted
[2026-02-16T02:10:01.972493Z] DRIVER_HALTED: driver previously halted
[2026-02-16T02:10:01.982940Z] DRIVER_HALTED: driver previously halted
[2026-02-16T02:10:01.984431Z] DRIVER_HALTED: driver previously halted
[2026-02-16T02:10:01.987422Z] DRIVER_SKIPPED lock held
[2026-02-16T02:10:01.987632Z] DRIVER_HALTED: driver previously halted
[2026-02-16T02:10:01.988494Z] DRIVER_HALTED: driver previously halted
[2026-02-16T02:10:01.997027Z] DRIVER_HALTED: driver previously halted
[2026-02-16T02:10:02.062768Z] DRIVER_HALTED: driver previously halted
/home/sparky/.openclaw/workspace/tokenguardian/tg-burnin-driver.py:43: DeprecationWarning: datetime.datetime.utcnow() is deprecated and scheduled for removal in a future version. Use timezone-aware objects to represent datetimes in UTC: datetime.datetime.now(datetime.UTC).
  ts = datetime.utcnow().isoformat() + "Z"
[2026-02-16T02:10:02.090201Z] DRIVER_STARTED interval=600s
[2026-02-16T02:10:02.090685Z] DRIVER_HALTED: driver previously halted
[2026-02-16T02:10:02.101577Z] DRIVER_HALTED: driver previously halted
[2026-02-16T02:10:02.102822Z] DRIVER_HALTED: driver previously halted
[2026-02-16T02:10:02.103713Z] DRIVER_HALTED: driver previously halted
[2026-02-16T02:10:02.123047Z] DRIVER_HALTED: driver previously halted
[2026-02-16T02:10:02.305943Z] DRIVER_HALTED: driver previously halted
[2026-02-16T02:10:02.370619Z] DRIVER_HALTED: driver previously halted
[2026-02-16T02:10:02.398420Z] DRIVER_HALTED: driver previously halted
[2026-02-16T02:10:02.402717Z] DRIVER_HALTED: driver previously halted
[2026-02-16T02:10:02.425912Z] DRIVER_HALTED: driver previously halted
[2026-02-16T02:10:02.435567Z] DRIVER_HALTED: driver previously halted
[2026-02-16T02:10:02.490521Z] DRIVER_HALTED too many failures
[2026-02-16T02:10:13.545013Z] DRIVER_HALTED: driver previously halted
[2026-02-16T02:10:15.072072Z] DRIVER_HALTED too many failures
[2026-02-16T02:10:15.174908Z] DRIVER_HALTED: driver previously halted
[2026-02-16T02:10:15.925126Z] DRIVER_HALTED: driver previously halted
[2026-02-16T02:10:16.255932Z] DRIVER_HALTED: driver previously halted
[2026-02-16T02:10:18.663986Z] DRIVER_HALTED too many failures
[2026-02-16T02:10:37.209004Z] DRIVER_HALTED too many failures
[2026-02-16T02:10:37.949766Z] DRIVER_HALTED too many failures
[2026-02-16T02:10:48.797938Z] DRIVER_HALTED too many failures
[2026-02-16T02:20:01.631593Z] DRIVER_HALTED: driver previously halted
[2026-02-16T02:20:01.644919Z] DRIVER_HALTED: driver previously halted
[2026-02-16T02:20:01.655931Z] DRIVER_HALTED: driver previously halted
[2026-02-16T02:20:01.668301Z] DRIVER_HALTED: driver previously halted
[2026-02-16T02:20:01.670506Z] DRIVER_HALTED: driver previously halted
[2026-02-16T02:20:01.704257Z] DRIVER_HALTED: driver previously halted
[2026-02-16T02:20:01.708757Z] DRIVER_HALTED: driver previously halted
[2026-02-16T02:20:01.742005Z] DRIVER_HALTED: driver previously halted
[2026-02-16T02:20:01.744130Z] DRIVER_HALTED: driver previously halted
[2026-02-16T02:20:01.745491Z] DRIVER_HALTED: driver previously halted
[2026-02-16T02:20:01.763642Z] DRIVER_HALTED: driver previously halted
[2026-02-16T02:20:01.782555Z] DRIVER_HALTED: driver previously halted
[2026-02-16T02:20:01.873769Z] DRIVER_HALTED: driver previously halted
[2026-02-16T02:20:01.874779Z] DRIVER_HALTED: driver previously halted
[2026-02-16T02:20:01.897956Z] DRIVER_HALTED: driver previously halted
[2026-02-16T02:20:01.910444Z] DRIVER_HALTED: driver previously halted
[2026-02-16T02:20:01.915543Z] DRIVER_HALTED: driver previously halted
[2026-02-16T02:20:01.917667Z] DRIVER_HALTED: driver previously halted
[2026-02-16T02:20:01.923012Z] DRIVER_HALTED: driver previously halted
[2026-02-16T02:20:01.924040Z] DRIVER_HALTED: driver previously halted
[2026-02-16T02:20:01.956365Z] DRIVER_HALTED: driver previously halted
[2026-02-16T02:20:01.958283Z] DRIVER_HALTED: driver previously halted
[2026-02-16T02:20:01.968773Z] DRIVER_HALTED: driver previously halted
[2026-02-16T02:20:01.975078Z] DRIVER_HALTED: driver previously halted
[2026-02-16T02:20:01.976220Z] DRIVER_HALTED: driver previously halted
[2026-02-16T02:20:01.984716Z] DRIVER_HALTED: driver previously halted
[2026-02-16T02:20:01.987537Z] DRIVER_HALTED: driver previously halted
[2026-02-16T02:20:01.988510Z] DRIVER_HALTED: driver previously halted
[2026-02-16T02:20:01.988629Z] DRIVER_SKIPPED lock held
[2026-02-16T02:20:01.989364Z] DRIVER_HALTED: driver previously halted
[2026-02-16T02:20:01.998420Z] DRIVER_HALTED: driver previously halted
/home/sparky/.openclaw/workspace/tokenguardian/tg-burnin-driver.py:43: DeprecationWarning: datetime.datetime.utcnow() is deprecated and scheduled for removal in a future version. Use timezone-aware objects to represent datetimes in UTC: datetime.datetime.now(datetime.UTC).
  ts = datetime.utcnow().isoformat() + "Z"
[2026-02-16T02:20:02.037643Z] DRIVER_STARTED interval=600s
[2026-02-16T02:20:02.038147Z] DRIVER_HALTED: driver previously halted
[2026-02-16T02:20:02.063867Z] DRIVER_HALTED: driver previously halted
[2026-02-16T02:20:02.101545Z] DRIVER_HALTED: driver previously halted
[2026-02-16T02:20:02.106336Z] DRIVER_HALTED: driver previously halted
[2026-02-16T02:20:02.107330Z] DRIVER_HALTED: driver previously halted
[2026-02-16T02:20:02.108132Z] DRIVER_HALTED: driver previously halted
[2026-02-16T02:20:02.124331Z] DRIVER_HALTED: driver previously halted
[2026-02-16T02:20:02.307044Z] DRIVER_HALTED: driver previously halted
[2026-02-16T02:20:02.371652Z] DRIVER_HALTED: driver previously halted
[2026-02-16T02:20:02.400409Z] DRIVER_HALTED: driver previously halted
[2026-02-16T02:20:02.403634Z] DRIVER_HALTED: driver previously halted
[2026-02-16T02:20:02.427476Z] DRIVER_HALTED: driver previously halted
[2026-02-16T02:20:02.437472Z] DRIVER_HALTED: driver previously halted
[2026-02-16T02:20:02.491566Z] DRIVER_HALTED too many failures
[2026-02-16T02:20:13.545898Z] DRIVER_HALTED: driver previously halted
[2026-02-16T02:20:15.072762Z] DRIVER_HALTED too many failures
[2026-02-16T02:20:15.175614Z] DRIVER_HALTED: driver previously halted
[2026-02-16T02:20:15.925847Z] DRIVER_HALTED: driver previously halted
[2026-02-16T02:20:16.256634Z] DRIVER_HALTED: driver previously halted
[2026-02-16T02:20:18.664807Z] DRIVER_HALTED too many failures
[2026-02-16T02:20:37.209613Z] DRIVER_HALTED too many failures
[2026-02-16T02:20:37.950414Z] DRIVER_HALTED too many failures
[2026-02-16T02:20:48.798705Z] DRIVER_HALTED too many failures
[2026-02-16T02:30:01.632514Z] DRIVER_HALTED: driver previously halted
[2026-02-16T02:30:01.645732Z] DRIVER_HALTED: driver previously halted
[2026-02-16T02:30:01.657598Z] DRIVER_HALTED: driver previously halted
[2026-02-16T02:30:01.669454Z] DRIVER_HALTED: driver previously halted
[2026-02-16T02:30:01.673015Z] DRIVER_HALTED: driver previously halted
[2026-02-16T02:30:01.705059Z] DRIVER_HALTED: driver previously halted
[2026-02-16T02:30:01.709601Z] DRIVER_HALTED: driver previously halted
[2026-02-16T02:30:01.742838Z] DRIVER_HALTED: driver previously halted
[2026-02-16T02:30:01.744912Z] DRIVER_HALTED: driver previously halted
[2026-02-16T02:30:01.746116Z] DRIVER_HALTED: driver previously halted
[2026-02-16T02:30:01.764520Z] DRIVER_HALTED: driver previously halted
[2026-02-16T02:30:01.783624Z] DRIVER_HALTED: driver previously halted
[2026-02-16T02:30:01.876449Z] DRIVER_HALTED: driver previously halted
[2026-02-16T02:30:01.885934Z] DRIVER_HALTED: driver previously halted
[2026-02-16T02:30:01.913752Z] DRIVER_SKIPPED lock held
[2026-02-16T02:30:01.914706Z] DRIVER_HALTED: driver previously halted
[2026-02-16T02:30:01.931645Z] DRIVER_HALTED: driver previously halted
[2026-02-16T02:30:01.932844Z] DRIVER_HALTED: driver previously halted
[2026-02-16T02:30:01.935569Z] DRIVER_HALTED: driver previously halted
[2026-02-16T02:30:01.936512Z] DRIVER_HALTED: driver previously halted
[2026-02-16T02:30:01.958700Z] DRIVER_HALTED: driver previously halted
[2026-02-16T02:30:01.959590Z] DRIVER_HALTED: driver previously halted
[2026-02-16T02:30:01.969516Z] DRIVER_HALTED: driver previously halted
[2026-02-16T02:30:01.976129Z] DRIVER_HALTED: driver previously halted
[2026-02-16T02:30:01.979502Z] DRIVER_HALTED: driver previously halted
[2026-02-16T02:30:02.033586Z] DRIVER_HALTED: driver previously halted
[2026-02-16T02:30:02.045580Z] DRIVER_HALTED: driver previously halted
[2026-02-16T02:30:02.045668Z] DRIVER_SKIPPED lock held
[2026-02-16T02:30:02.046402Z] DRIVER_SKIPPED lock held
[2026-02-16T02:30:02.046496Z] DRIVER_HALTED: driver previously halted
[2026-02-16T02:30:02.046988Z] DRIVER_HALTED: driver previously halted
[2026-02-16T02:30:02.047062Z] DRIVER_SKIPPED lock held
[2026-02-16T02:30:02.076289Z] DRIVER_HALTED: driver previously halted
[2026-02-16T02:30:02.102378Z] DRIVER_HALTED: driver previously halted
[2026-02-16T02:30:02.108958Z] DRIVER_HALTED: driver previously halted
[2026-02-16T02:30:02.110462Z] DRIVER_HALTED: driver previously halted
[2026-02-16T02:30:02.110874Z] DRIVER_HALTED: driver previously halted
[2026-02-16T02:30:02.125581Z] DRIVER_HALTED: driver previously halted
/home/sparky/.openclaw/workspace/tokenguardian/tg-burnin-driver.py:43: DeprecationWarning: datetime.datetime.utcnow() is deprecated and scheduled for removal in a future version. Use timezone-aware objects to represent datetimes in UTC: datetime.datetime.now(datetime.UTC).
  ts = datetime.utcnow().isoformat() + "Z"
[2026-02-16T02:30:02.127678Z] DRIVER_STARTED interval=600s
[2026-02-16T02:30:02.128533Z] DRIVER_HALTED: driver previously halted
[2026-02-16T02:30:02.317916Z] DRIVER_HALTED: driver previously halted
[2026-02-16T02:30:02.372694Z] DRIVER_HALTED: driver previously halted
[2026-02-16T02:30:02.401469Z] DRIVER_HALTED: driver previously halted
[2026-02-16T02:30:02.405641Z] DRIVER_HALTED: driver previously halted
[2026-02-16T02:30:02.446264Z] DRIVER_HALTED: driver previously halted
[2026-02-16T02:30:02.509736Z] DRIVER_HALTED: driver previously halted
[2026-02-16T02:30:02.517228Z] DRIVER_HALTED too many failures
[2026-02-16T02:30:13.546656Z] DRIVER_HALTED: driver previously halted
[2026-02-16T02:30:15.073555Z] DRIVER_HALTED too many failures
[2026-02-16T02:30:15.176425Z] DRIVER_HALTED: driver previously halted
[2026-02-16T02:30:15.926548Z] DRIVER_HALTED: driver previously halted
[2026-02-16T02:30:16.257463Z] DRIVER_HALTED: driver previously halted
[2026-02-16T02:30:18.665629Z] DRIVER_HALTED too many failures
[2026-02-16T02:30:37.210223Z] DRIVER_HALTED too many failures
[2026-02-16T02:30:37.951034Z] DRIVER_HALTED too many failures
[2026-02-16T02:30:48.799496Z] DRIVER_HALTED too many failures
/home/sparky/.openclaw/workspace/tokenguardian/tg-burnin-driver.py:43: DeprecationWarning: datetime.datetime.utcnow() is deprecated and scheduled for removal in a future version. Use timezone-aware objects to represent datetimes in UTC: datetime.datetime.now(datetime.UTC).
  ts = datetime.utcnow().isoformat() + "Z"
[2026-02-16T02:40:01.085587Z] DRIVER_STARTED interval=600s
[2026-02-16T02:40:01.085924Z] DRIVER_HALTED: driver previously halted
[2026-02-16T02:40:01.633750Z] DRIVER_HALTED: driver previously halted
[2026-02-16T02:40:01.647010Z] DRIVER_HALTED: driver previously halted
[2026-02-16T02:40:01.658798Z] DRIVER_HALTED: driver previously halted
[2026-02-16T02:40:01.670623Z] DRIVER_HALTED: driver previously halted
[2026-02-16T02:40:01.674039Z] DRIVER_HALTED: driver previously halted
[2026-02-16T02:40:01.706283Z] DRIVER_HALTED: driver previously halted
[2026-02-16T02:40:01.710559Z] DRIVER_HALTED: driver previously halted
[2026-02-16T02:40:01.744030Z] DRIVER_HALTED: driver previously halted
[2026-02-16T02:40:01.745824Z] DRIVER_HALTED: driver previously halted
[2026-02-16T02:40:01.746940Z] DRIVER_HALTED: driver previously halted
[2026-02-16T02:40:01.765753Z] DRIVER_HALTED: driver previously halted
[2026-02-16T02:40:01.784628Z] DRIVER_HALTED: driver previously halted
[2026-02-16T02:40:01.877401Z] DRIVER_HALTED: driver previously halted
[2026-02-16T02:40:01.886724Z] DRIVER_HALTED: driver previously halted
[2026-02-16T02:40:01.914482Z] DRIVER_HALTED: driver previously halted
[2026-02-16T02:40:01.915553Z] DRIVER_HALTED: driver previously halted
[2026-02-16T02:40:01.932990Z] DRIVER_HALTED: driver previously halted
[2026-02-16T02:40:01.936864Z] DRIVER_HALTED: driver previously halted
[2026-02-16T02:40:01.938107Z] DRIVER_HALTED: driver previously halted
[2026-02-16T02:40:01.941471Z] DRIVER_HALTED: driver previously halted
[2026-02-16T02:40:01.959856Z] DRIVER_HALTED: driver previously halted
[2026-02-16T02:40:01.962426Z] DRIVER_HALTED: driver previously halted
[2026-02-16T02:40:01.970357Z] DRIVER_HALTED: driver previously halted
[2026-02-16T02:40:01.977404Z] DRIVER_HALTED: driver previously halted
[2026-02-16T02:40:01.980627Z] DRIVER_HALTED: driver previously halted
[2026-02-16T02:40:02.034689Z] DRIVER_HALTED: driver previously halted
[2026-02-16T02:40:02.046737Z] DRIVER_SKIPPED lock held
[2026-02-16T02:40:02.046496Z] DRIVER_HALTED: driver previously halted
[2026-02-16T02:40:02.047322Z] DRIVER_HALTED: driver previously halted
[2026-02-16T02:40:02.047577Z] DRIVER_SKIPPED lock held
[2026-02-16T02:40:02.047790Z] DRIVER_SKIPPED lock held
[2026-02-16T02:40:02.048387Z] DRIVER_HALTED: driver previously halted
[2026-02-16T02:40:02.076997Z] DRIVER_HALTED: driver previously halted
[2026-02-16T02:40:02.103494Z] DRIVER_HALTED: driver previously halted
[2026-02-16T02:40:02.109885Z] DRIVER_HALTED: driver previously halted
[2026-02-16T02:40:02.111089Z] DRIVER_HALTED: driver previously halted
[2026-02-16T02:40:02.112025Z] DRIVER_HALTED: driver previously halted
[2026-02-16T02:40:02.126891Z] DRIVER_HALTED: driver previously halted
[2026-02-16T02:40:02.129332Z] DRIVER_HALTED: driver previously halted
[2026-02-16T02:40:02.319326Z] DRIVER_HALTED: driver previously halted
[2026-02-16T02:40:02.373586Z] DRIVER_HALTED: driver previously halted
[2026-02-16T02:40:02.403302Z] DRIVER_HALTED: driver previously halted
[2026-02-16T02:40:02.409551Z] DRIVER_HALTED: driver previously halted
[2026-02-16T02:40:02.447282Z] DRIVER_HALTED: driver previously halted
[2026-02-16T02:40:02.510722Z] DRIVER_HALTED: driver previously halted
[2026-02-16T02:40:02.521600Z] DRIVER_HALTED too many failures
[2026-02-16T02:40:13.547500Z] DRIVER_HALTED: driver previously halted
[2026-02-16T02:40:15.074345Z] DRIVER_HALTED too many failures
[2026-02-16T02:40:15.177260Z] DRIVER_HALTED: driver previously halted
[2026-02-16T02:40:15.927264Z] DRIVER_HALTED: driver previously halted
[2026-02-16T02:40:16.258091Z] DRIVER_HALTED: driver previously halted
[2026-02-16T02:40:18.666260Z] DRIVER_HALTED too many failures
[2026-02-16T02:40:37.210891Z] DRIVER_HALTED too many failures
[2026-02-16T02:40:37.951769Z] DRIVER_HALTED too many failures
[2026-02-16T02:40:48.800230Z] DRIVER_HALTED too many failures
[2026-02-16T02:50:01.086581Z] DRIVER_HALTED: driver previously halted
/home/sparky/.openclaw/workspace/tokenguardian/tg-burnin-driver.py:43: DeprecationWarning: datetime.datetime.utcnow() is deprecated and scheduled for removal in a future version. Use timezone-aware objects to represent datetimes in UTC: datetime.datetime.now(datetime.UTC).
  ts = datetime.utcnow().isoformat() + "Z"
[2026-02-16T02:50:01.091012Z] DRIVER_STARTED interval=600s
[2026-02-16T02:50:01.091479Z] DRIVER_HALTED: driver previously halted
[2026-02-16T02:50:01.634568Z] DRIVER_HALTED: driver previously halted
[2026-02-16T02:50:01.648289Z] DRIVER_HALTED: driver previously halted
[2026-02-16T02:50:01.659606Z] DRIVER_HALTED: driver previously halted
[2026-02-16T02:50:01.671479Z] DRIVER_HALTED: driver previously halted
[2026-02-16T02:50:01.675212Z] DRIVER_HALTED: driver previously halted
[2026-02-16T02:50:01.707126Z] DRIVER_HALTED: driver previously halted
[2026-02-16T02:50:01.711398Z] DRIVER_HALTED: driver previously halted
[2026-02-16T02:50:01.744929Z] DRIVER_HALTED: driver previously halted
[2026-02-16T02:50:01.746569Z] DRIVER_HALTED: driver previously halted
[2026-02-16T02:50:01.747562Z] DRIVER_HALTED: driver previously halted
[2026-02-16T02:50:01.768782Z] DRIVER_HALTED: driver previously halted
[2026-02-16T02:50:01.785681Z] DRIVER_HALTED: driver previously halted
[2026-02-16T02:50:01.878387Z] DRIVER_HALTED: driver previously halted
[2026-02-16T02:50:01.887670Z] DRIVER_HALTED: driver previously halted
[2026-02-16T02:50:01.915327Z] DRIVER_HALTED: driver previously halted
[2026-02-16T02:50:01.917424Z] DRIVER_HALTED: driver previously halted
[2026-02-16T02:50:01.936949Z] DRIVER_HALTED: driver previously halted
[2026-02-16T02:50:01.943459Z] DRIVER_HALTED: driver previously halted
[2026-02-16T02:50:01.944676Z] DRIVER_HALTED: driver previously halted
[2026-02-16T02:50:01.955223Z] DRIVER_HALTED: driver previously halted
[2026-02-16T02:50:01.966002Z] DRIVER_HALTED: driver previously halted
[2026-02-16T02:50:01.968243Z] DRIVER_HALTED: driver previously halted
[2026-02-16T02:50:01.971313Z] DRIVER_HALTED: driver previously halted
[2026-02-16T02:50:01.979267Z] DRIVER_HALTED: driver previously halted
[2026-02-16T02:50:01.982362Z] DRIVER_HALTED: driver previously halted
[2026-02-16T02:50:02.035601Z] DRIVER_HALTED: driver previously halted
[2026-02-16T02:50:02.047562Z] DRIVER_HALTED: driver previously halted
[2026-02-16T02:50:02.048082Z] DRIVER_HALTED: driver previously halted
[2026-02-16T02:50:02.050070Z] DRIVER_HALTED: driver previously halted
[2026-02-16T02:50:02.050966Z] DRIVER_SKIPPED lock held
[2026-02-16T02:50:02.051290Z] DRIVER_SKIPPED lock held
[2026-02-16T02:50:02.051707Z] DRIVER_HALTED: driver previously halted
[2026-02-16T02:50:02.078116Z] DRIVER_HALTED: driver previously halted
[2026-02-16T02:50:02.104627Z] DRIVER_HALTED: driver previously halted
[2026-02-16T02:50:02.110910Z] DRIVER_HALTED: driver previously halted
[2026-02-16T02:50:02.112115Z] DRIVER_HALTED: driver previously halted
[2026-02-16T02:50:02.113085Z] DRIVER_HALTED: driver previously halted
[2026-02-16T02:50:02.128041Z] DRIVER_HALTED: driver previously halted
[2026-02-16T02:50:02.130579Z] DRIVER_HALTED: driver previously halted
[2026-02-16T02:50:02.320425Z] DRIVER_HALTED: driver previously halted
[2026-02-16T02:50:02.374623Z] DRIVER_HALTED: driver previously halted
[2026-02-16T02:50:02.404712Z] DRIVER_HALTED: driver previously halted
[2026-02-16T02:50:02.410667Z] DRIVER_HALTED: driver previously halted
[2026-02-16T02:50:02.448504Z] DRIVER_HALTED: driver previously halted
[2026-02-16T02:50:02.511715Z] DRIVER_HALTED: driver previously halted
[2026-02-16T02:50:02.524367Z] DRIVER_HALTED too many failures
[2026-02-16T02:50:13.548458Z] DRIVER_HALTED: driver previously halted
[2026-02-16T02:50:15.075007Z] DRIVER_HALTED too many failures
[2026-02-16T02:50:15.178040Z] DRIVER_HALTED: driver previously halted
[2026-02-16T02:50:15.927907Z] DRIVER_HALTED: driver previously halted
[2026-02-16T02:50:16.258837Z] DRIVER_HALTED: driver previously halted
[2026-02-16T02:50:18.666858Z] DRIVER_HALTED too many failures
[2026-02-16T02:50:37.211609Z] DRIVER_HALTED too many failures
[2026-02-16T02:50:37.952433Z] DRIVER_HALTED too many failures
[2026-02-16T02:50:48.801033Z] DRIVER_HALTED too many failures
[2026-02-16T03:00:01.088440Z] DRIVER_HALTED: driver previously halted
[2026-02-16T03:00:01.093425Z] DRIVER_HALTED: driver previously halted
/home/sparky/.openclaw/workspace/tokenguardian/tg-burnin-driver.py:43: DeprecationWarning: datetime.datetime.utcnow() is deprecated and scheduled for removal in a future version. Use timezone-aware objects to represent datetimes in UTC: datetime.datetime.now(datetime.UTC).
  ts = datetime.utcnow().isoformat() + "Z"
[2026-02-16T03:00:01.100972Z] DRIVER_STARTED interval=600s
[2026-02-16T03:00:01.101306Z] DRIVER_HALTED: driver previously halted
[2026-02-16T03:00:01.635365Z] DRIVER_HALTED: driver previously halted
[2026-02-16T03:00:01.649254Z] DRIVER_HALTED: driver previously halted
[2026-02-16T03:00:01.673262Z] DRIVER_HALTED: driver previously halted
[2026-02-16T03:00:01.674309Z] DRIVER_HALTED: driver previously halted
[2026-02-16T03:00:01.676497Z] DRIVER_HALTED: driver previously halted
[2026-02-16T03:00:01.708079Z] DRIVER_HALTED: driver previously halted
[2026-02-16T03:00:01.737965Z] DRIVER_HALTED: driver previously halted
[2026-02-16T03:00:01.745872Z] DRIVER_HALTED: driver previously halted
[2026-02-16T03:00:01.747375Z] DRIVER_HALTED: driver previously halted
[2026-02-16T03:00:01.748598Z] DRIVER_HALTED: driver previously halted
[2026-02-16T03:00:01.769776Z] DRIVER_HALTED: driver previously halted
[2026-02-16T03:00:01.786737Z] DRIVER_HALTED: driver previously halted
[2026-02-16T03:00:01.895094Z] DRIVER_HALTED: driver previously halted
[2026-02-16T03:00:01.897244Z] DRIVER_HALTED: driver previously halted
[2026-02-16T03:00:01.916641Z] DRIVER_HALTED: driver previously halted
[2026-02-16T03:00:01.919502Z] DRIVER_HALTED: driver previously halted
[2026-02-16T03:00:01.943313Z] DRIVER_HALTED: driver previously halted
[2026-02-16T03:00:01.944638Z] DRIVER_HALTED: driver previously halted
[2026-02-16T03:00:01.945649Z] DRIVER_HALTED: driver previously halted
[2026-02-16T03:00:01.969296Z] DRIVER_HALTED: driver previously halted
[2026-02-16T03:00:01.970461Z] DRIVER_HALTED: driver previously halted
[2026-02-16T03:00:01.971445Z] DRIVER_HALTED: driver previously halted
[2026-02-16T03:00:01.972299Z] DRIVER_HALTED: driver previously halted
[2026-02-16T03:00:01.980715Z] DRIVER_HALTED: driver previously halted
[2026-02-16T03:00:01.983773Z] DRIVER_HALTED: driver previously halted
[2026-02-16T03:00:02.037677Z] DRIVER_HALTED: driver previously halted
[2026-02-16T03:00:02.050274Z] DRIVER_HALTED: driver previously halted
[2026-02-16T03:00:02.051489Z] DRIVER_HALTED: driver previously halted
[2026-02-16T03:00:02.052082Z] DRIVER_HALTED: driver previously halted
[2026-02-16T03:00:02.053521Z] DRIVER_HALTED: driver previously halted
[2026-02-16T03:00:02.054471Z] DRIVER_HALTED: driver previously halted
[2026-02-16T03:00:02.055621Z] DRIVER_HALTED: driver previously halted
[2026-02-16T03:00:02.079707Z] DRIVER_HALTED: driver previously halted
[2026-02-16T03:00:02.106311Z] DRIVER_HALTED: driver previously halted
[2026-02-16T03:00:02.115572Z] DRIVER_HALTED: driver previously halted
[2026-02-16T03:00:02.129412Z] DRIVER_HALTED: driver previously halted
[2026-02-16T03:00:02.130776Z] DRIVER_HALTED: driver previously halted
[2026-02-16T03:00:02.131754Z] DRIVER_HALTED: driver previously halted
[2026-02-16T03:00:02.132566Z] DRIVER_HALTED: driver previously halted
[2026-02-16T03:00:02.321579Z] DRIVER_HALTED: driver previously halted
[2026-02-16T03:00:02.375607Z] DRIVER_HALTED: driver previously halted
[2026-02-16T03:00:02.405721Z] DRIVER_HALTED: driver previously halted
[2026-02-16T03:00:02.411641Z] DRIVER_HALTED: driver previously halted
[2026-02-16T03:00:02.449540Z] DRIVER_HALTED: driver previously halted
[2026-02-16T03:00:02.525544Z] DRIVER_HALTED: driver previously halted
[2026-02-16T03:00:02.527316Z] DRIVER_HALTED too many failures
[2026-02-16T03:00:13.549389Z] DRIVER_HALTED: driver previously halted
[2026-02-16T03:00:15.075748Z] DRIVER_HALTED too many failures
[2026-02-16T03:00:15.178923Z] DRIVER_HALTED: driver previously halted
[2026-02-16T03:00:15.929497Z] DRIVER_HALTED: driver previously halted
[2026-02-16T03:00:16.260236Z] DRIVER_HALTED: driver previously halted
[2026-02-16T03:00:18.667830Z] DRIVER_HALTED too many failures
[2026-02-16T03:00:37.212365Z] DRIVER_HALTED too many failures
[2026-02-16T03:00:37.953044Z] DRIVER_HALTED too many failures
[2026-02-16T03:00:48.801853Z] DRIVER_HALTED too many failures
/home/sparky/.openclaw/workspace/tokenguardian/tg-burnin-driver.py:43: DeprecationWarning: datetime.datetime.utcnow() is deprecated and scheduled for removal in a future version. Use timezone-aware objects to represent datetimes in UTC: datetime.datetime.now(datetime.UTC).
  ts = datetime.utcnow().isoformat() + "Z"
[2026-02-16T03:10:01.252791Z] DRIVER_STARTED interval=600s
[2026-02-16T03:10:01.253260Z] DRIVER_HALTED: driver previously halted
